Scheme,Category,Type,Benchmark,Net_Asset_Value(Rs.),CAGR% 6 Months,CAGR% 1 Year,CAGR% 3 Year,Min. Invest(Rs.),Exp. Ratio(%),SIP Min. Inv.(Rs.)
Kotak Corporate Bond Fund(M-IDCW), Debt - Corporate Bond Fund, Open ended, CRISIL Corporate Bond Index,1035.21,5.05,3.69,5.29,5000.0,0.67,1000.0
Kotak Corporate Bond Fund(G), Debt - Corporate Bond Fund, Open ended, CRISIL Corporate Bond Index,3133.58,5.05,3.69,5.32,5000.0,0.67,1000.0
Aditya Birla SL Liquid Fund(DD-IDCW), Debt - Liquid Fund, Open ended, NIFTY 500 - TRI,100.2,5.21,4.1,4.45,1000.0,0.34,1030.463038180341
Aditya Birla SL Liquid Fund(G), Debt - Liquid Fund, Open ended, NIFTY 500 - TRI,356.66,5.21,4.17,5.28,1000.0,0.34,1000.0
Aditya Birla SL Liquid Fund(W-IDCW), Debt - Liquid Fund, Open ended, NIFTY 500 - TRI,100.34,5.1,4.08,4.43,1000.0,0.34,1030.463038180341
Aditya Birla SL Money Manager Fund(W-IDCW), Debt - Money Market Fund, Open ended, Nifty Money Market Index,100.18,6.15,5.19,5.01,1000.0,0.33,1000.0
Aditya Birla SL Money Manager Fund(DD-IDCW), Debt - Money Market Fund, Open ended, Nifty Money Market Index,100.02,6.16,5.18,4.99,1000.0,0.33,1000.0
Aditya Birla SL Money Manager Fund(G), Debt - Money Market Fund, Open ended, Nifty Money Market Index,309.99,6.15,5.18,5.08,1000.0,0.33,1000.0
Aditya Birla SL Corp Bond Fund(G), Debt - Corporate Bond Fund, Open ended, NIFTY Corporate Bond Index,93.46,5.76,4.27,6.25,1000.0,0.47,1000.0
Aditya Birla SL Corp Bond Fund(M-IDCW), Debt - Corporate Bond Fund, Open ended, NIFTY Corporate Bond Index,12.23,5.76,4.27,6.15,1000.0,0.47,1000.0
Aditya Birla SL Savings Fund-Reg(DD-IDCW), Debt - Ultra Short Duration Fund, Open ended, NIFTY Ultra Short Duration Debt Index,100.0,5.96,5.02,5.08,1000.0,0.52,1000.0
Aditya Birla SL Savings Fund-Reg(G), Debt - Ultra Short Duration Fund, Open ended, NIFTY Ultra Short Duration Debt Index,460.06,5.96,5.04,5.16,1000.0,0.52,1000.0
Aditya Birla SL Savings Fund-Reg(W-IDCW), Debt - Ultra Short Duration Fund, Open ended, NIFTY Ultra Short Duration Debt Index,100.42,5.77,4.94,5.04,1000.0,0.52,1000.0
Canara Rob Emerg Equities Fund-Reg(G), Equity - Large & Mid Cap Fund, Open ended, NIFTY LargeMidcap 250 - TRI,160.64,-0.28,15.38,11.05,5000.0,1.71,1000.0
Canara Rob Emerg Equities Fund-Reg(IDCW), Equity - Large & Mid Cap Fund, Open ended, NIFTY LargeMidcap 250 - TRI,60.67,-0.31,15.37,10.74,5000.0,1.71,1000.0
DSP Savings Fund-Reg(G), Debt - Money Market Fund, Open ended, CRISIL Money Market Index,44.45,5.82,4.37,4.48,1000.0,0.51,1000.0
DSP Savings Fund-Reg(M-IDCW Reinv), Debt - Money Market Fund, Open ended, CRISIL Money Market Index,10.84,5.82,4.37,4.43,1000.0,1.3712016129032258,1030.463038180341
DSP Liquidity Fund-Reg(G), Debt - Liquid Fund, Open ended, NIFTY 500 - TRI,3161.39,5.2,4.13,5.21,1000.0,0.27,1000.0
DSP Liquidity Fund-Reg(W-IDCW), Debt - Liquid Fund, Open ended, NIFTY 500 - TRI,1000.9,5.2,4.05,4.39,1000.0,0.27,1000.0
DSP Midcap Fund-Reg(IDCW), Equity - Mid Cap Fund, Open ended, Nifty Midcap 150 - TRI,22.75,-2.6,11.27,8.16,1000.0,1.76,1000.0
DSP Midcap Fund-Reg(G), Equity - Mid Cap Fund, Open ended, Nifty Midcap 150 - TRI,85.55,-2.62,11.75,8.73,1000.0,1.76,1000.0
PGIM India Emerging Markets Equity Fund(G), FoFs (Overseas), Open ended, MSCI EMU Index,11.89,-24.34,-7.16,-2.9,5000.0,2.38,1030.463038180341
Franklin India Focused Equity Fund(IDCW), Equity - Focused Fund, Open ended, NIFTY 500 - TRI,29.95,5.81,18.42,11.54,5000.0,1.87,1000.0
Franklin India Focused Equity Fund(G), Equity - Focused Fund, Open ended, NIFTY 500 - TRI,70.25,5.81,18.42,11.97,5000.0,1.87,1000.0
Franklin India Prima Fund(IDCW), Equity - Mid Cap Fund, Open ended, Nifty Midcap 150 - TRI,65.99,4.61,14.89,8.65,5000.0,1.89,1000.0
Franklin India Prima Fund(G), Equity - Mid Cap Fund, Open ended, Nifty Midcap 150 - TRI,1515.19,4.61,14.89,8.87,5000.0,1.89,1000.0
IDFC Cash Fund-Reg(DD-IDCW), Debt - Liquid Fund, Open ended, Nifty Liquid Fund Index,1001.08,5.21,4.04,4.34,1000.0,0.25,1000.0
IDFC Cash Fund-Reg(G), Debt - Liquid Fund, Open ended, Nifty Liquid Fund Index,2677.77,5.18,4.08,5.13,1000.0,0.25,1000.0
IDFC Cash Fund-Reg(M-IDCW), Debt - Liquid Fund, Open ended, Nifty Liquid Fund Index,1003.32,5.18,4.0,4.32,1000.0,0.25,1000.0
IDFC Cash Fund-Reg(W-IDCW), Debt - Liquid Fund, Open ended, Nifty Liquid Fund Index,1002.09,5.18,4.02,4.33,1000.0,0.25,1000.0
IDFC Money Manager Fund-Reg(DD-IDCW), Debt - Money Market Fund, Open ended, Nifty Money Market Index,10.1,5.33,4.36,3.93,1000.0,0.93,1000.0
IDFC Money Manager Fund-Reg(G), Debt - Money Market Fund, Open ended, Nifty Money Market Index,34.17,5.29,4.37,3.99,1000.0,0.93,1000.0
IDFC Money Manager Fund-Reg(M-IDCW), Debt - Money Market Fund, Open ended, Nifty Money Market Index,10.28,5.3,4.37,3.92,1000.0,0.93,1000.0
IDFC Money Manager Fund-Reg(W-IDCW), Debt - Money Market Fund, Open ended, Nifty Money Market Index,10.13,5.3,4.37,3.95,1000.0,0.93,1000.0
IDFC Bond Fund - Short Term Plan-Reg(FN-IDCW), Debt - Short Duration Fund, Open ended, Nifty Short Duration Debt Index,10.43,4.36,2.86,4.75,1000.0,0.77,1000.0
IDFC Bond Fund - Short Term Plan-Reg(G), Debt - Short Duration Fund, Open ended, Nifty Short Duration Debt Index,47.7,4.42,2.89,4.86,1000.0,0.77,1000.0
IDFC Bond Fund - Short Term Plan-Reg(M-IDCW), Debt - Short Duration Fund, Open ended, Nifty Short Duration Debt Index,10.38,4.42,2.89,4.74,1000.0,0.77,1000.0
HDFC Money Market Fund(DD-IDCW Reinv), Debt - Money Market Fund, Open ended, Nifty Money Market Index,1063.64,6.0,5.06,4.94,1000.0,1.3712016129032258,1030.463038180341
HDFC Money Market Fund(G), Debt - Money Market Fund, Open ended, Nifty Money Market Index,4798.55,6.04,5.08,5.03,1000.0,0.41,1000.0
HDFC Money Market Fund(W-IDCW), Debt - Money Market Fund, Open ended, Nifty Money Market Index,1063.59,6.07,5.08,4.99,1000.0,1.3712016129032258,1030.463038180341
HDFC Flexi Cap Fund(IDCW), Equity - Flexi Cap Fund, Open ended, NIFTY 500 - TRI,61.37,14.07,19.68,11.78,1000.0,1.77,1000.0
HDFC Flexi Cap Fund(G), Equity - Flexi Cap Fund, Open ended, NIFTY 500 - TRI,1152.57,13.99,20.31,12.39,1000.0,1.77,1000.0
HDFC Index Fund-NIFTY 50 Plan(G), Index Funds - Nifty, Open ended, NIFTY 50 - TRI,167.62,4.63,14.8,12.11,1000.0,0.4,1000.0
HDFC Index Fund-S&P BSE Sensex(G), Index Funds - Sensex, Open ended, S&P BSE SENSEX - TRI,555.47,6.32,14.8,13.02,1000.0,0.4,1030.463038180341
HDFC Liquid Fund(DD-IDCW), Debt - Liquid Fund, Open ended, NIFTY 500 - TRI,1019.82,5.12,4.0,4.33,10000.0,0.3,1030.463038180341
HDFC Liquid Fund(G), Debt - Liquid Fund, Open ended, NIFTY 500 - TRI,4347.42,5.15,4.08,5.15,1000.0,0.3,1000.0
HDFC Liquid Fund(M-IDCW), Debt - Liquid Fund, Open ended, NIFTY 500 - TRI,1029.38,5.15,4.04,4.36,5000.0,0.3,1030.463038180341
HDFC Liquid Fund(W-IDCW), Debt - Liquid Fund, Open ended, NIFTY 500 - TRI,1031.55,5.15,4.01,4.35,5000.0,0.3,1030.463038180341
Canara Rob Liquid Fund-Reg(W-IDCW), Debt - Liquid Fund, Open ended, NIFTY 500 - TRI,1000.17,5.25,3.88,4.26,5000.0,0.18,1000.0
ICICI Pru Balanced Advantage Fund(IDCW), Hybrid - Balanced Advantage, Open ended, CRISIL Hybrid 50+50 - Moderate Index,16.52,7.0,11.42,9.52,1000.0,1.56,1000.0
ICICI Pru Balanced Advantage Fund(G), Hybrid - Balanced Advantage, Open ended, CRISIL Hybrid 50+50 - Moderate Index,53.02,7.05,11.28,9.72,1000.0,1.56,1000.0
ICICI Pru Value Discovery Fund(IDCW), Equity - Value Fund, Open ended, NIFTY 500 - TRI,33.12,10.08,25.12,13.49,1000.0,1.74,1000.0
ICICI Pru Value Discovery Fund(G), Equity - Value Fund, Open ended, NIFTY 500 - TRI,281.36,10.1,25.48,13.97,1000.0,1.74,1000.0
ICICI Pru Savings Fund(G), Debt - Low Duration Fund, Open ended, CRISIL Low Duration Debt Index,452.95,7.08,4.89,5.43,1000.0,0.49,1000.0
ICICI Pru Savings Fund(W-IDCW), Debt - Low Duration Fund, Open ended, CRISIL Low Duration Debt Index,105.55,7.08,4.89,5.4,1000.0,0.49,1000.0
ICICI Pru Savings Fund(DD-IDCW), Debt - Low Duration Fund, Open ended, CRISIL Low Duration Debt Index,105.74,7.04,4.87,5.39,1000.0,0.49,1000.0
ICICI Pru Nifty 50 Index Fund(G), Index Funds - Nifty, Open ended, NIFTY 50 - TRI,177.86,4.6,14.78,11.89,1000.0,0.35,1000.0
ICICI Pru Liquid Fund(DD-IDCW), Debt - Liquid Fund, Open ended, NIFTY 500 - TRI,100.15,5.14,4.06,4.4,1000.0,0.29,1000.0
ICICI Pru Liquid Fund(G), Debt - Liquid Fund, Open ended, NIFTY 500 - TRI,327.87,5.14,4.14,5.23,1000.0,0.29,1000.0
ICICI Pru Liquid Fund(W-IDCW), Debt - Liquid Fund, Open ended, NIFTY 500 - TRI,100.21,5.14,4.06,4.41,1000.0,0.29,1000.0
ICICI Pru Money Market Fund(DD-IDCW), Debt - Money Market Fund, Open ended, CRISIL Money Market Index,100.13,6.08,5.1,4.82,1000.0,0.31,1000.0
ICICI Pru Money Market Fund(G), Debt - Money Market Fund, Open ended, CRISIL Money Market Index,318.04,6.09,5.1,4.9,1000.0,0.31,1000.0
ICICI Pru Money Market Fund(W-IDCW), Debt - Money Market Fund, Open ended, CRISIL Money Market Index,100.74,6.09,5.1,4.82,1000.0,0.31,1000.0
Kotak Equity Hybrid Fund(IDCW), Hybrid - Aggressive Hybrid Fund, Open ended, NIFTY 50 Hybrid Composite Debt 65:35 Index,24.56,5.18,15.21,10.92,5000.0,1.98,1000.0
Kotak Emerging Equity Fund(IDCW), Equity - Mid Cap Fund, Open ended, Nifty Midcap 150 - TRI,42.07,7.66,20.37,13.33,1000.0,1.69,1000.0
Kotak Emerging Equity Fund(G), Equity - Mid Cap Fund, Open ended, Nifty Midcap 150 - TRI,76.6,7.66,20.37,13.58,1000.0,1.69,1000.0
Kotak Equity Arbitrage Fund(M-IDCW), Hybrid - Arbitrage Fund, Open ended, Nifty 50 Arbitrage,10.76,4.84,4.26,4.75,5000.0,1.01,1000.0
Kotak Equity Arbitrage Fund(G), Hybrid - Arbitrage Fund, Open ended, Nifty 50 Arbitrage,31.56,4.84,4.31,5.04,5000.0,1.01,1000.0
Kotak Money Market Fund(G), Debt - Money Market Fund, Open ended, Nifty Money Market Index,3767.74,6.05,5.2,4.74,5000.0,1.3712016129032258,1030.463038180341
Kotak Liquid Fund-Reg(DD-IDCW), Debt - Liquid Fund, Open ended, Nifty Liquid Fund Index,1222.81,5.12,4.01,4.36,1000.0,0.32,1030.463038180341
Kotak Liquid Fund-Reg(G), Debt - Liquid Fund, Open ended, Nifty Liquid Fund Index,4479.47,5.12,4.08,5.17,1000.0,0.32,1030.463038180341
Kotak Small Cap Fund(IDCW), Equity - Small cap Fund, Open ended, Nifty Smallcap 250 - TRI,70.81,0.4,25.61,14.7,1000.0,1.87,1000.0
Kotak Small Cap Fund(G), Equity - Small cap Fund, Open ended, Nifty Smallcap 250 - TRI,162.32,0.39,26.02,15.01,1000.0,1.87,1000.0
Kotak Equity Opp Fund(IDCW), Equity - Large & Mid Cap Fund, Open ended, NIFTY LargeMidcap 250 - TRI,36.43,7.24,15.83,11.93,1000.0,1.77,1000.0
Kotak Equity Opp Fund(G), Equity - Large & Mid Cap Fund, Open ended, NIFTY LargeMidcap 250 - TRI,208.83,7.25,15.92,12.44,1000.0,1.77,1000.0
Invesco India Liquid Fund(DD-IDCW), Debt - Liquid Fund, Open ended, Nifty Liquid Fund Index,1002.76,5.22,4.05,4.38,1000.0,0.22,1000.0
Invesco India Liquid Fund(G), Debt - Liquid Fund, Open ended, Nifty Liquid Fund Index,3043.26,5.21,4.11,5.19,1000.0,0.22,1000.0
Invesco India Liquid Fund(M-IDCW), Debt - Liquid Fund, Open ended, Nifty Liquid Fund Index,1005.97,5.21,4.02,4.36,1000.0,0.22,1000.0
Invesco India Liquid Fund(W-IDCW), Debt - Liquid Fund, Open ended, Nifty Liquid Fund Index,1008.52,5.21,4.04,4.38,1000.0,0.22,1000.0
Nippon India Money Market Fund(DD-IDCW), Debt - Money Market Fund, Open ended, CRISIL Money Market Index,1003.68,6.21,5.31,4.85,10000.0,0.34,10000.0
Nippon India Money Market Fund(G), Debt - Money Market Fund, Open ended, CRISIL Money Market Index,3479.25,6.2,5.31,4.92,1000.0,0.34,1000.0
Nippon India Money Market Fund(M-IDCW), Debt - Money Market Fund, Open ended, CRISIL Money Market Index,1016.93,6.21,5.31,4.87,1000.0,0.34,1000.0
Nippon India Money Market Fund(W-IDCW), Debt - Money Market Fund, Open ended, CRISIL Money Market Index,1005.18,6.21,5.31,4.86,1000.0,0.34,1000.0
Nippon India Liquid Fund(DD-IDCW), Debt - Liquid Fund, Open ended, Nifty Liquid Fund Index,1528.74,5.14,4.06,4.43,10000.0,0.34,10000.0
Nippon India Liquid Fund(G), Debt - Liquid Fund, Open ended, Nifty Liquid Fund Index,5407.23,5.14,4.13,5.26,1000.0,0.34,1000.0
Nippon India Liquid Fund(M-IDCW), Debt - Liquid Fund, Open ended, Nifty Liquid Fund Index,1589.95,5.14,3.74,4.23,1000.0,0.34,1000.0
Nippon India Liquid Fund(W-IDCW), Debt - Liquid Fund, Open ended, Nifty Liquid Fund Index,1531.91,5.15,4.07,4.45,5000.0,0.34,1000.0
SBI Savings Fund-Reg(IDCW), Debt - Money Market Fund, Open ended, CRISIL Money Market Index,13.84,5.63,4.64,4.4,1000.0,0.75,1000.0
SBI Savings Fund-Reg(G), Debt - Money Market Fund, Open ended, CRISIL Money Market Index,35.09,5.63,4.64,4.43,1000.0,0.75,1000.0
SBI Savings Fund-Reg(W-IDCW), Debt - Money Market Fund, Open ended, CRISIL Money Market Index,13.06,5.63,4.64,4.35,1000.0,0.75,1000.0
SBI Magnum Ultra Short Duration Fund-Reg(DD-IDCW), Debt - Ultra Short Duration Fund, Open ended, CRISIL Ultra Short Term Debt Index,1902.13,5.78,4.75,4.48,5000.0,0.49,1000.0
SBI Magnum Ultra Short Duration Fund-Reg(W-IDCW), Debt - Ultra Short Duration Fund, Open ended, CRISIL Ultra Short Term Debt Index,1224.24,5.78,4.76,4.48,5000.0,0.49,1000.0
SBI Magnum Ultra Short Duration Fund-Reg(G), Debt - Ultra Short Duration Fund, Open ended, CRISIL Ultra Short Term Debt Index,5051.14,5.77,4.75,4.54,5000.0,0.49,1000.0
SBI Liquid Fund-Reg(DD-IDCW), Debt - Liquid Fund, Open ended, NIFTY 500 - TRI,1124.33,5.15,4.05,4.37,5000.0,0.28,1030.463038180341
SBI Liquid Fund-Reg(FN-IDCW), Debt - Liquid Fund, Open ended, NIFTY 500 - TRI,1137.79,5.15,4.07,4.39,5000.0,0.28,1030.463038180341
SBI Liquid Fund-Reg(G), Debt - Liquid Fund, Open ended, NIFTY 500 - TRI,3466.97,5.15,4.12,5.19,1000.0,0.28,1000.0
SBI Liquid Fund-Reg(W-IDCW), Debt - Liquid Fund, Open ended, NIFTY 500 - TRI,1190.0,5.15,4.06,4.37,5000.0,0.28,1030.463038180341
IDFC Low Duration Fund-Reg(DD-IDCW), Debt - Low Duration Fund, Open ended, NIFTY Low Duration Debt Index,10.1,5.39,4.32,4.62,1000.0,0.57,1000.0
IDFC Low Duration Fund-Reg(G), Debt - Low Duration Fund, Open ended, NIFTY Low Duration Debt Index,32.57,5.39,4.3,4.68,1000.0,0.57,1000.0
IDFC Low Duration Fund-Reg(M-IDCW), Debt - Low Duration Fund, Open ended, NIFTY Low Duration Debt Index,10.13,5.39,4.3,4.57,1000.0,0.57,1000.0
IDFC Low Duration Fund-Reg(W-IDCW), Debt - Low Duration Fund, Open ended, NIFTY Low Duration Debt Index,10.12,5.39,4.3,4.61,1000.0,0.57,1000.0
UTI Liquid Cash Plan-Reg(G), Debt - Liquid Fund, Open ended, NIFTY 500 - TRI,3632.06,5.21,4.15,5.25,1000.0,0.23,1030.463038180341
UTI Liquid Cash Plan-Reg(DD-IDCW), Debt - Liquid Fund, Open ended, NIFTY 500 - TRI,1073.59,5.21,4.09,4.43,20000.0,0.23,1030.463038180341
UTI Liquid Cash Plan-Reg(M-IDCW), Debt - Liquid Fund, Open ended, NIFTY 500 - TRI,1048.95,5.21,4.11,4.44,20000.0,0.23,1030.463038180341
UTI Liquid Cash Plan-Reg(W-IDCW), Debt - Liquid Fund, Open ended, NIFTY 500 - TRI,1053.11,5.21,4.05,4.41,20000.0,0.23,1030.463038180341
UTI Nifty 50 Index Fund-Reg(G), Index Funds - Nifty, Open ended, NIFTY 50 - TRI,121.26,4.77,15.03,12.3,5000.0,0.3,1000.0
UTI Nifty 50 Index Fund-Reg(IDCW), Index Funds - Nifty, Open ended, NIFTY 50 - TRI,61.09,4.77,15.03,12.3,5000.0,0.3,1000.0
UTI Value Opp Fund-Reg(IDCW), Equity - Value Fund, Open ended, NIFTY 500 - TRI,30.33,4.31,16.01,11.56,5000.0,1.91,1000.0
UTI Value Opp Fund-Reg(G), Equity - Value Fund, Open ended, NIFTY 500 - TRI,104.07,4.31,16.01,11.87,5000.0,1.91,1000.0
IDFC Sterling Value Fund-Reg(G), Equity - Value Fund, Open ended, S&P BSE 500 - TRI,93.54,5.12,23.35,10.55,1000.0,1.91,1000.0
IDFC Sterling Value Fund-Reg(IDCW), Equity - Value Fund, Open ended, S&P BSE 500 - TRI,30.56,5.12,23.02,10.37,1000.0,1.91,1000.0
Mirae Asset Large Cap Fund-Reg(G), Equity - Large Cap Fund, Open ended, NIFTY 100 - TRI,79.56,2.14,13.78,10.96,5000.0,1.58,1000.0
Mirae Asset Large Cap Fund-Reg(IDCW), Equity - Large Cap Fund, Open ended, NIFTY 100 - TRI,24.02,2.14,13.78,10.54,5000.0,1.58,1000.0
Canara Rob Liquid Fund-Reg(DD-IDCW), Debt - Liquid Fund, Open ended, NIFTY 500 - TRI,1005.5,5.24,3.91,4.28,5000.0,0.18,1000.0
Canara Rob Liquid Fund-Reg(G), Debt - Liquid Fund, Open ended, NIFTY 500 - TRI,2663.64,5.25,3.98,5.08,5000.0,0.18,1000.0
Mirae Asset Cash Management-Reg(G), Debt - Liquid Fund, Open ended, NIFTY 500 - TRI,2322.19,5.21,4.15,5.23,5000.0,0.27,1000.0
Mirae Asset Cash Management-Reg(DD-IDCW), Debt - Liquid Fund, Open ended, NIFTY 500 - TRI,1066.43,5.22,4.09,4.41,5000.0,0.27,1000.0
Mirae Asset Cash Management-Reg(W-IDCW), Debt - Liquid Fund, Open ended, NIFTY 500 - TRI,1152.76,5.22,4.11,4.43,5000.0,0.27,1000.0
Aditya Birla SL Floating Rate Fund(G), Debt - Floater Fund, Open ended, CRISIL Low Duration Debt Index,290.16,6.07,5.11,5.5,1000.0,0.45,1000.0
ICICI Pru Corp Bond Fund(M-IDCW), Debt - Corporate Bond Fund, Open ended, CRISIL Corporate Bond Index,10.42,6.63,4.89,5.86,1000.0,0.53,1000.0
Edelweiss Balanced Advantage Fund-Reg(G), Hybrid - Dynamic Asset Allocation, Open ended, NIFTY 50 Hybrid Composite Debt 50:50 Index,36.78,2.66,13.23,10.31,5000.0,1.75,1000.0
Edelweiss Balanced Advantage Fund-Reg(Q-IDCW), Hybrid - Dynamic Asset Allocation, Open ended, NIFTY 50 Hybrid Composite Debt 50:50 Index,17.33,2.63,13.15,10.01,5000.0,1.75,1000.0
ICICI Pru Corp Bond Fund(G), Debt - Corporate Bond Fund, Open ended, CRISIL Corporate Bond Index,24.74,6.63,4.89,5.98,1000.0,0.53,1000.0
Axis Liquid Fund-Reg(G), Debt - Liquid Fund, Open ended, Nifty Liquid Fund Index,2463.04,5.26,4.19,5.29,1000.0,0.22,1030.463038180341
Axis Liquid Fund-Reg(DD-IDCW), Debt - Liquid Fund, Open ended, Nifty Liquid Fund Index,1001.4,5.26,4.11,4.45,5000.0,0.22,1030.463038180341
Axis Liquid Fund-Reg(M-IDCW), Debt - Liquid Fund, Open ended, Nifty Liquid Fund Index,1005.21,5.26,4.13,4.46,5000.0,0.22,1030.463038180341
Aditya Birla SL Floating Rate Fund(W-IDCW), Debt - Floater Fund, Open ended, CRISIL Low Duration Debt Index,100.18,6.05,5.08,5.4,1000.0,0.45,1000.0
HDFC Corp Bond Fund(G), Debt - Corporate Bond Fund, Open ended, NIFTY Corporate Bond Index,26.93,5.52,3.47,5.77,1000.0,0.6,1000.0
Axis Bluechip Fund-Reg(G), Equity - Large Cap Fund, Open ended, S&P BSE 100 - TRI,43.24,-3.89,8.94,11.66,1000.0,1.65,1000.0
Axis Bluechip Fund-Reg(IDCW), Equity - Large Cap Fund, Open ended, S&P BSE 100 - TRI,17.43,-3.85,8.55,11.18,1000.0,1.65,1000.0
HDFC Corp Bond Fund(Q-IDCW), Debt - Corporate Bond Fund, Open ended, NIFTY Corporate Bond Index,10.34,5.51,3.47,5.62,1000.0,0.6,1000.0
Axis Long Term Equity Fund-Reg(G), Equity - ELSS, Open ended, NIFTY 500 - TRI,63.63,-8.64,6.75,9.21,1000.0,1.6,1000.0
Axis Long Term Equity Fund-Reg(IDCW), Equity - ELSS, Open ended, NIFTY 500 - TRI,22.41,-8.64,6.75,8.72,1000.0,1.6,1000.0
Nippon India Liquid Fund(Q-IDCW), Debt - Liquid Fund, Open ended, Nifty Liquid Fund Index,1012.72,5.14,4.0,4.39,1000.0,0.34,1000.0
Nippon India Money Market Fund(Q-IDCW), Debt - Money Market Fund, Open ended, CRISIL Money Market Index,1020.33,6.2,5.31,4.81,1000.0,0.34,1000.0
Mirae Asset Emerging Bluechip-Reg(G), Equity - Large & Mid Cap Fund, Open ended, NIFTY LargeMidcap 250 - TRI,95.41,-1.06,17.43,13.65,5000.0,1.63,1000.0
Mirae Asset Emerging Bluechip-Reg(IDCW), Equity - Large & Mid Cap Fund, Open ended, NIFTY LargeMidcap 250 - TRI,37.3,-1.06,17.43,13.22,5000.0,1.63,1000.0
ICICI Pru Corp Bond Fund(Q-IDCW), Debt - Corporate Bond Fund, Open ended, CRISIL Corporate Bond Index,10.87,6.63,4.89,5.87,1000.0,0.53,1000.0
ICICI Pru Nifty Next 50 Index Fund(G), Index Funds - Nifty Next 50, Open ended, NIFTY NEXT 50 - TRI,34.04,-6.46,10.22,5.11,1000.0,0.65,1000.0
ICICI Pru Nifty Next 50 Index Fund(IDCW), Index Funds - Nifty Next 50, Open ended, NIFTY NEXT 50 - TRI,34.04,-6.46,10.22,5.11,1000.0,0.65,1000.0
HDFC Short Term Debt Fund(G), Debt - Short Duration Fund, Open ended, NIFTY 500 - TRI,26.58,5.31,3.81,5.64,1000.0,0.78,1000.0
HDFC Short Term Debt Fund(FN-IDCW), Debt - Short Duration Fund, Open ended, NIFTY 500 - TRI,10.21,5.3,3.82,5.58,1000.0,0.78,1000.0
Axis Midcap Fund-Reg(G), Equity - Mid Cap Fund, Open ended, S&P BSE 150 MidCap - TRI,66.75,0.03,16.01,14.98,1000.0,1.78,1000.0
Axis Midcap Fund-Reg(IDCW), Equity - Mid Cap Fund, Open ended, S&P BSE 150 MidCap - TRI,32.6,0.02,15.64,14.49,1000.0,1.78,1000.0
Aditya Birla SL Floating Rate Fund(DD-IDCW), Debt - Floater Fund, Open ended, CRISIL Low Duration Debt Index,100.0,6.07,5.04,5.39,1000.0,0.45,1000.0
Kotak Gold Fund(G), FoFs (Domestic / Overseas ) - Gold, Open ended, Gold-India,22.62,12.41,10.12,12.0,5000.0,0.54,1000.0
Kotak Gold Fund(IDCW), FoFs (Domestic / Overseas ) - Gold, Open ended, Gold-India,22.62,12.41,10.12,12.0,5000.0,0.54,1000.0
Axis Focused 25 Fund-Reg(G), Equity - Focused Fund, Open ended, NIFTY 500 - TRI,38.27,-12.45,5.42,8.3,1000.0,1.82,1000.0
Axis Focused 25 Fund-Reg(IDCW), Equity - Focused Fund, Open ended, NIFTY 500 - TRI,18.26,-12.42,5.04,7.82,1000.0,1.82,1000.0
Axis Banking & PSU Debt Fund-Reg(G), Debt - Banking and PSU Fund, Open ended, NIFTY Banking and PSU Debt Index,2214.02,4.55,3.91,5.14,5000.0,0.63,1000.0
Axis Banking & PSU Debt Fund-Reg(DD-IDCW), Debt - Banking and PSU Fund, Open ended, NIFTY Banking and PSU Debt Index,1038.61,4.55,3.9,5.1,5000.0,0.63,1000.0
Axis Banking & PSU Debt Fund-Reg(W-IDCW), Debt - Banking and PSU Fund, Open ended, NIFTY Banking and PSU Debt Index,1037.81,4.55,3.91,5.12,5000.0,0.63,1000.0
Axis Banking & PSU Debt Fund-Reg(M-IDCW), Debt - Banking and PSU Fund, Open ended, NIFTY Banking and PSU Debt Index,1033.99,4.55,3.91,5.05,5000.0,0.63,1000.0
DSP Low Duration Fund-Reg(G), Debt - Low Duration Fund, Open ended, NIFTY Low Duration Debt Index,16.74,5.42,4.47,4.66,1000.0,0.62,1000.0
DSP Low Duration Fund-Reg(W-IDCW), Debt - Low Duration Fund, Open ended, NIFTY Low Duration Debt Index,10.13,5.42,4.47,4.52,1000.0,0.62,1000.0
IDFC Banking & PSU Debt Fund-Reg(G), Debt - Banking and PSU Fund, Open ended, NIFTY Banking and PSU Debt Index,20.68,5.15,3.75,5.4,1000.0,0.62,1000.0
IDFC Banking & PSU Debt Fund-Reg(IDCW), Debt - Banking and PSU Fund, Open ended, NIFTY Banking and PSU Debt Index,11.17,5.15,3.75,3.53,1000.0,0.62,1000.0
Parag Parikh Flexi Cap Fund-Reg(G), Equity - Flexi Cap Fund, Open ended, NIFTY 500 - TRI,49.5,1.05,20.74,16.16,1000.0,1.67,1000.0
ICICI Pru Savings Fund(M-IDCW), Debt - Low Duration Fund, Open ended, CRISIL Low Duration Debt Index,102.06,7.08,4.89,5.28,1000.0,0.49,1000.0
ICICI Pru Savings Fund(FN-IDCW), Debt - Low Duration Fund, Open ended, CRISIL Low Duration Debt Index,101.71,7.09,4.9,5.36,1000.0,0.49,1000.0
DSP Banking & PSU Debt Fund-Reg(G), Debt - Banking and PSU Fund, Open ended, NIFTY Banking and PSU Debt Index,20.04,4.5,3.32,5.17,1000.0,0.57,1000.0
DSP Banking & PSU Debt Fund-Reg(IDCW), Debt - Banking and PSU Fund, Open ended, NIFTY Banking and PSU Debt Index,10.47,4.5,3.32,4.55,1000.0,0.57,1000.0
DSP Banking & PSU Debt Fund-Reg(M-IDCW Reinv), Debt - Banking and PSU Fund, Open ended, NIFTY Banking and PSU Debt Index,10.21,4.5,3.32,5.02,1000.0,1.3712016129032258,1030.463038180341
Edelweiss Arbitrage Fund-Reg(G), Hybrid - Arbitrage Fund, Open ended, Nifty 50 Arbitrage,16.39,4.64,4.26,4.99,5000.0,1.08,1000.0
Edelweiss Arbitrage Fund-Reg(IDCW), Hybrid - Arbitrage Fund, Open ended, Nifty 50 Arbitrage,12.02,4.64,4.18,4.76,5000.0,1.08,1000.0
HDFC Corp Bond Fund(IDCW), Debt - Corporate Bond Fund, Open ended, NIFTY Corporate Bond Index,17.44,5.52,3.47,5.77,1000.0,0.6,1000.0
Kotak Equity Hybrid Fund(G), Hybrid - Aggressive Hybrid Fund, Open ended, NIFTY 50 Hybrid Composite Debt 65:35 Index,41.8,5.17,15.21,11.25,5000.0,1.98,1000.0
ICICI Pru Equity Savings Fund(G), Hybrid - Equity Savings, Open ended, NIFTY 50 Equity Savings Index,18.18,6.13,6.87,7.12,5000.0,0.99,1000.0
ICICI Pru Equity Savings Fund(Q-IDCW Payout), Hybrid - Equity Savings, Open ended, NIFTY 50 Equity Savings Index,12.38,6.13,6.88,6.84,5000.0,0.99,1000.0
IDFC Corp Bond Fund-Reg(G), Debt - Corporate Bond Fund, Open ended, NIFTY Corporate Bond Index,16.1,4.64,2.68,5.51,1000.0,0.61,1000.0
Mirae Asset Hybrid Equity Fund-Reg(G), Hybrid - Aggressive Hybrid Fund, Open ended, CRISIL Hybrid 35+65 - Aggressive Index,22.4,2.47,12.66,10.4,5000.0,1.77,1000.0
Mirae Asset Hybrid Equity Fund-Reg(IDCW), Hybrid - Aggressive Hybrid Fund, Open ended, CRISIL Hybrid 35+65 - Aggressive Index,14.32,2.49,12.66,10.1,5000.0,1.77,1000.0
Mirae Asset Tax Saver Fund-Reg(G), Equity - ELSS, Open ended, NIFTY 500 - TRI,31.09,0.67,17.48,13.43,1000.0,1.71,1000.0
Mirae Asset Tax Saver Fund-Reg(IDCW), Equity - ELSS, Open ended, NIFTY 500 - TRI,19.33,0.67,17.49,13.2,1000.0,1.71,1000.0
IDFC Corp Bond Fund-Reg(IDCW), Debt - Corporate Bond Fund, Open ended, NIFTY Corporate Bond Index,10.85,4.64,2.68,3.37,1000.0,0.61,1000.0
Edelweiss Arbitrage Fund-Reg(M-IDCW), Hybrid - Arbitrage Fund, Open ended, Nifty 50 Arbitrage,13.39,4.64,4.1,4.64,5000.0,1.08,1000.0
Edelweiss Balanced Advantage Fund-Reg(M-IDCW), Hybrid - Dynamic Asset Allocation, Open ended, NIFTY 50 Hybrid Composite Debt 50:50 Index,19.78,2.67,12.65,9.36,5000.0,1.75,1000.0
UTI Nifty Next 50 Index Fund-Reg(G), Index Funds - Nifty Next 50, Open ended, NIFTY NEXT 50 - TRI,13.79,-6.45,10.44,7.160055147058823,5000.0,0.79,1000.0
Parag Parikh Liquid Fund-Reg(G), Debt - Liquid Fund, Open ended, NIFTY 500 - TRI,1239.52,4.87,3.8,7.160055147058823,5000.0,0.27,1000.0
Mirae Asset Equity Savings Fund-Reg(G), Hybrid - Equity Savings, Open ended, NIFTY 50 Equity Savings Index,15.14,3.67,10.55,7.160055147058823,5000.0,1.42,1000.0
Parag Parikh Liquid Fund-Reg(DD-IDCW), Debt - Liquid Fund, Open ended, NIFTY 500 - TRI,1000.54,4.86,3.77,7.160055147058823,5000.0,0.27,1000.0
Parag Parikh Liquid Fund-Reg(W-IDCW), Debt - Liquid Fund, Open ended, NIFTY 500 - TRI,1001.49,4.87,3.74,7.160055147058823,5000.0,0.27,1000.0
Parag Parikh Liquid Fund-Reg(M-IDCW), Debt - Liquid Fund, Open ended, NIFTY 500 - TRI,1005.77,4.87,3.72,7.160055147058823,5000.0,0.27,1000.0
Kotak Balanced Advantage Fund-Reg(G), Hybrid - Balanced Advantage, Open ended, NIFTY 50 Hybrid Composite Debt 50:50 Index,15.17,5.5,9.98,7.160055147058823,1000.0,1.68,1000.0
Kotak Balanced Advantage Fund-Reg(IDCW), Hybrid - Balanced Advantage, Open ended, NIFTY 50 Hybrid Composite Debt 50:50 Index,15.17,5.5,9.98,7.160055147058823,1000.0,1.68,1000.0
Motilal Oswal Nasdaq 100 FOF-Reg(G), FoFs (Overseas), Open ended, Nasdaq-100,21.37,-7.87,13.71,7.160055147058823,1000.0,0.5,1000.0
Motilal Oswal Liquid Fund-Reg(G), Debt - Liquid Fund, Open ended, NIFTY 500 - TRI,11.83,4.76,3.62,7.160055147058823,1000.0,0.36,1000.0
Mirae Asset Equity Savings Fund-Reg(IDCW), Hybrid - Equity Savings, Open ended, NIFTY 50 Equity Savings Index,11.71,3.67,10.52,7.160055147058823,5000.0,1.42,1000.0
DSP Quant Fund-Reg(G), Equity - Thematic Fund - Other, Open ended, S&P BSE 200 - TRI,15.85,-2.65,11.86,7.160055147058823,1000.0,1.29,1000.0
Motilal Oswal Liquid Fund-Reg(DD-IDCW), Debt - Liquid Fund, Open ended, NIFTY 500 - TRI,10.01,4.76,4.26,7.160055147058823,1000.0,0.36,1000.0
Motilal Oswal Liquid Fund-Reg(W-IDCW), Debt - Liquid Fund, Open ended, NIFTY 500 - TRI,10.02,4.76,3.58,7.160055147058823,1000.0,0.36,1000.0
Motilal Oswal Liquid Fund-Reg(FN-IDCW), Debt - Liquid Fund, Open ended, NIFTY 500 - TRI,10.01,4.77,3.51,7.160055147058823,1000.0,0.36,1000.0
Motilal Oswal Liquid Fund-Reg(M-IDCW), Debt - Liquid Fund, Open ended, NIFTY 500 - TRI,10.06,4.76,3.57,7.160055147058823,1000.0,0.36,1000.0
Motilal Oswal Liquid Fund-Reg(Q-IDCW), Debt - Liquid Fund, Open ended, NIFTY 500 - TRI,10.08,4.78,3.64,7.160055147058823,1000.0,0.36,1000.0
DSP Quant Fund-Reg(IDCW), Equity - Thematic Fund - Other, Open ended, S&P BSE 200 - TRI,15.85,-2.65,11.86,7.160055147058823,1000.0,1.29,1000.0
Motilal Oswal S&P 500 Index Fund-Reg(G), Equity - Thematic Fund - Global, Open ended, S&P 500 - TRI,15.37,3.42,8.868668958742633,7.160055147058823,1000.0,1.06,1000.0
IDFC CRISIL IBX Gilt June 2027 Index Fund-Reg(G), Debt - Gilt Fund, Open ended, CRISIL Gilt 2027 Index,10.73,4.31,1.93,7.160055147058823,1000.0,0.41,1000.0
IDFC CRISIL IBX Gilt June 2027 Index Fund-Reg(IDCW), Debt - Gilt Fund, Open ended, CRISIL Gilt 2027 Index,10.27,4.31,1.94,7.160055147058823,1000.0,0.41,1000.0
Canara Rob Equity Hybrid Fund-Reg(G), Hybrid - Aggressive Hybrid Fund, Open ended, CRISIL Hybrid 35+65 - Aggressive Index,250.21,1.77,12.46,11.09,5000.0,1.77,1000.0
Canara Rob Equity Hybrid Fund-Reg(M-IDCW), Hybrid - Aggressive Hybrid Fund, Open ended, CRISIL Hybrid 35+65 - Aggressive Index,84.96,1.76,12.33,10.53,5000.0,1.77,1000.0
Canara Rob Flexi Cap Fund-Reg(G), Equity - Flexi Cap Fund, Open ended, S&P BSE 500 - TRI,224.89,-0.61,14.29,12.64,5000.0,1.77,1000.0
Canara Rob Flexi Cap Fund-Reg(IDCW), Equity - Flexi Cap Fund, Open ended, S&P BSE 500 - TRI,45.86,-1.59,13.92,11.93,5000.0,1.77,1000.0
Canara Rob Equity Tax Saver Fund-Reg(IDCW), Equity - ELSS, Open ended, S&P BSE 500 - TRI,36.43,0.83,16.37,13.91,1000.0,1.98,1000.0
Canara Rob Savings Fund-Reg(DD-IDCW), Debt - Low Duration Fund, Open ended, CRISIL Low Duration Debt Index,10.26,5.41,4.4,4.37,5000.0,0.6,1000.0
Canara Rob Savings Fund-Reg(IDCW), Debt - Low Duration Fund, Open ended, CRISIL Low Duration Debt Index,31.85,5.4,4.4,4.44,5000.0,0.6,1000.0
Canara Rob Savings Fund-Reg(G), Debt - Low Duration Fund, Open ended, CRISIL Low Duration Debt Index,35.56,5.4,4.39,4.44,5000.0,0.6,1000.0
Canara Rob Savings Fund-Reg(W-IDCW), Debt - Low Duration Fund, Open ended, CRISIL Low Duration Debt Index,10.26,5.4,4.4,4.39,5000.0,0.6,1000.0
DSP Ultra Short Fund-Reg(G), Debt - Ultra Short Duration Fund, Open ended, CRISIL Ultra Short Term Debt Index,2899.29,5.33,4.41,3.89,1000.0,1.04,1000.0
DSP Ultra Short Fund-Reg(W-IDCW), Debt - Ultra Short Duration Fund, Open ended, CRISIL Ultra Short Term Debt Index,1005.05,5.33,4.41,3.79,1000.0,1.04,1000.0
DSP Equity Opportunities Fund-Reg(IDCW), Equity - Large & Mid Cap Fund, Open ended, NIFTY LargeMidcap 250 - TRI,29.8,4.56,14.6,9.82,1000.0,1.86,1000.0
DSP Equity Opportunities Fund-Reg(G), Equity - Large & Mid Cap Fund, Open ended, NIFTY LargeMidcap 250 - TRI,364.26,4.56,14.6,10.4,1000.0,1.86,1000.0
DSP Short Term Fund-Reg(IDCW), Debt - Short Duration Fund, Open ended, NIFTY 500 - TRI,12.22,4.31,3.16,4.04,1000.0,0.96,1000.0
DSP Short Term Fund-Reg(G), Debt - Short Duration Fund, Open ended, NIFTY 500 - TRI,39.11,4.31,3.16,4.59,1000.0,0.96,1000.0
DSP Short Term Fund-Reg(M-IDCW Reinv), Debt - Short Duration Fund, Open ended, NIFTY 500 - TRI,11.45,4.31,3.16,4.48,1000.0,1.3712016129032258,1030.463038180341
DSP Tax Saver Fund-Reg(IDCW), Equity - ELSS, Open ended, NIFTY 500 - TRI,18.74,3.1,16.16,11.44,1000.0,1.84,1000.0
DSP Tax Saver Fund-Reg(G), Equity - ELSS, Open ended, NIFTY 500 - TRI,83.03,3.1,16.3,12.09,1000.0,1.84,1000.0
PGIM India Liquid Fund(G), Debt - Liquid Fund, Open ended, NIFTY 500 - TRI,288.33,5.19,4.13,5.27,5000.0,0.27,1000.0
PGIM India Liquid Fund(DD-IDCW), Debt - Liquid Fund, Open ended, NIFTY 500 - TRI,100.3,5.19,4.09,4.45,5000.0,0.27,1000.0
PGIM India Liquid Fund(M-IDCW), Debt - Liquid Fund, Open ended, NIFTY 500 - TRI,111.14,5.19,4.05,4.57,5000.0,0.27,1000.0
PGIM India Liquid Fund(W-IDCW), Debt - Liquid Fund, Open ended, NIFTY 500 - TRI,100.61,5.19,4.07,4.47,5000.0,0.27,1000.0
IDFC Bond Fund - Medium Term Plan-Reg(G), Debt - Medium Duration Fund, Open ended, NIFTY Medium Duration Debt Index,38.46,3.41,1.22,4.12,1000.0,1.47,1000.0
IDFC Bond Fund - Medium Term Plan-Reg(M-IDCW), Debt - Medium Duration Fund, Open ended, NIFTY Medium Duration Debt Index,10.24,3.41,1.22,3.94,1000.0,1.47,1000.0
IDFC Bond Fund - Medium Term Plan-Reg(FN-IDCW), Debt - Medium Duration Fund, Open ended, NIFTY Medium Duration Debt Index,10.27,3.41,1.22,3.99,1000.0,1.47,1000.0
IDFC Bond Fund - Medium Term Plan-Reg(DD-IDCW), Debt - Medium Duration Fund, Open ended, NIFTY Medium Duration Debt Index,10.26,3.8,1.41,4.21,1000.0,1.47,1000.0
IDFC Bond Fund - Medium Term Plan-Reg(BM-IDCW), Debt - Medium Duration Fund, Open ended, NIFTY Medium Duration Debt Index,11.89,3.41,1.22,4.02,1000.0,1.47,1000.0
HDFC Equity Savings Fund(IDCW), Hybrid - Equity Savings, Open ended, NIFTY 50 Equity Savings Index - TRI,11.8,4.95,10.36,7.23,1000.0,2.09,1000.0
HDFC Equity Savings Fund(G), Hybrid - Equity Savings, Open ended, NIFTY 50 Equity Savings Index - TRI,50.61,4.96,10.37,7.62,1000.0,2.09,1000.0
ICICI Pru Equity-Arbitrage Fund(IDCW), Hybrid - Arbitrage Fund, Open ended, Nifty 50 Arbitrage,14.08,4.54,4.12,4.62,5000.0,0.99,1000.0
ICICI Pru Equity-Arbitrage Fund(G), Hybrid - Arbitrage Fund, Open ended, Nifty 50 Arbitrage,29.01,4.54,4.13,4.9,5000.0,0.99,1000.0
ICICI Pru Equity & Debt Fund(G), Hybrid - Aggressive Hybrid Fund, Open ended, CRISIL Hybrid 35+65 - Aggressive Index,243.26,7.94,20.29,13.38,5000.0,1.76,1000.0
ICICI Pru Floating Interest Fund(DD-IDCW), Debt - Floater Fund, Open ended, CRISIL Low Duration Debt Index,100.88,7.34,4.58,5.41,1000.0,1.28,1000.0
ICICI Pru Floating Interest Fund(G), Debt - Floater Fund, Open ended, CRISIL Low Duration Debt Index,352.62,7.47,4.65,5.53,1000.0,1.28,1000.0
ICICI Pru Smallcap Fund(IDCW), Equity - Small cap Fund, Open ended, Nifty Smallcap 250 - TRI,25.86,7.21,24.21,12.4,5000.0,2.0,1000.0
ICICI Pru Smallcap Fund(G), Equity - Small cap Fund, Open ended, Nifty Smallcap 250 - TRI,53.23,7.22,24.21,12.43,5000.0,2.0,1000.0
Kotak Bond Short Term Fund(G), Debt - Short Duration Fund, Open ended, Nifty Short Duration Debt Index,43.75,4.63,2.99,4.92,5000.0,1.16,1000.0
Kotak Savings Fund(G), Debt - Ultra Short Duration Fund, Open ended, NIFTY Ultra Short Duration Debt Index,36.38,5.61,4.74,4.47,5000.0,0.81,1000.0
Kotak Savings Fund(M-IDCW), Debt - Ultra Short Duration Fund, Open ended, NIFTY Ultra Short Duration Debt Index,10.72,5.61,4.74,4.44,5000.0,0.81,1000.0
Kotak Banking and PSU Debt Fund(G), Debt - Banking and PSU Fund, Open ended, CRISIL Banking and PSU Debt Index,54.57,5.43,3.64,5.41,5000.0,0.81,1000.0
Kotak Banking and PSU Debt Fund(M-IDCW), Debt - Banking and PSU Fund, Open ended, CRISIL Banking and PSU Debt Index,10.44,5.43,3.63,5.4,5000.0,0.81,1000.0
Kotak Tax Saver Fund(IDCW), Equity - ELSS, Open ended, NIFTY 500 - TRI,28.36,5.86,15.53,12.38,1000.0,2.08,1000.0
Kotak Tax Saver Fund(G), Equity - ELSS, Open ended, NIFTY 500 - TRI,75.78,5.86,15.63,12.8,1000.0,2.08,1000.0
Invesco India Corporate Bond Fund(A-IDCW), Debt - Corporate Bond Fund, Open ended, NIFTY Corporate Bond Index,1926.3,4.73,3.01,4.33,1000.0,0.66,1000.0
Invesco India Corporate Bond Fund(G), Debt - Corporate Bond Fund, Open ended, NIFTY Corporate Bond Index,2650.74,4.73,3.01,4.98,1000.0,0.66,1000.0
Invesco India Corporate Bond Fund(M-IDCW), Debt - Corporate Bond Fund, Open ended, NIFTY Corporate Bond Index,1519.32,4.73,3.01,4.98,1000.0,0.66,1000.0
Invesco India Corporate Bond Fund(Q-IDCW), Debt - Corporate Bond Fund, Open ended, NIFTY Corporate Bond Index,1150.29,4.73,3.01,4.79,1000.0,0.66,1000.0
Invesco India Arbitrage Fund(IDCW), Hybrid - Arbitrage Fund, Open ended, Nifty 50 Arbitrage,14.39,5.4,4.32,4.7,1000.0,1.05,1000.0
Invesco India Arbitrage Fund(G), Hybrid - Arbitrage Fund, Open ended, Nifty 50 Arbitrage,26.96,5.4,4.34,4.94,1000.0,1.05,1000.0
Invesco India Contra Fund(IDCW), Equity - Contra Fund, Open ended, S&P BSE 500 - TRI,32.38,3.5,15.43,10.69,1000.0,1.78,1000.0
Invesco India Contra Fund(G), Equity - Contra Fund, Open ended, S&P BSE 500 - TRI,79.32,3.52,15.5,11.0,1000.0,1.78,1000.0
Invesco India Treasury Advantage Fund(DD-IDCW), Debt - Low Duration Fund, Open ended, NIFTY Low Duration Debt Index,1012.23,5.33,4.27,4.66,1000.0,0.65,1000.0
Invesco India Treasury Advantage Fund(G), Debt - Low Duration Fund, Open ended, NIFTY Low Duration Debt Index,3190.65,5.33,4.29,4.73,1000.0,0.65,1000.0
Invesco India Treasury Advantage Fund(M-IDCW), Debt - Low Duration Fund, Open ended, NIFTY Low Duration Debt Index,1162.81,5.33,4.29,4.67,1000.0,0.65,1000.0
Invesco India Treasury Advantage Fund(W-IDCW), Debt - Low Duration Fund, Open ended, NIFTY Low Duration Debt Index,1150.85,5.33,4.29,4.72,1000.0,0.65,1000.0
Invesco India Midcap Fund(IDCW), Equity - Mid Cap Fund, Open ended, S&P BSE 150 MidCap - TRI,33.42,2.79,17.54,12.13,1000.0,2.03,1000.0
Invesco India Midcap Fund(G), Equity - Mid Cap Fund, Open ended, S&P BSE 150 MidCap - TRI,88.4,2.79,17.53,12.62,1000.0,2.03,1000.0
SBI BlueChip Fund-Reg(IDCW), Equity - Large Cap Fund, Open ended, S&P BSE 100 - TRI,36.44,6.59,15.37,10.99,5000.0,1.59,1000.0
SBI BlueChip Fund-Reg(G), Equity - Large Cap Fund, Open ended, S&P BSE 100 - TRI,64.05,6.59,15.37,11.0,5000.0,1.59,1000.0
SBI Equity Hybrid Fund-Reg(IDCW), Hybrid - Aggressive Hybrid Fund, Open ended, CRISIL Hybrid 35+65 - Aggressive Index,43.05,0.71,10.47,9.91,1000.0,1.45,1000.0
SBI Equity Hybrid Fund-Reg(G), Hybrid - Aggressive Hybrid Fund, Open ended, CRISIL Hybrid 35+65 - Aggressive Index,203.17,0.71,10.47,10.07,1000.0,1.45,1000.0
SBI Nifty Index Fund-Reg(IDCW), Index Funds - Nifty, Open ended, NIFTY 50 - TRI,80.34,4.55,14.56,11.77,5000.0,0.5,1000.0
SBI Nifty Index Fund-Reg(G), Index Funds - Nifty, Open ended, NIFTY 50 - TRI,156.58,4.55,14.52,11.74,5000.0,0.5,1000.0
SBI Large & Midcap Fund-Reg(IDCW), Equity - Large & Mid Cap Fund, Open ended, NIFTY LargeMidcap 250 - TRI,176.54,8.22,17.72,12.34,5000.0,1.79,1000.0
SBI Large & Midcap Fund-Reg(G), Equity - Large & Mid Cap Fund, Open ended, NIFTY LargeMidcap 250 - TRI,390.76,8.22,17.71,12.34,5000.0,1.79,1000.0
SBI Focused Equity Fund-Reg(IDCW), Equity - Focused Fund, Open ended, S&P BSE 500 - TRI,40.61,-5.88,10.97,10.58,5000.0,1.6,1000.0
SBI Focused Equity Fund-Reg(G), Equity - Focused Fund, Open ended, S&P BSE 500 - TRI,222.04,-5.88,10.97,10.58,5000.0,1.6,1000.0
SBI Short Term Debt Fund-Reg(FN-IDCW), Debt - Short Duration Fund, Open ended, NIFTY 500 - TRI,12.18,5.22,3.6,4.88,5000.0,0.84,1000.0
SBI Short Term Debt Fund-Reg(G), Debt - Short Duration Fund, Open ended, NIFTY 500 - TRI,26.89,5.22,3.6,4.93,5000.0,0.84,1000.0
SBI Short Term Debt Fund-Reg(M-IDCW), Debt - Short Duration Fund, Open ended, NIFTY 500 - TRI,14.87,5.22,3.6,4.9,5000.0,0.84,1000.0
SBI Short Term Debt Fund-Reg(W-IDCW), Debt - Short Duration Fund, Open ended, NIFTY 500 - TRI,12.19,5.22,3.6,4.85,5000.0,0.84,1000.0
Sundaram Corp Bond Fund(H-IDCW), Debt - Corporate Bond Fund, Open ended, NIFTY Corporate Bond Index,15.87,5.47,3.94,5.33,5000.0,0.54,1000.0
Sundaram Corp Bond Fund(M-IDCW), Debt - Corporate Bond Fund, Open ended, NIFTY Corporate Bond Index,15.0,5.48,3.94,5.5,5000.0,0.54,1000.0
Sundaram Corp Bond Fund(G), Debt - Corporate Bond Fund, Open ended, NIFTY Corporate Bond Index,33.73,5.47,3.94,5.53,5000.0,0.54,1000.0
Sundaram Corp Bond Fund(A-IDCW), Debt - Corporate Bond Fund, Open ended, NIFTY Corporate Bond Index,15.6,5.47,3.94,5.12,5000.0,0.54,1000.0
Sundaram Corp Bond Fund(Q-IDCW), Debt - Corporate Bond Fund, Open ended, NIFTY Corporate Bond Index,17.09,5.47,3.94,5.43,5000.0,0.54,1000.0
Sundaram Banking & PSU Debt Fund(G), Debt - Banking and PSU Fund, Open ended, NIFTY Banking and PSU Debt Index,35.91,4.62,3.06,4.24,5000.0,0.38,1000.0
Sundaram Banking & PSU Debt Fund(DD-IDCW), Debt - Banking and PSU Fund, Open ended, NIFTY Banking and PSU Debt Index,10.35,4.62,3.06,4.15,5000.0,0.38,1000.0
Sundaram Banking & PSU Debt Fund(M-IDCW), Debt - Banking and PSU Fund, Open ended, NIFTY Banking and PSU Debt Index,11.6,4.62,3.06,4.16,5000.0,0.38,1000.0
Franklin India Liquid Fund-Super Inst(DD-IDCW), Debt - Liquid Fund, Open ended, NIFTY 500 - TRI,1000.0,5.22,3.97,4.4,10000.0,0.21,1000.0
Franklin India Liquid Fund-Super Inst(G), Debt - Liquid Fund, Open ended, NIFTY 500 - TRI,3332.05,5.22,4.18,5.34,10000.0,0.21,1000.0
Franklin India Liquid Fund-Super Inst(W-IDCW), Debt - Liquid Fund, Open ended, NIFTY 500 - TRI,1022.69,5.22,3.96,4.37,2500000.0,0.21,1000.0
UTI Flexi Cap Fund-Reg(IDCW), Equity - Flexi Cap Fund, Open ended, NIFTY 500 - TRI,151.95,-7.47,12.42,12.02,5000.0,1.69,1000.0
UTI Flexi Cap Fund-Reg(G), Equity - Flexi Cap Fund, Open ended, NIFTY 500 - TRI,229.83,-7.47,12.42,12.17,5000.0,1.69,1000.0
HDFC Floating Rate Debt Fund(DD-IDCW), Debt - Floater Fund, Open ended, NIFTY Low Duration Debt Index,10.08,6.46,4.75,5.74,1000.0,0.48,1000.0
HDFC Floating Rate Debt Fund(W-IDCW), Debt - Floater Fund, Open ended, NIFTY Low Duration Debt Index,10.05,6.51,4.63,5.66,1000.0,0.48,1000.0
HDFC Floating Rate Debt Fund(M-IDCW), Debt - Floater Fund, Open ended, NIFTY Low Duration Debt Index,10.18,6.51,4.77,5.73,1000.0,0.48,1000.0
HDFC Floating Rate Debt Fund(G), Debt - Floater Fund, Open ended, NIFTY Low Duration Debt Index,41.36,6.51,4.78,5.79,1000.0,0.48,1000.0
Edelweiss Mid Cap Fund-Reg(G), Equity - Mid Cap Fund, Open ended, Nifty Midcap 150 - TRI,52.36,5.79,21.16,11.88,5000.0,2.12,1000.0
Edelweiss Mid Cap Fund-Reg(IDCW), Equity - Mid Cap Fund, Open ended, Nifty Midcap 150 - TRI,30.18,5.79,20.53,11.43,5000.0,2.12,1000.0
ICICI Pru Bluechip Fund(G), Equity - Large Cap Fund, Open ended, NIFTY 100 - TRI,69.51,5.63,16.09,11.48,1000.0,1.67,1000.0
ICICI Pru Bluechip Fund(IDCW), Equity - Large Cap Fund, Open ended, NIFTY 100 - TRI,24.12,5.63,16.08,11.04,1000.0,1.67,1000.0
Aditya Birla SL Banking & PSU Debt(G), Debt - Banking and PSU Fund, Open ended, NIFTY Banking and PSU Debt Index,306.48,5.08,3.81,5.52,1000.0,0.72,1000.0
Aditya Birla SL Banking & PSU Debt(IDCW), Debt - Banking and PSU Fund, Open ended, NIFTY Banking and PSU Debt Index,163.84,5.08,3.8,4.93,1000.0,0.72,1000.0
Aditya Birla SL Banking & PSU Debt(Q-IDCW), Debt - Banking and PSU Fund, Open ended, NIFTY Banking and PSU Debt Index,108.73,5.08,3.81,5.38,1000.0,0.72,1000.0
Sundaram Banking & PSU Debt Fund(W-IDCW), Debt - Banking and PSU Fund, Open ended, NIFTY Banking and PSU Debt Index,12.1,4.63,3.15,4.26,5000.0,0.38,1000.0
Canara Rob Ultra Short Term Fund-Reg(G), Debt - Ultra Short Duration Fund, Open ended, CRISIL Ultra Short Term Debt Index,3252.65,5.23,4.29,3.69,1000.0,0.95,1000.0
Canara Rob Ultra Short Term Fund-Reg(DD-IDCW), Debt - Ultra Short Duration Fund, Open ended, CRISIL Ultra Short Term Debt Index,1240.71,5.24,4.3,3.63,1000.0,0.95,1000.0
ICICI Pru Bond Fund(G), Debt - Medium to Long Duration Fund, Open ended, CRISIL Medium to Long Term Debt Index,33.07,5.66,3.72,5.13,5000.0,1.11,1000.0
ICICI Pru Bond Fund(M-IDCW), Debt - Medium to Long Duration Fund, Open ended, CRISIL Medium to Long Term Debt Index,11.34,5.66,3.72,4.94,5000.0,1.11,1000.0
Edelweiss Liquid Fund-Reg(G), Debt - Liquid Fund, Open ended, Nifty Liquid Fund Index,2835.12,5.04,4.05,5.18,5000.0,0.39,1000.0
Edelweiss Liquid Fund-Reg(DD-IDCW), Debt - Liquid Fund, Open ended, Nifty Liquid Fund Index,1049.76,5.05,3.99,4.36,5000.0,0.39,1000.0
Edelweiss Liquid Fund-Reg(M-IDCW), Debt - Liquid Fund, Open ended, Nifty Liquid Fund Index,1037.44,5.04,4.0,4.37,5000.0,0.39,1000.0
Edelweiss Liquid Fund-Reg(W-IDCW), Debt - Liquid Fund, Open ended, Nifty Liquid Fund Index,1064.02,5.04,3.94,4.3,5000.0,0.39,1000.0
Aditya Birla SL Banking & PSU Debt(M-IDCW), Debt - Banking and PSU Fund, Open ended, NIFTY Banking and PSU Debt Index,110.63,5.08,3.48,5.32,1000.0,0.72,1000.0
Canara Rob Ultra Short Term Fund-Reg(W-IDCW), Debt - Ultra Short Duration Fund, Open ended, CRISIL Ultra Short Term Debt Index,1240.93,5.24,4.24,3.62,1000.0,0.95,1000.0
ICICI Pru Floating Interest Fund(W-IDCW), Debt - Floater Fund, Open ended, CRISIL Low Duration Debt Index,102.19,7.47,4.65,5.51,1000.0,1.28,1000.0
Canara Rob Equity Tax Saver Fund-Reg(G), Equity - ELSS, Open ended, S&P BSE 500 - TRI,116.48,0.83,16.57,14.36,1000.0,1.98,1000.0
ICICI Pru Bond Fund(Q-IDCW), Debt - Medium to Long Duration Fund, Open ended, CRISIL Medium to Long Term Debt Index,11.32,5.66,3.72,4.83,5000.0,1.11,1000.0
Invesco India Money Market Fund(G), Debt - Money Market Fund, Open ended, Nifty Money Market Index,2570.46,5.66,4.26,4.39,1000.0,0.55,1000.0
Invesco India Money Market Fund(M-IDCW), Debt - Money Market Fund, Open ended, Nifty Money Market Index,1020.68,5.66,4.26,4.31,1000.0,0.55,1000.0
SBI Banking and PSU Fund-Reg(G), Debt - Banking and PSU Fund, Open ended, NIFTY Banking and PSU Debt Index,2614.29,4.91,3.0,4.7,5000.0,0.81,1000.0
SBI Banking and PSU Fund-Reg(DD-IDCW), Debt - Banking and PSU Fund, Open ended, NIFTY Banking and PSU Debt Index,1192.71,4.92,3.0,4.62,5000.0,0.81,1000.0
Axis Treasury Advantage Fund-Reg(G), Debt - Low Duration Fund, Open ended, NIFTY Low Duration Debt Index,2599.91,5.69,4.65,5.03,5000.0,0.63,1000.0
Axis Treasury Advantage Fund-Reg(DD-IDCW), Debt - Low Duration Fund, Open ended, NIFTY Low Duration Debt Index,1013.25,5.69,4.65,4.99,5000.0,0.63,1000.0
Axis Treasury Advantage Fund-Reg(M-IDCW), Debt - Low Duration Fund, Open ended, NIFTY Low Duration Debt Index,1013.39,5.69,4.65,4.97,5000.0,0.63,1000.0
Axis Treasury Advantage Fund-Reg(W-IDCW), Debt - Low Duration Fund, Open ended, NIFTY Low Duration Debt Index,1011.98,5.69,4.65,4.97,5000.0,0.63,1000.0
ICICI Pru Banking & PSU Debt Fund(G), Debt - Banking and PSU Fund, Open ended, CRISIL Banking and PSU Debt Index,27.28,6.31,4.7,5.48,1000.0,0.76,1000.0
Canara Rob Bluechip Equity Fund-Reg(G), Equity - Large Cap Fund, Open ended, S&P BSE 100 - TRI,42.06,1.69,14.05,13.12,5000.0,1.78,1000.0
Canara Rob Bluechip Equity Fund-Reg(IDCW), Equity - Large Cap Fund, Open ended, S&P BSE 100 - TRI,21.49,1.62,13.99,12.69,5000.0,1.78,1000.0
ICICI Pru Ultra Short Term Fund Fund(G), Debt - Ultra Short Duration Fund, Open ended, CRISIL Ultra Short Term Debt Index,23.41,5.75,4.85,4.93,5000.0,0.84,1000.0
ICICI Pru Ultra Short Term Fund Fund(M-IDCW), Debt - Ultra Short Duration Fund, Open ended, CRISIL Ultra Short Term Debt Index,10.68,5.75,4.85,4.87,5000.0,0.84,1000.0
Nippon India Small Cap Fund(G), Equity - Small cap Fund, Open ended, Nifty Smallcap 250 - TRI,92.59,10.34,30.24,14.68,5000.0,1.76,1000.0
Nippon India Small Cap Fund(IDCW), Equity - Small cap Fund, Open ended, Nifty Smallcap 250 - TRI,58.34,10.34,30.24,14.69,5000.0,1.76,1000.0
Nippon India Banking & PSU Debt Fund(G), Debt - Banking and PSU Fund, Open ended, NIFTY Banking and PSU Debt Index,17.34,4.94,3.27,5.44,5000.0,0.84,1000.0
Nippon India Banking & PSU Debt Fund(IDCW), Debt - Banking and PSU Fund, Open ended, NIFTY Banking and PSU Debt Index,17.34,4.94,3.27,5.44,5000.0,0.84,1000.0
Nippon India Banking & PSU Debt Fund(W-IDCW), Debt - Banking and PSU Fund, Open ended, NIFTY Banking and PSU Debt Index,10.28,4.94,3.27,5.35,5000.0,0.84,1000.0
Nippon India Banking & PSU Debt Fund(M-IDCW), Debt - Banking and PSU Fund, Open ended, NIFTY Banking and PSU Debt Index,10.6,4.94,3.27,5.29,5000.0,0.84,1000.0
Nippon India Banking & PSU Debt Fund(Q-IDCW), Debt - Banking and PSU Fund, Open ended, NIFTY Banking and PSU Debt Index,10.62,4.94,3.27,5.2,5000.0,0.84,1000.0
ICICI Pru Ultra Short Term Fund Fund(Q-IDCW), Debt - Ultra Short Duration Fund, Open ended, CRISIL Ultra Short Term Debt Index,10.87,5.75,4.85,4.87,5000.0,0.84,1000.0
SBI Gold-Reg(G), FoFs (Domestic / Overseas ) - Gold, Open ended, Gold-London Bullion Market association (LBMA),17.07,13.02,10.1,11.7,5000.0,0.42,1000.0
SBI Gold-Reg(IDCW), FoFs (Domestic / Overseas ) - Gold, Open ended, Gold-London Bullion Market association (LBMA),17.07,13.02,10.11,11.7,5000.0,0.42,1000.0
Invesco India Money Market Fund(DD-IDCW), Debt - Money Market Fund, Open ended, Nifty Money Market Index,1000.29,5.69,4.28,4.34,1000.0,0.55,1000.0
Quantum Liquid Fund-Reg(DD-IDCW), Debt - Liquid Fund, Open ended, NIFTY 500 - TRI,10.0,4.94,3.73,3.98,100000.0,0.25,1000.0
Quantum Liquid Fund-Reg(G), Debt - Liquid Fund, Open ended, NIFTY 500 - TRI,29.89,4.94,3.8,4.76,5000.0,0.25,1000.0
Quantum Liquid Fund-Reg(M-IDCW), Debt - Liquid Fund, Open ended, NIFTY 500 - TRI,10.04,4.94,3.73,3.98,10000.0,0.25,1000.0
Axis Small Cap Fund-Reg(G), Equity - Small cap Fund, Open ended, Nifty Smallcap 250 - TRI,63.58,5.6,21.52,17.75,1000.0,1.92,1000.0
ICICI Pru Banking & PSU Debt Fund(Q-IDCW), Debt - Banking and PSU Fund, Open ended, CRISIL Banking and PSU Debt Index,10.7,6.31,4.7,5.48,1000.0,0.76,1000.0
HDFC Banking and PSU Debt Fund-Reg(G), Debt - Banking and PSU Fund, Open ended, NIFTY Banking and PSU Debt Index,19.23,5.2,3.63,5.31,1000.0,0.81,1000.0
Sundaram Banking & PSU Debt Fund(B), Debt - Banking and PSU Fund, Open ended, NIFTY Banking and PSU Debt Index,18.11,4.62,3.06,4.24,100000.0,1.3712016129032258,1030.463038180341
Axis Small Cap Fund-Reg(IDCW), Equity - Small cap Fund, Open ended, Nifty Smallcap 250 - TRI,36.16,5.58,21.06,17.26,1000.0,1.92,1000.0
HDFC Banking and PSU Debt Fund-Reg(IDCW), Debt - Banking and PSU Fund, Open ended, NIFTY Banking and PSU Debt Index,10.14,5.1,3.58,5.21,1000.0,0.81,1000.0
IIFL Focused Equity Fund-Reg(G), Equity - Focused Fund, Open ended, S&P BSE 500 - TRI,30.87,2.69,16.79,15.97,1000.0,1.92,1000.0
Kotak Equity Savings Fund(G), Hybrid - Equity Savings, Open ended, NIFTY 50 Equity Savings Index - TRI,19.69,6.42,9.19,8.16,5000.0,2.07,1000.0
Kotak Equity Savings Fund(M-IDCW Payout), Hybrid - Equity Savings, Open ended, NIFTY 50 Equity Savings Index - TRI,14.52,6.41,9.18,7.91,5000.0,2.07,1000.0
IIFL Focused Equity Fund-Reg(IDCW), Equity - Focused Fund, Open ended, S&P BSE 500 - TRI,27.31,2.69,16.79,15.98,1000.0,1.92,1000.0
ICICI Pru Bond Fund(H-IDCW Payout), Debt - Medium to Long Duration Fund, Open ended, CRISIL Medium to Long Term Debt Index,11.17,5.66,3.72,4.95,5000.0,1.11,1000.0
PGIM India Flexi Cap Fund-Reg(G), Equity - Flexi Cap Fund, Open ended, NIFTY 500 - TRI,25.16,-3.66,19.84,13.39,5000.0,1.94,1000.0
PGIM India Flexi Cap Fund-Reg(IDCW), Equity - Flexi Cap Fund, Open ended, NIFTY 500 - TRI,17.59,-3.66,19.85,13.28,5000.0,1.94,1000.0
SBI Equity Savings Fund-Reg(G), Hybrid - Equity Savings, Open ended, NIFTY 50 Equity Savings Index,17.68,1.87,8.4,7.05,1000.0,1.18,1000.0
SBI Equity Savings Fund-Reg(M-IDCW Payout), Hybrid - Equity Savings, Open ended, NIFTY 50 Equity Savings Index,16.39,1.87,8.4,7.03,1000.0,1.18,1000.0
SBI Equity Savings Fund-Reg(Q-IDCW Payout), Hybrid - Equity Savings, Open ended, NIFTY 50 Equity Savings Index,16.72,1.87,8.4,7.01,1000.0,1.18,1000.0
ICICI Pru Equity & Debt Fund(A-IDCW), Hybrid - Aggressive Hybrid Fund, Open ended, CRISIL Hybrid 35+65 - Aggressive Index,20.1,7.91,20.29,13.23,5000.0,1.76,1000.0
Kotak Bond Short Term Fund(IDCW), Debt - Short Duration Fund, Open ended, Nifty Short Duration Debt Index,10.36,4.63,2.99,7.160055147058823,5000.0,1.16,1000.0
ICICI Pru S&P BSE Sensex Index Fund(G), Index Funds - Sensex, Open ended, S&P BSE SENSEX - TRI,19.57,6.36,15.09,13.02,1000.0,0.27,1000.0
Axis Corp Debt Fund-Reg(G), Debt - Corporate Bond Fund, Open ended, NIFTY Corporate Bond Index,14.21,4.96,3.78,5.77,5000.0,0.93,1000.0
Axis Corp Debt Fund-Reg(IDCW), Debt - Corporate Bond Fund, Open ended, NIFTY Corporate Bond Index,13.18,4.96,3.78,5.77,5000.0,0.93,1000.0
Axis Corp Debt Fund-Reg(DD-IDCW), Debt - Corporate Bond Fund, Open ended, NIFTY Corporate Bond Index,10.23,4.97,3.78,5.71,5000.0,0.93,1000.0
Axis Corp Debt Fund-Reg(W-IDCW), Debt - Corporate Bond Fund, Open ended, NIFTY Corporate Bond Index,10.25,4.97,3.78,5.71,5000.0,0.93,1000.0
Axis Corp Debt Fund-Reg(M-IDCW), Debt - Corporate Bond Fund, Open ended, NIFTY Corporate Bond Index,10.21,4.97,3.79,5.64,5000.0,0.93,1000.0
ICICI Pru S&P BSE Sensex Index Fund(IDCW), Index Funds - Sensex, Open ended, S&P BSE SENSEX - TRI,19.57,6.36,15.09,13.02,1000.0,0.27,1000.0
Axis Flexi Cap Fund-Reg(G), Equity - Flexi Cap Fund, Open ended, NIFTY 500 - TRI,17.53,-5.61,9.6,11.89,1000.0,1.82,1000.0
Axis Flexi Cap Fund-Reg(IDCW), Equity - Flexi Cap Fund, Open ended, NIFTY 500 - TRI,13.27,-5.61,9.2,11.65,1000.0,1.82,1000.0
IDFC Ultra Short Term Fund-Reg(G), Debt - Ultra Short Duration Fund, Open ended, NIFTY Ultra Short Duration Debt Index,12.86,5.72,4.76,4.42,1000.0,0.43,1000.0
IDFC Ultra Short Term Fund-Reg(DD-IDCW), Debt - Ultra Short Duration Fund, Open ended, NIFTY Ultra Short Duration Debt Index,10.05,5.72,4.72,4.33,1000.0,0.43,1000.0
IDFC Ultra Short Term Fund-Reg(W-IDCW), Debt - Ultra Short Duration Fund, Open ended, NIFTY Ultra Short Duration Debt Index,10.08,5.72,4.76,4.36,1000.0,0.43,1000.0
IDFC Ultra Short Term Fund-Reg(M-IDCW), Debt - Ultra Short Duration Fund, Open ended, NIFTY Ultra Short Duration Debt Index,10.07,5.74,4.77,4.35,1000.0,0.43,1000.0
IDFC Ultra Short Term Fund-Reg(Q-IDCW), Debt - Ultra Short Duration Fund, Open ended, NIFTY Ultra Short Duration Debt Index,10.26,5.73,4.76,4.33,1000.0,0.43,1000.0
IDFC Ultra Short Term Fund-Reg(P-IDCW), Debt - Ultra Short Duration Fund, Open ended, NIFTY Ultra Short Duration Debt Index,10.82,5.73,4.77,3.36,1000.0,0.43,1000.0
ICICI Pru Ultra Short Term Fund Fund(DD-IDCW), Debt - Ultra Short Duration Fund, Open ended, CRISIL Ultra Short Term Debt Index,10.05,5.75,4.85,4.87,5000.0,0.84,1000.0
ICICI Pru Ultra Short Term Fund Fund(W-IDCW), Debt - Ultra Short Duration Fund, Open ended, CRISIL Ultra Short Term Debt Index,10.07,5.75,4.85,4.88,5000.0,0.84,1000.0
Motilal Oswal Nifty Midcap 150 Index Fund-Reg(G), Index Funds - Other, Open ended, Nifty Midcap 150 - TRI,20.38,4.74,20.11,7.160055147058823,1000.0,1.02,1000.0
Parag Parikh Conservative Hybrid Fund-Reg(G), Hybrid - Conservative Hybrid Fund, Open ended, CRISIL Hybrid 85+15 - Conservative Index,11.26,6.43,8.868668958742633,7.160055147058823,5000.0,0.64,1000.0
Parag Parikh Conservative Hybrid Fund-Reg(M-IDCW), Hybrid - Conservative Hybrid Fund, Open ended, CRISIL Hybrid 85+15 - Conservative Index,10.16,6.43,8.868668958742633,7.160055147058823,5000.0,0.64,1000.0
Baroda BNP Paribas Large Cap Fund-Reg(IDCW), Equity - Large Cap Fund, Open ended, NIFTY 100 - TRI,20.17,4.18,12.57,10.7,5000.0,2.15,1000.0
Baroda BNP Paribas Large Cap Fund-Reg(G), Equity - Large Cap Fund, Open ended, NIFTY 100 - TRI,144.96,4.17,13.05,11.42,5000.0,2.15,1000.0
Baroda BNP Paribas Mid Cap Fund-Reg(IDCW), Equity - Mid Cap Fund, Open ended, Nifty Midcap 150 - TRI,44.14,3.42,18.44,10.68,5000.0,2.19,1000.0
Baroda BNP Paribas Mid Cap Fund-Reg(G), Equity - Mid Cap Fund, Open ended, Nifty Midcap 150 - TRI,59.44,3.43,18.77,10.86,5000.0,2.19,1000.0
Aditya Birla SL Equity Advantage Fund(IDCW), Equity - Large & Mid Cap Fund, Open ended, S&P BSE 250 LargeMidCap Index - TRI,106.6,-10.5,9.7,6.82,1000.0,1.96,1000.0
Aditya Birla SL Equity Advantage Fund(G), Equity - Large & Mid Cap Fund, Open ended, S&P BSE 250 LargeMidCap Index - TRI,596.17,-10.5,9.7,7.14,1000.0,1.96,1000.0
Aditya Birla SL Short Term Fund(IDCW), Debt - Short Duration Fund, Open ended, Nifty Short Duration Debt Index,16.52,5.15,4.31,6.07,1000.0,1.1,1000.0
Aditya Birla SL Short Term Fund(G), Debt - Short Duration Fund, Open ended, Nifty Short Duration Debt Index,39.73,5.2,4.34,6.08,1000.0,1.1,1000.0
Aditya Birla SL Income Fund(Q-IDCW), Debt - Medium to Long Duration Fund, Open ended, CRISIL Medium to Long Term Debt Index,13.17,4.8,2.44,5.36,1000.0,0.89,1000.0
Aditya Birla SL Income Fund(G), Debt - Medium to Long Duration Fund, Open ended, CRISIL Medium to Long Term Debt Index,105.06,4.79,2.44,5.5,1000.0,0.89,1000.0
Aditya Birla SL Nifty 50 Index Fund-Reg(IDCW-Reinv), Index Funds - Nifty, Open ended, NIFTY 50 - TRI,18.33,4.41,14.65,11.46,1000.0,0.6,1000.0
Aditya Birla SL Nifty 50 Index Fund-Reg(G), Index Funds - Nifty, Open ended, NIFTY 50 - TRI,179.39,4.41,14.67,11.68,1000.0,0.6,1000.0
Aditya Birla SL Flexi Cap Fund(IDCW), Equity - Flexi Cap Fund, Open ended, NIFTY 500 - TRI,119.98,0.51,12.59,9.14,1000.0,1.76,1000.0
Aditya Birla SL Flexi Cap Fund(G), Equity - Flexi Cap Fund, Open ended, NIFTY 500 - TRI,1134.28,0.5,12.59,9.52,1000.0,1.76,1000.0
Aditya Birla SL Frontline Equity Fund(IDCW), Equity - Large Cap Fund, Open ended, NIFTY 100 - TRI,32.14,3.49,14.55,9.64,1000.0,1.75,1000.0
Aditya Birla SL Frontline Equity Fund(G), Equity - Large Cap Fund, Open ended, NIFTY 100 - TRI,350.18,3.48,14.55,9.98,1000.0,1.75,1000.0
Aditya Birla SL Focused Equity Fund(IDCW), Equity - Focused Fund, Open ended, NIFTY 500 - TRI,19.32,1.82,12.58,9.66,1000.0,1.97,1000.0
Aditya Birla SL Focused Equity Fund(G), Equity - Focused Fund, Open ended, NIFTY 500 - TRI,91.96,1.82,12.58,9.89,1000.0,1.97,1000.0
Baroda BNP Paribas Multi Cap Fund-Reg(IDCW), Equity - Multi Cap Fund, Open ended, Nifty500 Multicap 50:25:25 - TRI,41.05,1.26,17.6,10.96,5000.0,2.26,1000.0
Baroda BNP Paribas Multi Cap Fund-Reg(G), Equity - Multi Cap Fund, Open ended, Nifty500 Multicap 50:25:25 - TRI,173.38,1.25,18.14,11.48,5000.0,2.26,1000.0
Canara Rob Conservative Hybrid Fund-Reg(G), Hybrid - Conservative Hybrid Fund, Open ended, CRISIL Hybrid 85+15 - Conservative Index,77.57,2.86,7.66,8.14,5000.0,1.83,1000.0
Canara Rob Conservative Hybrid Fund-Reg(M-IDCW), Hybrid - Conservative Hybrid Fund, Open ended, CRISIL Hybrid 85+15 - Conservative Index,13.22,2.87,7.23,6.74,5000.0,1.83,1000.0
HSBC Midcap Fund-Reg(G), Equity - Mid Cap Fund, Open ended, Nifty Midcap 150 - TRI,207.42,4.1,13.43,7.32,5000.0,1.83,1000.0
HSBC Midcap Fund-Reg(IDCW), Equity - Mid Cap Fund, Open ended, Nifty Midcap 150 - TRI,50.61,4.16,13.46,6.89,5000.0,1.83,1000.0
DSP Equity & Bond Fund-Reg(IDCW), Hybrid - Aggressive Hybrid Fund, Open ended, CRISIL Hybrid 35+65 - Aggressive Index,24.19,0.39,10.3,9.05,1000.0,1.83,1000.0
DSP Equity & Bond Fund-Reg(G), Hybrid - Aggressive Hybrid Fund, Open ended, CRISIL Hybrid 35+65 - Aggressive Index,233.61,0.39,10.4,9.68,1000.0,1.83,1000.0
DSP Flexi Cap Fund-Reg(IDCW), Equity - Flexi Cap Fund, Open ended, NIFTY 500 - TRI,51.55,-0.16,11.61,10.47,1000.0,1.84,1000.0
DSP Flexi Cap Fund-Reg(G), Equity - Flexi Cap Fund, Open ended, NIFTY 500 - TRI,64.93,-0.16,12.15,11.08,1000.0,1.84,1000.0
DSP Small Cap Fund-Reg(G), Equity - Small cap Fund, Open ended, S&P BSE 250 Small Cap - TRI,112.22,2.85,24.38,10.75,1000.0,1.83,1000.0
Quant Active Fund(IDCW), Equity - Multi Cap Fund, Open ended, Nifty500 Multicap 50:25:25 - TRI,48.83,2.85,30.93,18.92,5000.0,2.63,1000.0
Quant Active Fund(G), Equity - Multi Cap Fund, Open ended, Nifty500 Multicap 50:25:25 - TRI,426.93,2.98,31.0,18.93,5000.0,2.63,1000.0
Quant Small Cap Fund(IDCW), Equity - Small cap Fund, Open ended, Nifty Smallcap 250 - TRI,113.5,7.19,46.81,23.43,5000.0,2.67,1000.0
Quant Small Cap Fund(G), Equity - Small cap Fund, Open ended, Nifty Smallcap 250 - TRI,142.74,7.09,46.69,23.04,5000.0,2.67,1000.0
Quant Mid Cap Fund(IDCW), Equity - Mid Cap Fund, Open ended, Nifty Midcap 150 - TRI,47.04,10.93,31.73,18.4,5000.0,2.68,1000.0
Quant Mid Cap Fund(G), Equity - Mid Cap Fund, Open ended, Nifty Midcap 150 - TRI,132.36,10.56,31.55,18.3,5000.0,2.68,1000.0
Quant Tax Plan(IDCW), Equity - ELSS, Open ended, NIFTY 500 - TRI,31.91,3.42,33.99,19.74,1000.0,2.62,1000.0
Quant Tax Plan(G), Equity - ELSS, Open ended, NIFTY 500 - TRI,229.8,3.28,33.87,19.68,1000.0,2.62,1000.0
Franklin India NSE Nifty 50 Index Fund(IDCW), Index Funds - Nifty, Open ended, NIFTY 50 - TRI,143.46,4.42,14.37,11.46,5000.0,0.66,1000.0
Franklin India NSE Nifty 50 Index Fund(G), Index Funds - Nifty, Open ended, NIFTY 50 - TRI,143.46,4.42,14.37,11.46,5000.0,0.66,1000.0
Franklin India Flexi Cap Fund(IDCW), Equity - Flexi Cap Fund, Open ended, NIFTY 500 - TRI,48.78,2.93,17.95,10.72,5000.0,1.84,1000.0
Franklin India Flexi Cap Fund(G), Equity - Flexi Cap Fund, Open ended, NIFTY 500 - TRI,991.87,2.93,18.3,11.1,5000.0,1.84,1000.0
Franklin India Equity Hybrid Fund(IDCW), Hybrid - Aggressive Hybrid Fund, Open ended, CRISIL Hybrid 35+65 - Aggressive Index,24.73,3.71,12.81,9.34,5000.0,2.23,1000.0
Franklin India Equity Hybrid Fund(G), Hybrid - Aggressive Hybrid Fund, Open ended, CRISIL Hybrid 35+65 - Aggressive Index,181.19,3.71,12.81,9.53,5000.0,2.23,1000.0
IDFC Bond Fund - Income Plan-Reg(H-IDCW), Debt - Medium to Long Duration Fund, Open ended, NIFTY Medium to Long Term Debt Index,11.67,3.37,0.73,3.3,1000.0,1.99,1000.0
IDFC Bond Fund - Income Plan-Reg(G), Debt - Medium to Long Duration Fund, Open ended, NIFTY Medium to Long Term Debt Index,55.19,3.38,0.73,3.7,1000.0,1.99,1000.0
IDFC Bond Fund - Income Plan-Reg(A-IDCW), Debt - Medium to Long Duration Fund, Open ended, NIFTY Medium to Long Term Debt Index,11.48,3.38,0.73,2.72,1000.0,1.99,1000.0
IDFC Bond Fund - Income Plan-Reg(Q-IDCW), Debt - Medium to Long Duration Fund, Open ended, NIFTY Medium to Long Term Debt Index,11.9,3.37,0.73,3.48,1000.0,1.99,1000.0
HDFC Low Duration Fund(DD-IDCW), Debt - Low Duration Fund, Open ended, NIFTY Low Duration Debt Index,10.14,5.64,4.37,5.1,1000.0,1.04,1000.0
HDFC Low Duration Fund(G), Debt - Low Duration Fund, Open ended, NIFTY Low Duration Debt Index,48.66,5.69,4.39,5.16,1000.0,1.04,1000.0
HDFC Low Duration Fund(W-IDCW), Debt - Low Duration Fund, Open ended, NIFTY Low Duration Debt Index,10.06,5.69,4.3,5.1,1000.0,1.04,1000.0
HDFC Low Duration Fund(M-IDCW), Debt - Low Duration Fund, Open ended, NIFTY Low Duration Debt Index,10.18,5.7,4.39,5.1,1000.0,1.04,1000.0
HDFC Gilt Fund(IDCW), Debt - Gilt Fund, Open ended, CRISIL Dynamic Gilt Index,11.7,4.76,2.18,4.0,1000.0,0.9,1000.0
HDFC Gilt Fund(G), Debt - Gilt Fund, Open ended, CRISIL Dynamic Gilt Index,45.94,4.76,2.18,4.18,1000.0,0.9,1000.0
HDFC Mid-Cap Opportunities Fund(IDCW), Equity - Mid Cap Fund, Open ended, Nifty Midcap 150 - TRI,38.08,12.02,20.93,11.5,1000.0,1.76,1000.0
HDFC Mid-Cap Opportunities Fund(G), Equity - Mid Cap Fund, Open ended, Nifty Midcap 150 - TRI,102.48,12.13,21.44,12.02,1000.0,1.76,1000.0
HDFC Hybrid Equity Fund(IDCW), Hybrid - Aggressive Hybrid Fund, Open ended, NIFTY 50 Hybrid Composite Debt 65:35 Index,14.29,8.16,15.78,10.48,1000.0,1.82,1000.0
HDFC Hybrid Equity Fund(G), Hybrid - Aggressive Hybrid Fund, Open ended, NIFTY 50 Hybrid Composite Debt 65:35 Index,86.11,8.16,15.78,10.48,1000.0,1.82,1000.0
ICICI Pru Gilt Fund(IDCW), Debt - Gilt Fund, Open ended, CRISIL Dynamic Gilt Index,16.18,7.24,4.53,5.69,5000.0,1.09,5000.0
ICICI Pru Gilt Fund(G), Debt - Gilt Fund, Open ended, CRISIL Dynamic Gilt Index,84.44,7.24,4.53,5.69,5000.0,1.09,5000.0
ICICI Pru Large & Mid Cap Fund(IDCW), Equity - Large & Mid Cap Fund, Open ended, NIFTY LargeMidcap 250 - TRI,22.38,9.92,20.44,12.12,5000.0,1.87,1000.0
ICICI Pru Large & Mid Cap Fund(G), Equity - Large & Mid Cap Fund, Open ended, NIFTY LargeMidcap 250 - TRI,585.43,9.92,20.43,12.37,5000.0,1.87,1000.0
ICICI Pru Multicap Fund(IDCW), Equity - Multi Cap Fund, Open ended, Nifty500 Multicap 50:25:25 - TRI,24.27,5.78,15.73,10.39,5000.0,1.92,1000.0
ICICI Pru Multicap Fund(G), Equity - Multi Cap Fund, Open ended, Nifty500 Multicap 50:25:25 - TRI,466.6,5.77,15.73,10.75,5000.0,1.92,1000.0
ICICI Pru Short Term Fund(G), Debt - Short Duration Fund, Open ended, Nifty Short Duration Debt Index,50.05,6.32,5.02,5.93,5000.0,1.07,1000.0
ICICI Pru Short Term Fund(M-IDCW), Debt - Short Duration Fund, Open ended, Nifty Short Duration Debt Index,12.1,6.32,5.02,5.81,5000.0,1.07,1000.0
ICICI Pru LT Equity Fund (Tax Saving)(IDCW), Equity - ELSS, Open ended, NIFTY 500 - TRI,20.95,1.73,14.88,10.5,1000.0,1.78,1000.0
ICICI Pru LT Equity Fund (Tax Saving)(G), Equity - ELSS, Open ended, NIFTY 500 - TRI,599.32,1.74,14.95,11.12,1000.0,1.78,1000.0
Edelweiss Large & Mid Cap Fund-Reg(IDCW), Equity - Large & Mid Cap Fund, Open ended, NIFTY LargeMidcap 250 - TRI,20.4,3.04,15.07,11.24,5000.0,2.17,1000.0
Edelweiss Large & Mid Cap Fund-Reg(G), Equity - Large & Mid Cap Fund, Open ended, NIFTY LargeMidcap 250 - TRI,53.5,3.04,15.65,11.76,5000.0,2.17,1000.0
Kotak Bluechip Fund(IDCW), Equity - Large Cap Fund, Open ended, NIFTY 100 - TRI,49.68,3.75,14.65,11.22,1000.0,1.92,1000.0
Kotak Bluechip Fund(G), Equity - Large Cap Fund, Open ended, NIFTY 100 - TRI,384.84,3.76,14.65,11.53,1000.0,1.92,1000.0
Kotak Bond Fund-Reg(IDCW Payout), Debt - Medium to Long Duration Fund, Open ended, NIFTY Medium to Long Term Debt Index,39.31,4.71,1.9,4.59,5000.0,1.78,1000.0
Kotak Bond Fund-Reg(G), Debt - Medium to Long Duration Fund, Open ended, NIFTY Medium to Long Term Debt Index,64.16,4.71,1.9,4.59,5000.0,1.78,1000.0
Kotak India EQ Contra Fund(IDCW), Equity - Contra Fund, Open ended, NIFTY500 Value 50 - TRI,30.59,6.57,16.17,12.63,5000.0,2.22,1000.0
Kotak India EQ Contra Fund(G), Equity - Contra Fund, Open ended, NIFTY500 Value 50 - TRI,88.75,6.57,16.17,12.92,5000.0,2.22,1000.0
Invesco India Growth Opp Fund(IDCW), Equity - Large & Mid Cap Fund, Open ended, NIFTY LargeMidcap 250 - TRI,25.66,0.16,11.34,9.71,1000.0,1.91,1000.0
Invesco India Growth Opp Fund(G), Equity - Large & Mid Cap Fund, Open ended, NIFTY LargeMidcap 250 - TRI,51.79,0.16,11.33,9.71,1000.0,1.91,1000.0
Invesco India Tax Plan(IDCW), Equity - ELSS, Open ended, S&P BSE 500 - TRI,20.79,-5.78,11.11,9.14,1000.0,2.09,1000.0
Invesco India Tax Plan(G), Equity - ELSS, Open ended, S&P BSE 500 - TRI,77.27,-5.79,11.04,9.6,1000.0,2.09,1000.0
Sundaram Aggressive Hybrid Fund(M-IDCW), Hybrid - Aggressive Hybrid Fund, Open ended, CRISIL Hybrid 35+65 - Aggressive Index,25.79,2.85,12.06,7.36,1000.0,2.06,1000.0
Sundaram Aggressive Hybrid Fund(G), Hybrid - Aggressive Hybrid Fund, Open ended, CRISIL Hybrid 35+65 - Aggressive Index,113.52,2.85,13.09,8.49,1000.0,2.06,1000.0
Sundaram Multi Cap Fund(H-IDCW), Equity - Multi Cap Fund, Open ended, Nifty500 Multicap 50:25:25 - TRI,49.9,-0.99,16.5,9.87,1000.0,2.15,1000.0
Sundaram Multi Cap Fund(G), Equity - Multi Cap Fund, Open ended, Nifty500 Multicap 50:25:25 - TRI,235.96,-0.98,16.5,9.87,1000.0,2.15,1000.0
Nippon India Large Cap Fund(IDCW), Equity - Large Cap Fund, Open ended, S&P BSE 100 - TRI,21.4,10.67,15.97,10.58,1000.0,1.81,1000.0
Nippon India Large Cap Fund(G), Equity - Large Cap Fund, Open ended, S&P BSE 100 - TRI,55.46,10.67,15.97,11.02,1000.0,1.81,1000.0
Nippon India Floating Rate Fund(M-IDCW), Debt - Floater Fund, Open ended, NIFTY 500 - TRI,11.04,5.34,3.93,5.67,5000.0,0.6,1000.0
Nippon India Floating Rate Fund(DD-IDCW), Debt - Floater Fund, Open ended, NIFTY 500 - TRI,10.23,5.37,4.0,5.74,5000.0,0.6,1000.0
Nippon India Floating Rate Fund(W-IDCW), Debt - Floater Fund, Open ended, NIFTY 500 - TRI,10.24,5.33,3.93,5.72,5000.0,0.6,1000.0
Nippon India Floating Rate Fund(G), Debt - Floater Fund, Open ended, NIFTY 500 - TRI,37.51,5.33,3.93,5.82,5000.0,0.6,1000.0
Nippon India Growth Fund(IDCW), Equity - Mid Cap Fund, Open ended, Nifty Midcap 150 - TRI,79.71,6.92,19.45,12.5,1000.0,1.83,1000.0
Nippon India Growth Fund(G), Equity - Mid Cap Fund, Open ended, Nifty Midcap 150 - TRI,2156.6,6.92,20.35,13.26,1000.0,1.83,1000.0
Nippon India Low Duration Fund(DD-IDCW), Debt - Low Duration Fund, Open ended, CRISIL Low Duration Debt Index,1008.97,5.41,4.4,4.93,10000.0,1.03,10000.0
Nippon India Low Duration Fund(G), Debt - Low Duration Fund, Open ended, CRISIL Low Duration Debt Index,3164.08,5.3,4.34,4.99,1000.0,1.03,1000.0
Nippon India Low Duration Fund(M-IDCW), Debt - Low Duration Fund, Open ended, CRISIL Low Duration Debt Index,1025.28,5.3,4.34,4.92,1000.0,1.03,1000.0
Nippon India Low Duration Fund(W-IDCW), Debt - Low Duration Fund, Open ended, CRISIL Low Duration Debt Index,1009.18,5.31,4.34,4.91,5000.0,1.03,1000.0
Nippon India Focused Equity Fund(IDCW), Equity - Focused Fund, Open ended, S&P BSE 500 - TRI,29.77,2.92,17.88,9.76,5000.0,1.89,1000.0
Nippon India Focused Equity Fund(G), Equity - Focused Fund, Open ended, S&P BSE 500 - TRI,79.77,2.92,18.26,10.18,5000.0,1.89,1000.0
Nippon India Corp Bond Fund(G), Debt - Corporate Bond Fund, Open ended, NIFTY Corporate Bond Index,49.62,5.79,4.37,5.76,1000.0,0.68,1000.0
Nippon India Corp Bond Fund(M-IDCW), Debt - Corporate Bond Fund, Open ended, NIFTY Corporate Bond Index,11.54,5.79,4.37,5.64,5000.0,0.68,1000.0
Nippon India Corp Bond Fund(Q-IDCW), Debt - Corporate Bond Fund, Open ended, NIFTY Corporate Bond Index,11.76,5.79,4.37,5.53,5000.0,0.68,1000.0
Nippon India Value Fund(G), Equity - Value Fund, Open ended, NIFTY 500 - TRI,125.57,2.88,17.91,11.0,1000.0,1.94,1000.0
Nippon India Short Term Fund(M-IDCW), Debt - Short Duration Fund, Open ended, NIFTY 500 - TRI,11.44,4.74,3.2,5.18,1000.0,1.16,1000.0
Nippon India Short Term Fund(G), Debt - Short Duration Fund, Open ended, NIFTY 500 - TRI,43.99,4.73,3.2,5.27,1000.0,1.16,1000.0
Nippon India Short Term Fund(Q-IDCW), Debt - Short Duration Fund, Open ended, NIFTY 500 - TRI,14.63,4.73,3.2,5.06,1000.0,1.16,1000.0
SBI Magnum Gilt Fund-Reg(IDCW), Debt - Gilt Fund, Open ended, Nifty All Duration G-Sec Index,16.75,7.31,4.67,5.43,5000.0,0.94,1000.0
SBI Magnum Gilt Fund-Reg(G), Debt - Gilt Fund, Open ended, Nifty All Duration G-Sec Index,54.48,7.31,4.67,5.42,5000.0,0.94,1000.0
SBI Magnum Midcap Fund-Reg(IDCW), Equity - Mid Cap Fund, Open ended, Nifty Free Float Midcap 150 - TRI,59.28,6.23,23.05,12.19,5000.0,1.8,1000.0
SBI Magnum Midcap Fund-Reg(G), Equity - Mid Cap Fund, Open ended, Nifty Free Float Midcap 150 - TRI,145.07,6.23,23.05,12.19,5000.0,1.8,1000.0
SBI Conservative Hybrid Fund-Reg(A-IDCW), Hybrid - Conservative Hybrid Fund, Open ended, NIFTY 50 Hybrid Composite Debt 15:85 Index,19.81,5.32,9.91,7.53,5000.0,1.11,1000.0
SBI Conservative Hybrid Fund-Reg(M-IDCW), Hybrid - Conservative Hybrid Fund, Open ended, NIFTY 50 Hybrid Composite Debt 15:85 Index,17.25,5.32,9.87,7.66,5000.0,1.11,1000.0
SBI Conservative Hybrid Fund-Reg(Q-IDCW), Hybrid - Conservative Hybrid Fund, Open ended, NIFTY 50 Hybrid Composite Debt 15:85 Index,16.2,5.31,9.91,7.51,5000.0,1.11,1000.0
SBI Conservative Hybrid Fund-Reg(G), Hybrid - Conservative Hybrid Fund, Open ended, NIFTY 50 Hybrid Composite Debt 15:85 Index,56.16,5.32,9.91,8.19,5000.0,1.11,1000.0
SBI Flexicap Fund-Reg(IDCW), Equity - Flexi Cap Fund, Open ended, S&P BSE 500 - TRI,34.01,0.57,13.19,9.83,1000.0,1.7,1000.0
SBI Flexicap Fund-Reg(G), Equity - Flexi Cap Fund, Open ended, S&P BSE 500 - TRI,75.96,0.57,13.18,9.82,1000.0,1.7,1000.0
SBI Dynamic Bond Fund-Reg(IDCW), Debt - Dynamic Bond, Open ended, CRISIL Dynamic Debt Index,15.54,7.52,4.64,4.69,5000.0,1.64,1000.0
SBI Dynamic Bond Fund-Reg(G), Debt - Dynamic Bond, Open ended, CRISIL Dynamic Debt Index,29.64,7.52,4.64,4.69,5000.0,1.64,1000.0
SBI Contra Fund-Reg(IDCW), Equity - Contra Fund, Open ended, S&P BSE 500 - TRI,39.7,14.48,29.38,13.69,5000.0,1.91,1000.0
SBI Contra Fund-Reg(G), Equity - Contra Fund, Open ended, S&P BSE 500 - TRI,228.95,14.48,29.38,13.69,5000.0,1.91,1000.0
SBI Long Term Equity Fund-Reg(IDCW), Equity - ELSS, Open ended, S&P BSE 500 - TRI,53.84,9.0,17.18,9.9,1000.0,1.73,1000.0
SBI Long Term Equity Fund-Reg(G), Equity - ELSS, Open ended, S&P BSE 500 - TRI,238.68,9.0,17.59,10.35,1000.0,1.73,1000.0
SBI Magnum Low Duration Fund-Reg(DD-IDCW), Debt - Low Duration Fund, Open ended, CRISIL Low Duration Debt Index,1151.63,5.46,4.3,4.46,5000.0,0.96,1000.0
SBI Magnum Low Duration Fund-Reg(FN-IDCW), Debt - Low Duration Fund, Open ended, CRISIL Low Duration Debt Index,1171.77,5.46,4.3,4.51,5000.0,0.96,1000.0
SBI Magnum Low Duration Fund-Reg(G), Debt - Low Duration Fund, Open ended, CRISIL Low Duration Debt Index,2956.6,5.46,4.3,4.54,5000.0,0.96,1000.0
SBI Magnum Low Duration Fund-Reg(M-IDCW), Debt - Low Duration Fund, Open ended, CRISIL Low Duration Debt Index,1296.79,5.46,4.3,4.5,5000.0,0.96,1000.0
SBI Magnum Low Duration Fund-Reg(W-IDCW), Debt - Low Duration Fund, Open ended, CRISIL Low Duration Debt Index,1151.61,5.46,4.3,4.46,5000.0,0.96,1000.0
Sundaram Large and Mid Cap Fund(IDCW), Equity - Large & Mid Cap Fund, Open ended, NIFTY LargeMidcap 250 - TRI,23.07,0.04,12.79,10.35,1000.0,1.9,1000.0
Sundaram Large and Mid Cap Fund(G), Equity - Large & Mid Cap Fund, Open ended, NIFTY LargeMidcap 250 - TRI,54.76,0.03,12.79,10.78,1000.0,1.9,1000.0
Tata Large & Mid Cap Fund(IDCW), Equity - Large & Mid Cap Fund, Open ended, NIFTY LargeMidcap 250 - TRI,57.23,10.13,16.75,12.26,5000.0,2.01,1000.0
Tata Large & Mid Cap Fund(G), Equity - Large & Mid Cap Fund, Open ended, NIFTY LargeMidcap 250 - TRI,354.98,10.2,16.59,12.26,5000.0,2.01,1000.0
Tata Mid Cap Growth Fund-Reg(IDCW), Equity - Mid Cap Fund, Open ended, Nifty Midcap 150 - TRI,68.0,3.34,16.92,11.36,5000.0,1.91,1000.0
Tata Mid Cap Growth Fund-Reg(G), Equity - Mid Cap Fund, Open ended, Nifty Midcap 150 - TRI,246.31,3.44,17.0,11.64,5000.0,1.91,1000.0
Tata India Tax Savings Fund-Reg(IDCW-Payout), Equity - ELSS, Open ended, NIFTY 500 - TRI,74.34,4.72,14.0,9.97,1000.0,2.02,1000.0
Templeton India Equity Income Fund(G), Equity - Dividend Yield Fund, Open ended, Nifty Dividend Opportunities 50,88.34,7.38,23.58,12.98,5000.0,2.31,1000.0
Templeton India Equity Income Fund(IDCW), Equity - Dividend Yield Fund, Open ended, Nifty Dividend Opportunities 50,20.4,7.38,23.58,12.61,5000.0,2.31,1000.0
UTI Dividend Yield Fund-Reg(G), Equity - Dividend Yield Fund, Open ended, NIFTY 500 - TRI,105.73,1.4,16.29,10.39,5000.0,2.08,1000.0
UTI Dividend Yield Fund-Reg(IDCW), Equity - Dividend Yield Fund, Open ended, NIFTY 500 - TRI,21.42,1.41,16.29,10.06,5000.0,2.08,1000.0
UTI LT Equity Fund (Tax Saving)-Reg(G), Equity - ELSS, Open ended, NIFTY 500 - TRI,140.27,-2.08,13.76,9.97,1000.0,2.01,1000.0
UTI LT Equity Fund (Tax Saving)-Reg(IDCW), Equity - ELSS, Open ended, NIFTY 500 - TRI,26.8,-2.08,13.75,9.77,1000.0,2.01,1000.0
UTI Treasury Advantage Fund-Reg(DD-IDCW), Debt - Low Duration Fund, Open ended, CRISIL Low Duration Debt Index,1147.73,5.65,4.79,6.77,20000.0,0.44,1000.0
UTI Treasury Advantage Fund-Reg(G), Debt - Low Duration Fund, Open ended, CRISIL Low Duration Debt Index,2977.85,5.65,4.79,6.77,20000.0,0.44,1000.0
UTI Treasury Advantage Fund-Reg(M-IDCW), Debt - Low Duration Fund, Open ended, CRISIL Low Duration Debt Index,1170.71,5.65,4.79,6.77,20000.0,0.44,1000.0
UTI Treasury Advantage Fund-Reg(W-IDCW), Debt - Low Duration Fund, Open ended, CRISIL Low Duration Debt Index,1150.62,5.65,4.79,6.77,20000.0,0.44,1000.0
UTI Mastershare-Reg(G), Equity - Large Cap Fund, Open ended, S&P BSE 100 - TRI,193.66,-0.31,13.56,10.79,1000.0,1.93,1000.0
UTI Mastershare-Reg(IDCW), Equity - Large Cap Fund, Open ended, S&P BSE 100 - TRI,41.29,-0.31,13.56,10.38,5000.0,1.93,1000.0
UTI Mid Cap Fund-Reg(G), Equity - Mid Cap Fund, Open ended, Nifty Midcap 150 - TRI,186.38,1.65,19.89,10.35,5000.0,2.11,1000.0
UTI Mid Cap Fund-Reg(IDCW), Equity - Mid Cap Fund, Open ended, Nifty Midcap 150 - TRI,88.2,1.65,19.89,10.35,5000.0,2.11,1000.0
UTI ST Income Fund-Reg(Q-IDCW), Debt - Short Duration Fund, Open ended, NIFTY 500 - TRI,13.72,5.65,4.04,7.07,20000.0,0.96,1000.0
UTI ST Income Fund-Reg(G), Debt - Short Duration Fund, Open ended, NIFTY 500 - TRI,26.51,5.64,4.04,7.07,1000.0,0.96,1000.0
UTI Arbitrage Fund-Reg(IDCW), Hybrid - Arbitrage Fund, Open ended, Nifty 50 Arbitrage,16.72,4.42,4.06,4.63,5000.0,0.93,1000.0
UTI Arbitrage Fund-Reg(G), Hybrid - Arbitrage Fund, Open ended, Nifty 50 Arbitrage,29.59,4.42,4.12,4.91,5000.0,0.93,1000.0
Invesco India Multicap Fund(G), Equity - Multi Cap Fund, Open ended, Nifty500 Multicap 50:25:25 - TRI,78.11,1.09,14.5,9.19,1000.0,2.04,1000.0
Invesco India Multicap Fund(IDCW), Equity - Multi Cap Fund, Open ended, Nifty500 Multicap 50:25:25 - TRI,70.82,1.09,14.5,9.18,1000.0,2.04,1000.0
Kotak Low Duration Fund(G), Debt - Low Duration Fund, Open ended, NIFTY Low Duration Debt Index,2830.31,5.55,4.14,4.91,5000.0,1.18,1000.0
Kotak Low Duration Fund(IDCW), Debt - Low Duration Fund, Open ended, NIFTY Low Duration Debt Index,1078.82,5.56,4.14,4.89,5000.0,1.18,1000.0
Mirae Asset Savings Fund-Reg Savings Plan(G), Debt - Low Duration Fund, Open ended, NIFTY Low Duration Debt Index,1912.8,5.25,4.3,4.44,5000.0,0.93,1000.0
Mirae Asset Savings Fund-Reg Savings Plan(DD-IDCW), Debt - Low Duration Fund, Open ended, NIFTY Low Duration Debt Index,1005.16,5.25,4.3,4.39,5000.0,0.93,1000.0
Mirae Asset Savings Fund-Reg Savings Plan(W-IDCW), Debt - Low Duration Fund, Open ended, NIFTY Low Duration Debt Index,1106.9,5.26,4.3,4.41,5000.0,0.93,1000.0
Nippon India Low Duration Fund(Q-IDCW), Debt - Low Duration Fund, Open ended, CRISIL Low Duration Debt Index,1020.48,5.3,4.34,4.92,1000.0,1.03,1000.0
Kotak Dynamic Bond Fund-Reg(G), Debt - Dynamic Bond, Open ended, NIFTY Composite Debt Index,30.93,3.54,2.06,4.84,5000.0,1.33,1000.0
Mirae Asset Savings Fund-Reg Savings Plan(M-IDCW), Debt - Low Duration Fund, Open ended, NIFTY Low Duration Debt Index,1090.99,5.25,4.3,4.38,5000.0,0.93,1000.0
Nippon India Corp Bond Fund(DD-IDCW), Debt - Corporate Bond Fund, Open ended, NIFTY Corporate Bond Index,17.09,5.9,4.5,5.74,5000.0,0.68,1000.0
Nippon India Corp Bond Fund(W-IDCW), Debt - Corporate Bond Fund, Open ended, NIFTY Corporate Bond Index,17.09,5.79,4.37,5.69,5000.0,0.68,1000.0
IDFC Tax Advt(ELSS) Fund-Reg(G), Equity - ELSS, Open ended, S&P BSE 500 - TRI,101.36,4.15,21.04,11.54,1000.0,2.02,1000.0
IDFC Tax Advt(ELSS) Fund-Reg(IDCW), Equity - ELSS, Open ended, S&P BSE 500 - TRI,26.76,4.17,21.05,11.39,1000.0,2.02,1000.0
IDFC G-Sec-Invest-Reg(G), Debt - Gilt Fund, Open ended, CRISIL Dynamic Gilt Index,29.12,3.83,1.34,4.8,1000.0,1.24,1000.0
IDFC G-Sec-Invest-Reg(IDCW), Debt - Gilt Fund, Open ended, CRISIL Dynamic Gilt Index,10.97,3.83,1.34,2.59,1000.0,1.24,1000.0
Aditya Birla SL Income Fund(DAP), Debt - Medium to Long Duration Fund, Open ended, CRISIL Medium to Long Term Debt Index,26.51,4.79,2.44,5.5,1000.0,1.69,1000.0
ICICI Pru Focused Equity Fund(G), Equity - Focused Fund, Open ended, S&P BSE 500 - TRI,51.86,5.88,21.29,12.05,5000.0,1.95,1000.0
ICICI Pru Focused Equity Fund(IDCW), Equity - Focused Fund, Open ended, S&P BSE 500 - TRI,19.8,5.86,21.28,11.68,5000.0,1.95,1000.0
Nippon India Value Fund(IDCW), Equity - Value Fund, Open ended, NIFTY 500 - TRI,31.73,2.88,17.52,10.57,1000.0,1.94,1000.0
ICICI Pru All Seasons Bond Fund(IDCW), Debt - Dynamic Bond, Open ended, NIFTY Composite Bond Index,19.01,6.66,4.96,6.14,5000.0,1.33,1000.0
Kotak Flexicap Fund(G), Equity - Flexi Cap Fund, Open ended, NIFTY 500 - TRI,54.52,3.84,12.54,10.57,5000.0,1.59,1000.0
Kotak Flexicap Fund(IDCW), Equity - Flexi Cap Fund, Open ended, NIFTY 500 - TRI,32.92,3.84,12.54,10.26,5000.0,1.59,1000.0
SBI Small Cap Fund-Reg(G), Equity - Small cap Fund, Open ended, S&P BSE 250 Small Cap - TRI,111.74,9.65,24.58,13.03,5000.0,1.83,1000.0
SBI Small Cap Fund-Reg(IDCW-Payout), Equity - Small cap Fund, Open ended, S&P BSE 250 Small Cap - TRI,66.01,9.65,24.58,13.03,5000.0,1.83,1000.0
Aditya Birla SL Arbitrage Fund(G), Hybrid - Arbitrage Fund, Open ended, Nifty 50 Arbitrage,22.49,4.42,4.03,4.85,1000.0,1.05,1000.0
Aditya Birla SL Arbitrage Fund(IDCW), Hybrid - Arbitrage Fund, Open ended, Nifty 50 Arbitrage,11.2,4.06,3.93,4.53,1000.0,1.05,1000.0
UTI Money Market Fund-Reg(G), Debt - Money Market Fund, Open ended, CRISIL Money Market Index,2582.92,6.19,5.25,4.91,1000.0,0.27,1000.0
UTI Money Market Fund-Reg(DD-IDCW), Debt - Money Market Fund, Open ended, CRISIL Money Market Index,1088.6,6.19,5.25,4.83,20000.0,0.27,1000.0
HSBC Value Fund-Reg(G), Equity - Value Fund, Open ended, NIFTY 500 - TRI,61.45,6.54,18.17,9.94,5000.0,1.84,1000.0
HSBC Value Fund-Reg(IDCW), Equity - Value Fund, Open ended, NIFTY 500 - TRI,35.34,6.61,18.19,9.78,5000.0,1.84,1000.0
Axis Short Term Fund-Reg(G), Debt - Short Duration Fund, Open ended, Nifty Short Duration Debt Index,25.77,5.07,3.84,5.36,5000.0,0.99,1000.0
Axis Short Term Fund-Reg(M-IDCW), Debt - Short Duration Fund, Open ended, Nifty Short Duration Debt Index,10.22,5.07,3.84,5.29,5000.0,0.99,1000.0
ICICI Pru All Seasons Bond Fund(G), Debt - Dynamic Bond, Open ended, NIFTY Composite Bond Index,30.57,6.66,4.96,6.14,5000.0,1.33,1000.0
Canara Rob Conservative Hybrid Fund-Reg(Q-IDCW), Hybrid - Conservative Hybrid Fund, Open ended, CRISIL Hybrid 85+15 - Conservative Index,13.42,2.86,6.8,6.19,5000.0,1.83,1000.0
UTI Money Market Fund-Reg(W-IDCW), Debt - Money Market Fund, Open ended, CRISIL Money Market Index,1134.17,6.19,5.25,4.91,20000.0,0.27,1000.0
IDFC Nifty 50 Index Fund-Reg(G), Index Funds - Nifty, Open ended, NIFTY 50 - TRI,38.3,4.7,15.02,12.21,1000.0,0.6,1000.0
IDFC Nifty 50 Index Fund-Reg(IDCW), Index Funds - Nifty, Open ended, NIFTY 50 - TRI,34.75,4.7,14.59,11.95,1000.0,0.6,1000.0
IDFC G-Sec-Invest-Reg(A-IDCW), Debt - Gilt Fund, Open ended, CRISIL Dynamic Gilt Index,10.94,3.83,1.34,3.59,1000.0,1.24,1000.0
IDFC G-Sec-Invest-Reg(Q-IDCW), Debt - Gilt Fund, Open ended, CRISIL Dynamic Gilt Index,11.55,3.83,1.34,4.54,1000.0,1.24,1000.0
Mirae Asset Savings Fund-Reg Savings Plan(Q-IDCW), Debt - Low Duration Fund, Open ended, NIFTY Low Duration Debt Index,1004.98,5.25,4.3,4.98,5000.0,0.93,1000.0
Canara Rob Short Duration Fund-Reg(G), Debt - Short Duration Fund, Open ended, NIFTY 500 - TRI,21.54,4.34,3.07,4.55,5000.0,1.03,1000.0
Canara Rob Short Duration Fund-Reg(M-IDCW), Debt - Short Duration Fund, Open ended, NIFTY 500 - TRI,14.93,4.33,3.07,4.49,5000.0,1.03,1000.0
Canara Rob Short Duration Fund-Reg(Q-IDCW), Debt - Short Duration Fund, Open ended, NIFTY 500 - TRI,14.8,4.34,3.07,4.13,5000.0,1.03,1000.0
ICICI Pru Credit Risk Fund(G), Debt - Credit Risk Fund, Open ended, CRISIL Short Term Credit Risk Fund,26.2,5.1,4.59,6.49,1000.0,1.55,1000.0
ICICI Pru Credit Risk Fund(Q-IDCW), Debt - Credit Risk Fund, Open ended, CRISIL Short Term Credit Risk Fund,10.91,5.1,4.59,6.46,1000.0,1.55,1000.0
DSP Small Cap Fund-Reg(IDCW), Equity - Small cap Fund, Open ended, S&P BSE 250 Small Cap - TRI,43.15,2.85,24.38,10.17,1000.0,1.83,1000.0
Nippon India Index Fund-Nifty 50 Plan(G), Index Funds - Nifty, Open ended, NIFTY 50 - TRI,30.11,4.16,14.05,11.37,1000.0,0.59,1000.0
Nippon India Index Fund-Nifty 50 Plan(Q-IDCW), Index Funds - Nifty, Open ended, NIFTY 50 - TRI,23.74,4.16,13.68,10.91,1000.0,0.59,1000.0
Nippon India Index Fund-Nifty 50 Plan(H-IDCW), Index Funds - Nifty, Open ended, NIFTY 50 - TRI,23.74,4.16,13.68,10.91,1000.0,0.59,1000.0
Nippon India Index Fund-Nifty 50 Plan(A-IDCW), Index Funds - Nifty, Open ended, NIFTY 50 - TRI,23.66,4.16,13.68,10.84,1000.0,0.59,1000.0
Nippon India Arbitrage Fund(G), Hybrid - Arbitrage Fund, Open ended, Nifty 50 Arbitrage,22.53,4.44,4.12,4.98,5000.0,1.15,1000.0
Nippon India Arbitrage Fund(IDCW), Hybrid - Arbitrage Fund, Open ended, Nifty 50 Arbitrage,13.5,4.44,4.15,4.8,5000.0,1.15,1000.0
ICICI Pru All Seasons Bond Fund(Q-IDCW), Debt - Dynamic Bond, Open ended, NIFTY Composite Bond Index,11.49,6.66,4.96,6.14,5000.0,1.33,1000.0
Invesco India Ultra Short Term Fund(G), Debt - Ultra Short Duration Fund, Open ended, NIFTY Ultra Short Duration Debt Index,2285.44,5.35,4.42,4.07,1000.0,0.89,1000.0
Invesco India Ultra Short Term Fund(M-IDCW), Debt - Ultra Short Duration Fund, Open ended, NIFTY Ultra Short Duration Debt Index,1013.86,5.35,4.42,3.99,1000.0,0.89,1000.0
Invesco India Ultra Short Term Fund(Q-IDCW), Debt - Ultra Short Duration Fund, Open ended, NIFTY Ultra Short Duration Debt Index,1169.23,5.35,4.43,3.99,1000.0,0.89,1000.0
Invesco India Ultra Short Term Fund(A-IDCW), Debt - Ultra Short Duration Fund, Open ended, NIFTY Ultra Short Duration Debt Index,1115.08,5.35,4.42,3.32,1000.0,0.89,1000.0
Union Flexi Cap Fund-Reg(G), Equity - Flexi Cap Fund, Open ended, S&P BSE 500 - TRI,33.36,0.85,16.1,11.96,1000.0,2.25,1000.0
Union Flexi Cap Fund-Reg(IDCW), Equity - Flexi Cap Fund, Open ended, S&P BSE 500 - TRI,21.07,0.86,16.1,11.75,1000.0,2.25,1000.0
ICICI Pru Regular Gold Savings Fund(FOF)(G), FoFs (Domestic / Overseas ) - Gold, Open ended, Gold-India,18.1,12.6,10.09,11.5,1000.0,0.53,1000.0
ICICI Pru Regular Gold Savings Fund(FOF)(IDCW), FoFs (Domestic / Overseas ) - Gold, Open ended, Gold-India,18.1,12.6,10.09,11.5,1000.0,0.53,1000.0
Union Small Cap Fund-Reg(G), Equity - Small cap Fund, Open ended, S&P BSE 250 Small Cap - TRI,28.74,1.74,22.72,11.42,1000.0,2.52,1000.0
Union Small Cap Fund-Reg(IDCW), Equity - Small cap Fund, Open ended, S&P BSE 250 Small Cap - TRI,24.96,1.72,22.72,11.41,1000.0,2.52,1000.0
ICICI Pru Dividend Yield Equity Fund(G), Equity - Dividend Yield Fund, Open ended, NIFTY 500 - TRI,29.68,8.53,23.79,10.25,5000.0,2.3,1000.0
ICICI Pru Dividend Yield Equity Fund(IDCW-Payout), Equity - Dividend Yield Fund, Open ended, NIFTY 500 - TRI,16.32,8.6,19.99,7.84,5000.0,2.3,1000.0
IDFC G-Sec-Invest-Reg(H-IDCW), Debt - Gilt Fund, Open ended, CRISIL Dynamic Gilt Index,10.99,3.83,1.34,4.29,1000.0,1.24,1000.0
HDFC Credit Risk Debt Fund-(G), Debt - Credit Risk Fund, Open ended, NIFTY Credit Risk Bond Index,20.09,5.21,3.71,6.64,1000.0,1.61,1000.0
HDFC Credit Risk Debt Fund-(Q-IDCW), Debt - Credit Risk Fund, Open ended, NIFTY Credit Risk Bond Index,10.25,5.21,3.71,6.53,1000.0,1.61,1000.0
Franklin India Banking & PSU Debt Fund(G), Debt - Banking and PSU Fund, Open ended, NIFTY Banking and PSU Debt Index,18.81,4.62,3.45,4.69,5000.0,0.53,1000.0
Franklin India Banking & PSU Debt Fund(IDCW), Debt - Banking and PSU Fund, Open ended, NIFTY Banking and PSU Debt Index,10.28,4.62,3.45,4.25,5000.0,0.53,1000.0
Nippon India Arbitrage Fund(M-IDCW), Hybrid - Arbitrage Fund, Open ended, Nifty 50 Arbitrage,11.74,4.44,4.08,4.71,5000.0,1.15,1000.0
HSBC Arbitrage Fund-Reg(G), Hybrid - Arbitrage Fund, Open ended, Nifty 50 Arbitrage,16.13,4.31,4.13,4.86,5000.0,1.02,1000.0
HSBC Arbitrage Fund-Reg(M-IDCW Payout), Hybrid - Arbitrage Fund, Open ended, Nifty 50 Arbitrage,10.27,3.9,3.96,4.53,5000.0,1.02,1000.0
HSBC Arbitrage Fund-Reg(Q-IDCW Payout), Hybrid - Arbitrage Fund, Open ended, Nifty 50 Arbitrage,11.08,4.31,4.07,4.59,5000.0,1.02,1000.0
UTI Money Market Fund-Reg(M-IDCW), Debt - Money Market Fund, Open ended, CRISIL Money Market Index,1039.84,6.19,5.25,4.87,20000.0,0.27,1000.0
Tata India Tax Savings Fund-Reg(G), Equity - ELSS, Open ended, NIFTY 500 - TRI,29.33,4.74,14.37,10.58,1000.0,2.02,1000.0
LIC MF Large & Midcap Fund-Reg(G), Equity - Large & Mid Cap Fund, Open ended, NIFTY LargeMidcap 250 - TRI,23.66,-2.26,11.76,9.54,5000.0,2.09,1000.0
LIC MF Large & Midcap Fund-Reg(IDCW), Equity - Large & Mid Cap Fund, Open ended, NIFTY LargeMidcap 250 - TRI,19.43,-2.27,11.76,9.43,5000.0,2.09,1000.0
DSP Small Cap Fund-Reg(IDCW-Reinv), Equity - Small cap Fund, Open ended, S&P BSE 250 Small Cap - TRI,43.15,2.85,24.38,10.17,1000.0,1.83,1000.0
Axis Equity Saver Fund-Reg(G), Hybrid - Equity Savings, Open ended, NIFTY 50 Equity Savings Index,17.04,1.67,7.38,7.68,1000.0,2.22,1000.0
Axis Equity Saver Fund-Reg(M-IDCW), Hybrid - Equity Savings, Open ended, NIFTY 50 Equity Savings Index,11.28,1.64,7.35,7.34,1000.0,2.22,1000.0
Axis Equity Saver Fund-Reg(Q-IDCW), Hybrid - Equity Savings, Open ended, NIFTY 50 Equity Savings Index,11.51,1.73,7.39,7.4,1000.0,2.22,1000.0
Mahindra Manulife Multi Cap Badhat Yojana-Reg(G), Equity - Multi Cap Fund, Open ended, Nifty500 Multicap 50:25:25 - TRI,20.42,-0.6,18.91,13.06,1000.0,2.3,1000.0
IDFC Credit Risk Fund-Reg(G), Debt - Credit Risk Fund, Open ended, NIFTY Credit Risk Bond Index,14.0,5.03,3.28,4.38,1000.0,1.6,1000.0
IDFC Credit Risk Fund-Reg(IDCW), Debt - Credit Risk Fund, Open ended, NIFTY Credit Risk Bond Index,10.87,5.03,3.28,2.72,1000.0,1.6,1000.0
IDFC Credit Risk Fund-Reg(Q-IDCW), Debt - Credit Risk Fund, Open ended, NIFTY Credit Risk Bond Index,10.37,5.03,3.28,4.27,1000.0,1.6,1000.0
IDFC Credit Risk Fund-Reg(H-IDCW), Debt - Credit Risk Fund, Open ended, NIFTY Credit Risk Bond Index,10.42,5.03,3.28,4.08,1000.0,1.6,1000.0
IDFC Credit Risk Fund-Reg(A-IDCW), Debt - Credit Risk Fund, Open ended, NIFTY Credit Risk Bond Index,10.42,5.03,3.28,3.72,1000.0,1.6,1000.0
Mahindra Manulife Multi Cap Badhat Yojana-Reg(IDCW), Equity - Multi Cap Fund, Open ended, Nifty500 Multicap 50:25:25 - TRI,17.22,-0.54,18.97,13.1,1000.0,2.3,1000.0
Aditya Birla SL G-Sec Fund(G), Debt - Gilt Fund, Open ended, Nifty All Duration G-Sec Index,67.54,4.2,1.92,4.97,1000.0,0.94,1000.0
Aditya Birla SL G-Sec Fund(Q-IDCW), Debt - Gilt Fund, Open ended, Nifty All Duration G-Sec Index,11.1,4.2,1.92,4.84,1000.0,0.94,1000.0
Aditya Birla SL Equity Hybrid '95 Fund(IDCW-Reinv), Hybrid - Aggressive Hybrid Fund, Open ended, CRISIL Hybrid 35+65 - Aggressive Index,146.15,-5.06,10.74,6.33,1000.0,1.85,1000.0
Aditya Birla SL Equity Hybrid '95 Fund(G), Hybrid - Aggressive Hybrid Fund, Open ended, CRISIL Hybrid 35+65 - Aggressive Index,1043.65,-5.06,10.81,6.7,1000.0,1.85,1000.0
Aditya Birla SL Tax Relief '96(ELSS U/S 80C of IT ACT)(IDCW), Equity - ELSS, Open ended, NIFTY 500 - TRI,157.49,-0.65,6.16,4.75,1000.0,1.78,1000.0
HSBC Money Market Fund-Reg(G), Debt - Money Market Fund, Open ended, Nifty Money Market Index,22.26,5.49,4.39,4.08,5000.0,0.73,1000.0
HSBC Money Market Fund-Reg(DD-IDCW), Debt - Money Market Fund, Open ended, Nifty Money Market Index,10.86,5.45,4.41,4.0,5000.0,0.73,1000.0
HSBC Money Market Fund-Reg(M-IDCW), Debt - Money Market Fund, Open ended, Nifty Money Market Index,11.58,5.49,4.39,3.96,5000.0,0.73,1000.0
HSBC Money Market Fund-Reg(W-IDCW), Debt - Money Market Fund, Open ended, Nifty Money Market Index,13.1,5.49,4.39,3.92,5000.0,0.73,1000.0
HSBC Corporate Bond Fund-Reg(G), Debt - Corporate Bond Fund, Open ended, NIFTY Corporate Bond Index,60.89,4.77,2.43,5.16,5000.0,0.63,1000.0
DSP G-Sec Fund-Reg(IDCW), Debt - Gilt Fund, Open ended, CRISIL Dynamic Gilt Index,12.46,4.84,3.14,5.5,1000.0,1.18,1000.0
DSP G-Sec Fund-Reg(G), Debt - Gilt Fund, Open ended, CRISIL Dynamic Gilt Index,78.71,4.85,3.14,5.31,1000.0,1.18,1000.0
DSP Strategic Bond Fund-Reg(M-IDCW Reinv), Debt - Dynamic Bond, Open ended, CRISIL Dynamic Debt Index,1061.76,3.83,1.96,4.16,1000.0,1.3712016129032258,1030.463038180341
DSP Strategic Bond Fund-Reg(IDCW), Debt - Dynamic Bond, Open ended, CRISIL Dynamic Debt Index,1244.91,3.83,1.97,3.67,1000.0,1.12,1000.0
DSP Strategic Bond Fund-Reg(G), Debt - Dynamic Bond, Open ended, CRISIL Dynamic Debt Index,2756.88,3.83,1.97,4.49,1000.0,1.12,1000.0
Quant Liquid Plan(DD-IDCW), Debt - Liquid Fund, Open ended, NIFTY 500 - TRI,12.89,4.92,2.31,1.53,5000.0,0.54,1000.0
Quant Liquid Plan(G), Debt - Liquid Fund, Open ended, NIFTY 500 - TRI,35.24,5.04,4.56,5.56,5000.0,0.54,1000.0
Quant Liquid Plan(M-IDCW), Debt - Liquid Fund, Open ended, NIFTY 500 - TRI,15.2,4.67,3.06,1.86,5000.0,0.54,1000.0
Quant Liquid Plan(W-IDCW), Debt - Liquid Fund, Open ended, NIFTY 500 - TRI,13.37,4.12,2.42,1.92,5000.0,0.54,1000.0
HSBC Banking and PSU Debt Fund-Reg(G), Debt - Banking and PSU Fund, Open ended, NIFTY Banking and PSU Debt Index,20.43,3.85,1.42,4.38,5000.0,0.61,1000.0
HSBC Banking and PSU Debt Fund-Reg(DD-IDCW), Debt - Banking and PSU Fund, Open ended, NIFTY Banking and PSU Debt Index,11.11,3.85,1.42,4.36,5000.0,0.61,1000.0
HSBC Banking and PSU Debt Fund-Reg(M-IDCW), Debt - Banking and PSU Fund, Open ended, NIFTY Banking and PSU Debt Index,10.79,3.85,1.42,4.29,5000.0,0.61,1000.0
HSBC Banking and PSU Debt Fund-Reg(W-IDCW), Debt - Banking and PSU Fund, Open ended, NIFTY Banking and PSU Debt Index,10.31,3.85,1.42,4.3,5000.0,0.61,1000.0
Franklin India Bluechip Fund(IDCW), Equity - Large Cap Fund, Open ended, NIFTY 100 - TRI,38.48,-0.27,13.63,8.32,5000.0,1.9,1000.0
Franklin India Bluechip Fund(G), Equity - Large Cap Fund, Open ended, NIFTY 100 - TRI,694.38,-0.27,13.63,8.77,5000.0,1.9,1000.0
Franklin India Equity Advantage Fund(IDCW), Equity - Large & Mid Cap Fund, Open ended, NIFTY LargeMidcap 250 - TRI,17.65,-1.13,13.98,8.24,5000.0,2.09,1000.0
Franklin India Equity Advantage Fund(G), Equity - Large & Mid Cap Fund, Open ended, NIFTY LargeMidcap 250 - TRI,119.85,-1.13,13.98,8.46,5000.0,2.09,1000.0
Franklin India Smaller Cos Fund(IDCW), Equity - Small cap Fund, Open ended, Nifty Smallcap 250 - TRI,35.39,8.78,23.08,9.25,5000.0,1.9,1000.0
Franklin India Smaller Cos Fund(G), Equity - Small cap Fund, Open ended, Nifty Smallcap 250 - TRI,96.57,8.78,23.4,9.62,5000.0,1.9,1000.0
Franklin India Taxshield(IDCW), Equity - ELSS, Open ended, NIFTY 500 - TRI,46.27,3.59,15.53,9.83,1000.0,1.9,1000.0
Franklin India Taxshield(G), Equity - ELSS, Open ended, NIFTY 500 - TRI,894.41,3.59,15.53,10.25,1000.0,1.9,1000.0
IDFC G-Sec-Constant Maturity Plan-Reg(G), Debt - Gilt Fund with 10 year constant duration, Open ended, NIFTY 500 - TRI,37.18,5.68,1.88,4.27,1000.0,0.65,1000.0
IDFC G-Sec-Constant Maturity Plan-Reg(M-IDCW), Debt - Gilt Fund with 10 year constant duration, Open ended, NIFTY 500 - TRI,10.47,5.68,1.88,3.95,1000.0,0.65,1000.0
IDFC G-Sec-Constant Maturity Plan-Reg(Q-IDCW), Debt - Gilt Fund with 10 year constant duration, Open ended, NIFTY 500 - TRI,11.34,5.69,1.88,3.99,1000.0,0.65,1000.0
HDFC Arbitrage-WP(G), Hybrid - Arbitrage Fund, Open ended, Nifty 50 Arbitrage,25.91,4.6,3.87,4.65,1000.0,0.95,1000.0
HDFC Arbitrage-WP(M-IDCW), Hybrid - Arbitrage Fund, Open ended, Nifty 50 Arbitrage,10.86,4.59,3.82,4.36,1000.0,0.95,1000.0
HDFC Arbitrage-WP(IDCW), Hybrid - Arbitrage Fund, Open ended, Nifty 50 Arbitrage,10.48,4.61,3.82,4.35,1000.0,0.95,1000.0
HDFC Capital Builder Value Fund(IDCW), Equity - Value Fund, Open ended, NIFTY 500 - TRI,26.94,3.13,15.73,7.85,1000.0,2.06,1000.0
HDFC Capital Builder Value Fund(G), Equity - Value Fund, Open ended, NIFTY 500 - TRI,446.89,3.11,16.16,8.39,1000.0,2.06,1000.0
HDFC Focused 30 Fund(IDCW), Equity - Focused Fund, Open ended, NIFTY 500 - TRI,20.04,16.74,20.21,9.5,1000.0,2.19,1000.0
HDFC Focused 30 Fund(G), Equity - Focused Fund, Open ended, NIFTY 500 - TRI,134.34,16.73,20.65,10.03,1000.0,2.19,1000.0
HDFC Medium Term Debt Fund(FN-IDCW), Debt - Medium Duration Fund, Open ended, NIFTY Medium Duration Debt Index,10.11,5.02,3.01,5.26,1000.0,1.33,1000.0
HDFC Medium Term Debt Fund(G), Debt - Medium Duration Fund, Open ended, NIFTY Medium Duration Debt Index,46.99,5.02,3.01,5.32,1000.0,1.33,1000.0
HDFC Income Fund(Q-IDCW), Debt - Medium to Long Duration Fund, Open ended, NIFTY Medium to Long Term Debt Index,10.96,4.87,1.85,3.19,1000.0,2.06,1000.0
HDFC Income Fund(G), Debt - Medium to Long Duration Fund, Open ended, NIFTY Medium to Long Term Debt Index,48.55,4.87,1.85,3.37,1000.0,2.06,1000.0
HDFC Hybrid Debt Fund(G), Hybrid - Conservative Hybrid Fund, Open ended, NIFTY 50 Hybrid Composite Debt 15:85 Index,63.18,5.52,9.38,7.68,1000.0,1.83,1000.0
HDFC Hybrid Debt Fund(M-IDCW), Hybrid - Conservative Hybrid Fund, Open ended, NIFTY 50 Hybrid Composite Debt 15:85 Index,13.26,5.52,9.19,6.35,1000.0,1.83,1000.0
HDFC Hybrid Debt Fund(Q-IDCW), Hybrid - Conservative Hybrid Fund, Open ended, NIFTY 50 Hybrid Composite Debt 15:85 Index,14.18,5.52,9.09,6.36,1000.0,1.83,1000.0
HDFC TaxSaver(IDCW), Equity - ELSS, Open ended, NIFTY 500 - TRI,59.2,12.58,16.52,8.13,1000.0,1.92,1000.0
HDFC TaxSaver(G), Equity - ELSS, Open ended, NIFTY 500 - TRI,820.26,12.58,17.1,8.73,1000.0,1.92,1000.0
HDFC Top 100 Fund(IDCW), Equity - Large Cap Fund, Open ended, NIFTY 100 - TRI,51.53,9.64,15.38,9.91,1000.0,1.79,1000.0
HDFC Top 100 Fund(G), Equity - Large Cap Fund, Open ended, NIFTY 100 - TRI,757.4,9.56,15.92,10.52,1000.0,1.79,1000.0
HSBC Liquid Fund(DD-IDCW), Debt - Liquid Fund, Open ended, Nifty Liquid Fund Index,1001.38,5.2,4.01,4.39,100000.0,0.22,1000.0
HSBC Liquid Fund(G), Debt - Liquid Fund, Open ended, Nifty Liquid Fund Index,2207.61,5.21,4.08,5.22,5000.0,0.22,1000.0
HSBC Liquid Fund(W-IDCW), Debt - Liquid Fund, Open ended, Nifty Liquid Fund Index,1107.81,5.16,3.94,4.35,100000.0,0.22,1000.0
HSBC Large Cap Fund(IDCW), Equity - Large Cap Fund, Open ended, NIFTY 100 - TRI,37.32,0.44,11.93,9.25,5000.0,2.22,1000.0
HSBC Large Cap Fund(G), Equity - Large Cap Fund, Open ended, NIFTY 100 - TRI,321.01,0.44,11.93,9.62,5000.0,2.22,1000.0
HSBC Flexi Cap Fund-Reg(G), Equity - Flexi Cap Fund, Open ended, NIFTY 500 - TRI,130.76,-1.53,12.81,7.97,5000.0,1.98,1000.0
ICICI Pru Midcap Fund(IDCW), Equity - Mid Cap Fund, Open ended, Nifty Midcap 150 - TRI,27.51,4.36,19.33,9.3,5000.0,2.09,1000.0
ICICI Pru Midcap Fund(G), Equity - Mid Cap Fund, Open ended, Nifty Midcap 150 - TRI,163.93,4.36,19.33,9.64,5000.0,2.09,1000.0
ICICI Pru Regular Savings Fund(G), Hybrid - Conservative Hybrid Fund, Open ended, NIFTY 50 Hybrid Composite Debt 15:85 Index,58.21,4.71,8.09,8.24,5000.0,1.74,1000.0
ICICI Pru Regular Savings Fund(M-IDCW), Hybrid - Conservative Hybrid Fund, Open ended, NIFTY 50 Hybrid Composite Debt 15:85 Index,13.7,4.71,8.61,7.52,5000.0,1.74,1000.0
ICICI Pru Medium Term Bond Fund(G), Debt - Medium Duration Fund, Open ended, CRISIL Medium Term Debt Index,37.22,5.53,4.42,6.08,5000.0,1.41,1000.0
JM Liquid Fund(DD-IDCW), Debt - Liquid Fund, Open ended, NIFTY 500 - TRI,10.43,5.19,4.02,4.38,5000.0,0.25,1000.0
JM Liquid Fund(W-IDCW), Debt - Liquid Fund, Open ended, NIFTY 500 - TRI,11.01,5.2,4.01,4.38,5000.0,0.25,1000.0
JM Liquid Fund(G), Debt - Liquid Fund, Open ended, NIFTY 500 - TRI,60.53,5.2,4.08,5.2,5000.0,0.25,1000.0
JM Liquid Fund(Q-IDCW), Debt - Liquid Fund, Open ended, NIFTY 500 - TRI,34.26,5.2,4.08,5.2,5000.0,0.25,1000.0
Kotak Gilt Fund-Reg(Q-IDCW), Debt - Gilt Fund, Open ended, Nifty All Duration G-Sec Index,15.78,6.07,2.81,4.7,5000.0,1.48,1000.0
Kotak Gilt Fund-Reg(G), Debt - Gilt Fund, Open ended, Nifty All Duration G-Sec Index,80.74,6.07,2.81,5.07,5000.0,1.48,1000.0
Kotak Debt Hybrid Fund(G), Hybrid - Conservative Hybrid Fund, Open ended, CRISIL Hybrid 85+15 - Conservative Index,44.71,4.08,9.71,8.59,5000.0,1.8,1000.0
Kotak Debt Hybrid Fund(M-IDCW), Hybrid - Conservative Hybrid Fund, Open ended, CRISIL Hybrid 85+15 - Conservative Index,12.09,4.08,9.65,7.38,5000.0,1.8,1000.0
LIC MF Banking & PSU Debt Fund(DD-IDCW), Debt - Banking and PSU Fund, Open ended, NIFTY Banking and PSU Debt Index,10.82,4.2,3.36,4.29,5000.0,0.83,1000.0
LIC MF Banking & PSU Debt Fund(G), Debt - Banking and PSU Fund, Open ended, NIFTY Banking and PSU Debt Index,29.14,4.2,3.26,4.29,5000.0,0.83,1000.0
LIC MF Banking & PSU Debt Fund(M-IDCW), Debt - Banking and PSU Fund, Open ended, NIFTY Banking and PSU Debt Index,10.91,4.2,3.26,4.24,5000.0,0.83,1000.0
LIC MF Banking & PSU Debt Fund(W-IDCW), Debt - Banking and PSU Fund, Open ended, NIFTY Banking and PSU Debt Index,10.05,4.2,3.26,4.27,5000.0,0.83,1000.0
HDFC Large and Mid Cap Fund-Reg(G), Equity - Large & Mid Cap Fund, Open ended, NIFTY LargeMidcap 250 - TRI,199.4,7.34,19.37,12.22,1000.0,2.09,1000.0
Nippon India Multi Cap Fund(IDCW), Equity - Multi Cap Fund, Open ended, Nifty500 Multicap 50:25:25 - TRI,45.7,13.91,18.52,11.44,1000.0,1.82,1000.0
Nippon India Multi Cap Fund(G), Equity - Multi Cap Fund, Open ended, Nifty500 Multicap 50:25:25 - TRI,166.5,13.91,18.52,11.67,1000.0,1.82,1000.0
Nippon India Vision Fund(IDCW), Equity - Large & Mid Cap Fund, Open ended, NIFTY LargeMidcap 250 - TRI,45.3,4.36,14.74,6.92,5000.0,2.08,1000.0
Nippon India Vision Fund(G), Equity - Large & Mid Cap Fund, Open ended, NIFTY LargeMidcap 250 - TRI,842.37,4.36,14.74,7.38,5000.0,2.08,1000.0
SBI Magnum Constant Maturity Fund-Reg(IDCW), Debt - Gilt Fund with 10 year constant duration, Open ended, Nifty 10 yr Benchmark G-Sec,16.98,5.75,2.46,4.27,5000.0,0.63,1000.0
SBI Magnum Constant Maturity Fund-Reg(G), Debt - Gilt Fund with 10 year constant duration, Open ended, Nifty 10 yr Benchmark G-Sec,52.2,5.75,2.46,4.3,5000.0,0.63,1000.0
SBI Magnum Income Fund-Reg(IDCW), Debt - Medium to Long Duration Fund, Open ended, CRISIL Medium to Long Term Debt Index,15.41,6.08,3.49,5.3,5000.0,1.46,1000.0
SBI Credit Risk Fund-Reg(IDCW), Debt - Credit Risk Fund, Open ended, NIFTY Credit Risk Bond Index,16.98,5.52,4.3,5.87,5000.0,1.55,1000.0
SBI Credit Risk Fund-Reg(G), Debt - Credit Risk Fund, Open ended, NIFTY Credit Risk Bond Index,37.56,5.52,4.3,5.87,5000.0,1.55,1000.0
SBI Magnum Income Fund-Reg(G), Debt - Medium to Long Duration Fund, Open ended, CRISIL Medium to Long Term Debt Index,58.9,6.08,3.49,5.3,5000.0,1.46,1000.0
SBI Magnum Medium Duration Fund-Reg(IDCW), Debt - Medium Duration Fund, Open ended, NIFTY Medium Duration Debt Index,16.49,5.75,3.57,5.84,5000.0,1.22,1000.0
SBI Magnum Medium Duration Fund-Reg(G), Debt - Medium Duration Fund, Open ended, NIFTY Medium Duration Debt Index,42.55,5.75,3.57,5.84,5000.0,1.22,1000.0
IDFC Core Equity Fund-Reg(IDCW), Equity - Large & Mid Cap Fund, Open ended, NIFTY LargeMidcap 250 - TRI,19.77,7.14,15.31,9.69,1000.0,2.03,1000.0
IDFC Core Equity Fund-Reg(G), Equity - Large & Mid Cap Fund, Open ended, NIFTY LargeMidcap 250 - TRI,74.05,7.16,15.73,10.09,1000.0,2.03,1000.0
IDFC Large Cap Fund-Reg(IDCW), Equity - Large Cap Fund, Open ended, S&P BSE 100 - TRI,17.74,-1.67,11.48,9.11,1000.0,2.19,1000.0
IDFC Large Cap Fund-Reg(G), Equity - Large Cap Fund, Open ended, S&P BSE 100 - TRI,49.25,-1.66,11.9,9.5,1000.0,2.19,1000.0
IDFC Flexi Cap Fund-Reg(IDCW), Equity - Flexi Cap Fund, Open ended, S&P BSE 500 - TRI,39.95,-0.03,10.32,7.29,1000.0,1.9,1000.0
IDFC Flexi Cap Fund-Reg(G), Equity - Flexi Cap Fund, Open ended, S&P BSE 500 - TRI,136.79,-0.03,10.61,7.6,1000.0,1.9,1000.0
Sundaram Mid Cap Fund-Reg(IDCW), Equity - Mid Cap Fund, Open ended, Nifty Midcap 100 - TRI,42.33,5.97,13.42,6.72,1000.0,1.87,1000.0
Sundaram Mid Cap Fund-Reg(G), Equity - Mid Cap Fund, Open ended, Nifty Midcap 100 - TRI,735.5,6.01,13.49,7.07,1000.0,1.87,1000.0
Tata Hybrid Equity Fund-Reg(IDCW), Hybrid - Aggressive Hybrid Fund, Open ended, CRISIL Hybrid 35+65 - Aggressive Index,82.25,7.0,13.33,8.8,5000.0,1.96,1000.0
Tata Hybrid Equity Fund-Reg(G), Hybrid - Aggressive Hybrid Fund, Open ended, CRISIL Hybrid 35+65 - Aggressive Index,321.84,6.62,13.6,9.15,5000.0,1.96,1000.0
Tata Equity P/E Fund(Div Trig Opt B-10%), Equity - Value Fund, Open ended, NIFTY 500 - TRI,79.13,6.85,14.58,8.24,5000.0,1.77,1000.0
Tata Equity P/E Fund(G), Equity - Value Fund, Open ended, NIFTY 500 - TRI,208.41,6.9,14.63,8.29,5000.0,1.77,1000.0
Tata Liquid Fund-Reg(DD-IDCW), Debt - Liquid Fund, Open ended, NIFTY 500 - TRI,1001.52,5.13,4.05,4.4,5000.0,0.32,1000.0
Tata Liquid Fund-Reg(G), Debt - Liquid Fund, Open ended, NIFTY 500 - TRI,3489.4,5.14,4.15,5.24,5000.0,0.32,1000.0
Franklin India Savings Fund(Q-IDCW), Debt - Money Market Fund, Open ended, Nifty Money Market Index,10.48,5.78,4.77,4.19,10000.0,0.28,1000.0
Franklin India Savings Fund(G), Debt - Money Market Fund, Open ended, Nifty Money Market Index,42.1,5.78,4.77,4.66,10000.0,0.28,1000.0
UTI Hybrid Equity Fund-Reg(G), Hybrid - Aggressive Hybrid Fund, Open ended, CRISIL Hybrid 35+65 - Aggressive Index,264.55,6.44,16.26,9.06,1000.0,1.99,1000.0
UTI Hybrid Equity Fund-Reg(IDCW), Hybrid - Aggressive Hybrid Fund, Open ended, CRISIL Hybrid 35+65 - Aggressive Index,33.22,6.44,16.23,8.64,5000.0,1.99,1000.0
UTI Gilt Fund-Reg(IDCW), Debt - Gilt Fund, Open ended, CRISIL Dynamic Gilt Index,32.45,6.36,3.84,4.45,20000.0,0.94,1000.0
UTI Gilt Fund-Reg(G), Debt - Gilt Fund, Open ended, CRISIL Dynamic Gilt Index,52.31,6.36,3.84,4.45,1000.0,0.94,1000.0
Sundaram Ultra Short Duration Fund(G), Debt - Ultra Short Duration Fund, Open ended, NIFTY Ultra Short Duration Debt Index,2318.32,4.95,4.02,3.45,1000.0,1.43,1000.0
Sundaram Ultra Short Duration Fund(DD-IDCW), Debt - Ultra Short Duration Fund, Open ended, NIFTY Ultra Short Duration Debt Index,1005.43,4.95,4.02,3.39,1000.0,1.43,1000.0
Sundaram Ultra Short Duration Fund(W-IDCW), Debt - Ultra Short Duration Fund, Open ended, NIFTY Ultra Short Duration Debt Index,1020.11,4.95,4.02,9.21,1000.0,1.43,1000.0
Sundaram Ultra Short Duration Fund(M-IDCW), Debt - Ultra Short Duration Fund, Open ended, NIFTY Ultra Short Duration Debt Index,1064.82,4.95,4.02,3.38,1000.0,1.43,1000.0
HDFC Small Cap Fund-Reg(G), Equity - Small cap Fund, Open ended, S&P BSE 250 Small Cap - TRI,80.57,9.89,26.33,11.56,1000.0,1.93,1000.0
HDFC Small Cap Fund-Reg(IDCW), Equity - Small cap Fund, Open ended, S&P BSE 250 Small Cap - TRI,34.58,9.9,26.33,11.29,1000.0,1.93,1000.0
Aditya Birla SL Tax Relief '96(G), Equity - ELSS, Open ended, NIFTY 500 - TRI,39.99,-0.65,6.16,5.08,1000.0,1.78,1000.0
PGIM India Gilt Fund(G), Debt - Gilt Fund, Open ended, CRISIL Dynamic Gilt Index,25.21,3.47,2.46,3.91,5000.0,1.46,1000.0
PGIM India Gilt Fund(Q-IDCW), Debt - Gilt Fund, Open ended, CRISIL Dynamic Gilt Index,13.83,3.47,2.46,3.74,5000.0,1.46,1000.0
IDFC Dynamic Bond Fund-Reg(G), Debt - Dynamic Bond, Open ended, NIFTY Composite Debt Index,28.34,3.48,1.01,4.32,1000.0,1.62,1000.0
IDFC Dynamic Bond Fund-Reg(IDCW), Debt - Dynamic Bond, Open ended, NIFTY Composite Debt Index,10.83,3.48,1.01,2.34,1000.0,1.62,1000.0
HDFC Large and Mid Cap Fund-Reg(IDCW), Equity - Large & Mid Cap Fund, Open ended, NIFTY LargeMidcap 250 - TRI,26.58,7.35,18.81,11.63,1000.0,2.09,1000.0
Tata Equity P/E Fund(Div Trig Opt A-5%), Equity - Value Fund, Open ended, NIFTY 500 - TRI,84.61,5.53,14.11,7.99,5000.0,1.77,1000.0
Axis Strategic Bond Fund-Reg(G), Debt - Medium Duration Fund, Open ended, NIFTY Medium Duration Debt Index,23.1,5.25,3.95,5.91,5000.0,1.08,1000.0
Axis Strategic Bond Fund-Reg(Q-IDCW), Debt - Medium Duration Fund, Open ended, NIFTY Medium Duration Debt Index,10.14,5.25,3.95,5.68,5000.0,1.08,1000.0
Axis Strategic Bond Fund-Reg(H-IDCW), Debt - Medium Duration Fund, Open ended, NIFTY Medium Duration Debt Index,10.8,5.25,3.95,5.64,5000.0,1.08,1000.0
DSP Focus Fund-Reg(G), Equity - Focused Fund, Open ended, NIFTY 500 - TRI,33.29,-0.14,8.48,7.72,1000.0,2.14,1000.0
DSP Focus Fund-Reg(IDCW), Equity - Focused Fund, Open ended, NIFTY 500 - TRI,15.8,-0.14,8.48,7.57,1000.0,2.14,1000.0
Kotak Credit Risk Fund(G), Debt - Credit Risk Fund, Open ended, NIFTY Credit Risk Bond Index,24.68,3.21,0.46,3.67,5000.0,1.71,1000.0
Kotak Credit Risk Fund(IDCW), Debt - Credit Risk Fund, Open ended, NIFTY Credit Risk Bond Index,10.73,3.21,0.46,2.81,5000.0,1.71,1000.0
IDFC Dynamic Bond Fund-Reg(Q-IDCW), Debt - Dynamic Bond, Open ended, NIFTY Composite Debt Index,11.27,3.48,1.01,4.07,1000.0,1.62,1000.0
ICICI Pru Regular Savings Fund(Q-IDCW), Hybrid - Conservative Hybrid Fund, Open ended, NIFTY 50 Hybrid Composite Debt 15:85 Index,11.37,4.71,8.09,7.37,5000.0,1.74,1000.0
Axis Dynamic Bond Fund-Reg(G), Debt - Dynamic Bond, Open ended, NIFTY Composite Debt Index,24.54,5.39,2.48,5.09,5000.0,0.66,1000.0
Axis Dynamic Bond Fund-Reg(Q-IDCW), Debt - Dynamic Bond, Open ended, NIFTY Composite Debt Index,10.23,5.39,2.48,4.91,5000.0,0.66,1000.0
Tata Hybrid Equity Fund-Reg(M-IDCW), Hybrid - Aggressive Hybrid Fund, Open ended, CRISIL Hybrid 35+65 - Aggressive Index,72.86,6.62,13.42,8.57,5000.0,1.96,1000.0
ICICI Pru Medium Term Bond Fund(Q-IDCW), Debt - Medium Duration Fund, Open ended, CRISIL Medium Term Debt Index,10.61,5.53,4.42,6.08,5000.0,1.41,1000.0
Axis Dynamic Bond Fund-Reg(H-IDCW), Debt - Dynamic Bond, Open ended, NIFTY Composite Debt Index,10.62,5.4,2.48,4.65,5000.0,0.66,1000.0
HDFC Gold Fund(G), FoFs (Domestic / Overseas ) - Gold, Open ended, Gold-India,17.49,11.82,10.02,11.48,1000.0,0.65,1000.0
Axis Gilt Fund-Reg(G), Debt - Gilt Fund, Open ended, Nifty All Duration G-Sec Index,20.97,4.07,2.53,5.08,5000.0,0.99,1000.0
Axis Gilt Fund-Reg(IDCW), Debt - Gilt Fund, Open ended, Nifty All Duration G-Sec Index,10.03,4.07,2.53,3.96,5000.0,0.99,1000.0
Axis Gilt Fund-Reg(H-IDCW), Debt - Gilt Fund, Open ended, Nifty All Duration G-Sec Index,10.26,4.07,2.53,4.65,5000.0,0.99,1000.0
IIFL Liquid Fund-Reg(G), Debt - Liquid Fund, Open ended, NIFTY 500 - TRI,1710.99,5.11,3.78,4.78,5000.0,0.25,1000.0
IIFL Liquid Fund-Reg(DD-IDCW), Debt - Liquid Fund, Open ended, NIFTY 500 - TRI,1000.07,5.11,3.72,4.03,5000.0,0.25,1000.0
HSBC Short Duration Fund-Reg(G), Debt - Short Duration Fund, Open ended, Nifty Short Duration Debt Index,22.2,4.57,2.81,4.74,5000.0,0.75,1000.0
HSBC Short Duration Fund-Reg(IDCW), Debt - Short Duration Fund, Open ended, Nifty Short Duration Debt Index,11.07,4.57,2.81,4.63,5000.0,0.75,1000.0
UTI Core Equity Fund-Reg(G), Equity - Large & Mid Cap Fund, Open ended, NIFTY LargeMidcap 250 - TRI,102.73,5.56,18.39,9.56,5000.0,2.51,1000.0
UTI Core Equity Fund-Reg(IDCW), Equity - Large & Mid Cap Fund, Open ended, NIFTY LargeMidcap 250 - TRI,50.05,5.56,18.39,9.56,5000.0,2.51,1000.0
Franklin India Savings Fund(DD-IDCW), Debt - Money Market Fund, Open ended, Nifty Money Market Index,10.05,5.78,4.77,4.38,10000.0,0.28,1000.0
Edelweiss Government Securities Fund-Reg(G), Debt - Gilt Fund, Open ended, Nifty All Duration G-Sec Index,20.44,4.92,2.9,6.15,5000.0,1.34,1000.0
HSBC Small Cap Fund-Reg(G), Equity - Small cap Fund, Open ended, Nifty Smallcap 250 - TRI,48.12,7.04,26.72,11.35,5000.0,1.85,1000.0
IIFL Liquid Fund-Reg(W-IDCW), Debt - Liquid Fund, Open ended, NIFTY 500 - TRI,1005.34,5.05,3.68,4.01,5000.0,0.25,1000.0
Edelweiss Government Securities Fund-Reg(IDCW), Debt - Gilt Fund, Open ended, Nifty All Duration G-Sec Index,20.45,4.93,2.9,6.15,5000.0,1.34,1000.0
Edelweiss Government Securities Fund-Reg(M-IDCW), Debt - Gilt Fund, Open ended, Nifty All Duration G-Sec Index,10.41,4.92,2.9,5.79,5000.0,1.34,1000.0
HSBC Small Cap Fund-Reg(IDCW), Equity - Small cap Fund, Open ended, Nifty Smallcap 250 - TRI,31.36,6.99,26.73,10.96,5000.0,1.85,1000.0
Axis Arbitrage Fund-Reg(G), Hybrid - Arbitrage Fund, Open ended, Nifty 50 Arbitrage,15.86,4.47,4.04,4.8,1000.0,1.05,1000.0
Axis Arbitrage Fund-Reg(IDCW), Hybrid - Arbitrage Fund, Open ended, Nifty 50 Arbitrage,10.68,3.98,3.83,4.42,1000.0,1.05,1000.0
ICICI Pru Constant Maturity Gilt Fund(G), Debt - Gilt Fund with 10 year constant duration, Open ended, NIFTY 500 - TRI,20.09,5.73,2.15,4.99,5000.0,0.39,1000.0
ICICI Pru Constant Maturity Gilt Fund(Q-IDCW Payout), Debt - Gilt Fund with 10 year constant duration, Open ended, NIFTY 500 - TRI,10.84,5.73,2.15,4.44,5000.0,0.39,1000.0
Motilal Oswal Long Term Equity Fund-Reg(G), Equity - ELSS, Open ended, NIFTY 500 - TRI,27.36,3.43,12.0,8.63,1000.0,2.02,1000.0
Motilal Oswal Long Term Equity Fund-Reg(IDCW), Equity - ELSS, Open ended, NIFTY 500 - TRI,20.02,3.43,12.0,8.58,1000.0,2.02,1000.0
Edelweiss Flexi Cap Fund-Reg(G), Equity - Flexi Cap Fund, Open ended, NIFTY 500 - TRI,23.52,3.05,14.66,10.36,5000.0,2.21,1000.0
Edelweiss Flexi Cap Fund-Reg(IDCW), Equity - Flexi Cap Fund, Open ended, NIFTY 500 - TRI,19.31,3.05,14.66,10.36,5000.0,2.21,1000.0
DSP Equity Savings Fund-Reg(G), Hybrid - Equity Savings, Open ended, NIFTY 50 Equity Savings Index - TRI,16.72,3.77,7.84,6.37,1000.0,1.45,1000.0
DSP Equity Savings Fund-Reg(IDCW), Hybrid - Equity Savings, Open ended, NIFTY 50 Equity Savings Index - TRI,12.56,3.78,7.84,6.25,1000.0,1.45,1000.0
Baroda BNP Paribas Arbitrage Fund-Reg(G), Hybrid - Arbitrage Fund, Open ended, Nifty 50 Arbitrage,13.62,4.08,4.01,4.87,5000.0,1.1,1000.0
Baroda BNP Paribas Arbitrage Fund-Reg(IDCW), Hybrid - Arbitrage Fund, Open ended, Nifty 50 Arbitrage,10.84,4.09,3.97,4.59,5000.0,1.1,1000.0
IIFL Liquid Fund-Reg(W-IDCW Reinv), Debt - Liquid Fund, Open ended, NIFTY 500 - TRI,1005.34,5.05,3.68,4.01,5000.0,0.25,1000.0
Baroda BNP Paribas Low Duration Fund(DD-IDCW), Debt - Low Duration Fund, Open ended, CRISIL Low Duration Debt Index,10.06,5.27,3.84,4.44,5000.0,1.02,1000.0
Baroda BNP Paribas Low Duration Fund(G), Debt - Low Duration Fund, Open ended, CRISIL Low Duration Debt Index,34.06,5.27,3.92,4.64,5000.0,1.02,1000.0
Baroda BNP Paribas Low Duration Fund(M-IDCW), Debt - Low Duration Fund, Open ended, CRISIL Low Duration Debt Index,10.27,5.3,3.6,4.2,5000.0,1.02,1000.0
Baroda BNP Paribas Low Duration Fund(W-IDCW), Debt - Low Duration Fund, Open ended, CRISIL Low Duration Debt Index,10.01,5.27,3.85,4.46,5000.0,1.02,1000.0
Aditya Birla SL Dynamic Bond Fund-Reg(G), Debt - Dynamic Bond, Open ended, NIFTY Composite Debt Index,38.32,5.09,6.34,6.24,1000.0,1.19,1000.0
Aditya Birla SL Dynamic Bond Fund-Reg(Q-IDCW), Debt - Dynamic Bond, Open ended, NIFTY Composite Debt Index,10.49,5.09,6.34,6.24,1000.0,1.19,1000.0
Aditya Birla SL Midcap Fund(IDCW), Equity - Mid Cap Fund, Open ended, Nifty Midcap 150 - TRI,38.89,-1.7,15.54,6.9,1000.0,2.06,1000.0
Aditya Birla SL Midcap Fund(G), Equity - Mid Cap Fund, Open ended, Nifty Midcap 150 - TRI,454.38,-1.7,15.86,7.23,1000.0,2.06,1000.0
Aditya Birla SL Regular Savings Fund(M-IDCW), Hybrid - Conservative Hybrid Fund, Open ended, CRISIL Hybrid 85+15 - Conservative Index,15.39,2.96,8.88,5.8,1000.0,1.86,1000.0
Aditya Birla SL Regular Savings Fund(G), Hybrid - Conservative Hybrid Fund, Open ended, CRISIL Hybrid 85+15 - Conservative Index,52.86,2.96,8.98,6.7,1000.0,1.86,1000.0
Aditya Birla SL Regular Savings Fund(Payment), Hybrid - Conservative Hybrid Fund, Open ended, CRISIL Hybrid 85+15 - Conservative Index,52.86,2.96,8.98,6.7,1000.0,1.86,1000.0
Aditya Birla SL Low Duration Fund(G), Debt - Low Duration Fund, Open ended, CRISIL Low Duration Debt Index,557.19,5.44,4.51,5.01,1000.0,1.22,1000.0
Aditya Birla SL Low Duration Fund(W-IDCW), Debt - Low Duration Fund, Open ended, CRISIL Low Duration Debt Index,100.5,5.44,4.48,4.89,1000.0,1.22,1000.0
Aditya Birla SL Small Cap Fund(IDCW), Equity - Small cap Fund, Open ended, S&P BSE 250 Small Cap - TRI,26.13,-2.31,16.86,3.8,1000.0,2.07,1000.0
Aditya Birla SL Small Cap Fund(G), Equity - Small cap Fund, Open ended, S&P BSE 250 Small Cap - TRI,51.46,-2.31,16.86,3.94,1000.0,2.07,1000.0
HSBC Gilt Fund-Reg(G), Debt - Gilt Fund, Open ended, Nifty All Duration G-Sec Index,56.18,3.69,3.04,3.97,5000.0,1.7,1000.0
HSBC Gilt Fund-Reg(Q-IDCW), Debt - Gilt Fund, Open ended, Nifty All Duration G-Sec Index,11.11,3.68,3.04,3.78,5000.0,1.7,1000.0
DSP Bond Fund-Reg(IDCW), Debt - Medium Duration Fund, Open ended, CRISIL Medium Term Debt Index,11.53,4.74,3.08,4.76,1000.0,0.8,1000.0
DSP Bond Fund-Reg(G), Debt - Medium Duration Fund, Open ended, CRISIL Medium Term Debt Index,67.96,4.74,3.08,4.76,1000.0,0.8,1000.0
DSP Bond Fund-Reg(M-IDCW Reinv), Debt - Medium Duration Fund, Open ended, CRISIL Medium Term Debt Index,11.03,4.74,3.08,4.61,1000.0,1.3712016129032258,1030.463038180341
DSP Top 100 Equity Fund-Reg(IDCW), Equity - Large Cap Fund, Open ended, S&P BSE 100 - TRI,21.19,3.89,8.87,7.54,1000.0,2.09,1000.0
DSP Top 100 Equity Fund-Reg(G), Equity - Large Cap Fund, Open ended, S&P BSE 100 - TRI,295.96,3.89,8.87,8.12,1000.0,2.09,1000.0
PGIM India Short Duration Fund(G), Debt - Short Duration Fund, Open ended, NIFTY 500 - TRI,37.86,4.84,3.46,4.49,5000.0,1.29,1000.0
PGIM India Short Duration Fund(M-IDCW), Debt - Short Duration Fund, Open ended, NIFTY 500 - TRI,11.52,4.84,3.46,4.4,5000.0,1.29,1000.0
HSBC ELSS Fund-Reg(IDCW), Equity - ELSS, Open ended, NIFTY 500 - TRI,24.06,1.54,11.86,6.78,1000.0,1.98,1000.0
HSBC ELSS Fund-Reg(G), Equity - ELSS, Open ended, NIFTY 500 - TRI,79.98,1.52,11.87,7.07,1000.0,1.98,1000.0
ICICI Pru Long Term Bond Fund(G), Debt - Long Duration Fund, Open ended, NIFTY Long Duration Debt Index,73.75,5.79,2.11,3.22,5000.0,2.0,1000.0
ICICI Pru Long Term Bond Fund(Q-IDCW), Debt - Long Duration Fund, Open ended, NIFTY Long Duration Debt Index,12.24,5.78,2.11,3.13,5000.0,2.0,1000.0
JM Medium to Long Duration Fund-Reg(Q-IDCW), Debt - Medium to Long Duration Fund, Open ended, CRISIL Medium to Long Term Debt Index,17.61,3.71,1.13,3.57,5000.0,1.03,1000.0
JM Medium to Long Duration Fund-Reg(G), Debt - Medium to Long Duration Fund, Open ended, CRISIL Medium to Long Term Debt Index,51.8,3.71,1.13,3.57,5000.0,1.03,1000.0
JM Medium to Long Duration Fund-Reg(B), Debt - Medium to Long Duration Fund, Open ended, CRISIL Medium to Long Term Debt Index,21.19,3.71,1.13,3.57,5000.0,1.3712016129032258,1030.463038180341
JM Low Duration Fund(DD-IDCW), Debt - Low Duration Fund, Open ended, CRISIL Low Duration Debt Index,10.82,5.17,4.34,10.71,5000.0,0.79,1000.0
JM Low Duration Fund(FN-IDCW), Debt - Low Duration Fund, Open ended, CRISIL Low Duration Debt Index,11.08,5.17,4.34,10.7,5000.0,0.79,1000.0
JM Low Duration Fund(G), Debt - Low Duration Fund, Open ended, CRISIL Low Duration Debt Index,31.38,5.17,4.34,10.69,5000.0,0.79,1000.0
JM Low Duration Fund(W-IDCW), Debt - Low Duration Fund, Open ended, CRISIL Low Duration Debt Index,11.41,5.17,4.34,10.68,5000.0,0.79,1000.0
LIC MF Liquid Fund-Reg(DD-IDCW), Debt - Liquid Fund, Open ended, NIFTY 500 - TRI,1000.1,5.09,4.05,4.38,5000.0,0.3,1000.0
LIC MF Liquid Fund-Reg(G), Debt - Liquid Fund, Open ended, NIFTY 500 - TRI,4005.68,5.12,4.13,5.2,5000.0,0.3,1000.0
LIC MF Savings Fund(M-IDCW), Debt - Low Duration Fund, Open ended, CRISIL Low Duration Debt Index,11.59,5.06,4.07,4.69,5000.0,0.83,1000.0
LIC MF Savings Fund(G), Debt - Low Duration Fund, Open ended, CRISIL Low Duration Debt Index,33.61,5.06,4.07,4.75,5000.0,0.83,1000.0
Sundaram Liquid Fund(DD-IDCW), Debt - Liquid Fund, Open ended, Nifty Liquid Fund Index,1000.89,5.2,3.92,2.92,1000.0,0.28,1000.0
Sundaram Liquid Fund(G), Debt - Liquid Fund, Open ended, Nifty Liquid Fund Index,1955.19,5.21,3.98,3.18,1000.0,0.28,1000.0
Sundaram Liquid Fund(M-IDCW), Debt - Liquid Fund, Open ended, Nifty Liquid Fund Index,1029.48,4.81,3.77,2.82,1000.0,0.28,1000.0
Sundaram Liquid Fund(W-IDCW), Debt - Liquid Fund, Open ended, Nifty Liquid Fund Index,1007.69,5.21,3.93,2.92,1000.0,0.28,1000.0
Sundaram Low Duration Fund(DD-IDCW), Debt - Low Duration Fund, Open ended, NIFTY Low Duration Debt Index,1004.22,5.59,4.45,4.1,1000.0,1.28,1000.0
Sundaram Low Duration Fund(G), Debt - Low Duration Fund, Open ended, NIFTY Low Duration Debt Index,2941.35,5.59,4.46,4.1,1000.0,1.28,1000.0
Sundaram Low Duration Fund(M-IDCW), Debt - Low Duration Fund, Open ended, NIFTY Low Duration Debt Index,1090.43,5.59,4.46,4.1,1000.0,1.28,1000.0
Sundaram Low Duration Fund(W-IDCW), Debt - Low Duration Fund, Open ended, NIFTY Low Duration Debt Index,1004.41,5.59,4.46,4.1,1000.0,1.28,1000.0
Sundaram Short Duration Fund(M-IDCW), Debt - Short Duration Fund, Open ended, Nifty Short Duration Debt Index,12.89,5.36,3.68,5.16,5000.0,0.93,1000.0
Sundaram Short Duration Fund(G), Debt - Short Duration Fund, Open ended, Nifty Short Duration Debt Index,37.05,5.36,3.68,5.15,5000.0,0.93,1000.0
Nippon India Ultra Short Duration Fund(DD-IDCW), Debt - Ultra Short Duration Fund, Open ended, NIFTY Ultra Short Duration Debt Index,1114.15,5.58,4.83,5.62,10000.0,1.18,10000.0
Nippon India Ultra Short Duration Fund(G), Debt - Ultra Short Duration Fund, Open ended, NIFTY Ultra Short Duration Debt Index,3422.18,5.58,4.79,5.61,1000.0,1.18,1000.0
Nippon India Ultra Short Duration Fund(W-IDCW), Debt - Ultra Short Duration Fund, Open ended, NIFTY Ultra Short Duration Debt Index,1092.73,5.58,4.79,5.61,5000.0,1.18,1000.0
Nippon India Dynamic Bond(IDCW), Debt - Dynamic Bond, Open ended, CRISIL Dynamic Debt Index,20.68,5.5,2.79,4.8,5000.0,0.72,1000.0
Nippon India Dynamic Bond(G), Debt - Dynamic Bond, Open ended, CRISIL Dynamic Debt Index,30.74,5.5,2.79,4.8,5000.0,0.72,1000.0
Nippon India Equity Hybrid Fund(G), Hybrid - Aggressive Hybrid Fund, Open ended, CRISIL Hybrid 35+65 - Aggressive Index,70.07,5.7,9.08,4.98,1000.0,2.05,1000.0
Nippon India Credit Risk Fund(G), Debt - Credit Risk Fund, Open ended, NIFTY Credit Risk Bond Index,28.74,5.54,3.81,3.53,1000.0,1.61,1000.0
Nippon India Tax Saver (ELSS) Fund(IDCW), Equity - ELSS, Open ended, NIFTY 500 - TRI,26.47,3.83,13.63,4.08,1000.0,1.76,1000.0
Nippon India Tax Saver (ELSS) Fund(G), Equity - ELSS, Open ended, NIFTY 500 - TRI,79.77,3.83,13.63,4.26,1000.0,1.76,1000.0
SBI Arbitrage Opportunities Fund-Reg(IDCW), Hybrid - Arbitrage Fund, Open ended, Nifty 50 Arbitrage,15.01,4.94,4.02,4.59,5000.0,0.81,1000.0
SBI Arbitrage Opportunities Fund-Reg(G), Hybrid - Arbitrage Fund, Open ended, Nifty 50 Arbitrage,28.54,4.94,4.06,4.85,5000.0,0.81,1000.0
IDFC Arbitrage Fund-Reg(M-IDCW), Hybrid - Arbitrage Fund, Open ended, Nifty 50 Arbitrage,13.04,4.46,3.73,4.44,1000.0,1.05,1000.0
IDFC Arbitrage Fund-Reg(G), Hybrid - Arbitrage Fund, Open ended, Nifty 50 Arbitrage,27.48,4.46,3.85,4.76,1000.0,1.05,1000.0
IDFC Focused Equity Fund-Reg(IDCW), Equity - Focused Fund, Open ended, S&P BSE 500 - TRI,14.55,-4.17,8.38,5.58,1000.0,2.22,1000.0
IDFC Focused Equity Fund-Reg(G), Equity - Focused Fund, Open ended, S&P BSE 500 - TRI,52.04,-4.19,8.67,5.75,1000.0,2.22,1000.0
Sundaram Medium Term Bond Fund(A-IDCW), Debt - Medium Duration Fund, Open ended, NIFTY Medium Duration Debt Index,12.13,2.98,0.86,1.9,5000.0,2.15,1000.0
Sundaram Medium Term Bond Fund(B), Debt - Medium Duration Fund, Open ended, NIFTY Medium Duration Debt Index,20.38,2.98,0.86,2.35,5000.0,2.15,1030.463038180341
Sundaram Medium Term Bond Fund(Q-IDCW), Debt - Medium Duration Fund, Open ended, NIFTY Medium Duration Debt Index,12.25,2.98,0.86,2.24,5000.0,2.15,1000.0
Sundaram Medium Term Bond Fund(G), Debt - Medium Duration Fund, Open ended, NIFTY Medium Duration Debt Index,59.66,2.98,0.86,2.35,5000.0,2.15,1000.0
Sundaram Medium Term Bond Fund(H-IDCW), Debt - Medium Duration Fund, Open ended, NIFTY Medium Duration Debt Index,12.51,2.98,0.86,2.13,5000.0,2.15,1000.0
Sundaram Small Cap Fund(IDCW), Equity - Small cap Fund, Open ended, Nifty Smallcap 100 - TRI,23.59,3.11,21.38,6.64,1000.0,2.13,1000.0
Sundaram Small Cap Fund(G), Equity - Small cap Fund, Open ended, Nifty Smallcap 100 - TRI,148.63,3.11,21.4,6.98,1000.0,2.13,1000.0
Tata Treasury Advantage Fund-Reg(DD-IDCW), Debt - Low Duration Fund, Open ended, CRISIL Low Duration Debt Index,1003.53,5.28,4.42,4.93,5000.0,0.59,1000.0
Tata Treasury Advantage Fund-Reg(G), Debt - Low Duration Fund, Open ended, CRISIL Low Duration Debt Index,3318.4,5.31,4.37,4.95,5000.0,0.59,1000.0
Tata Treasury Advantage Fund-Reg(W-IDCW), Debt - Low Duration Fund, Open ended, CRISIL Low Duration Debt Index,1008.33,5.28,4.34,4.87,5000.0,0.59,1000.0
Tata Gilt Securities Fund-Reg(G), Debt - Gilt Fund, Open ended, CRISIL Dynamic Gilt Index,64.94,4.23,3.45,3.53,5000.0,1.72,1000.0
Tata Gilt Securities Fund-Reg(IDCW), Debt - Gilt Fund, Open ended, CRISIL Dynamic Gilt Index,18.0,4.19,3.41,4.04,5000.0,1.72,1000.0
Tata Money Market Fund-Reg(DD-IDCW), Debt - Money Market Fund, Open ended, CRISIL Money Market Index,1114.52,6.13,5.13,4.91,5000.0,0.42,1000.0
Tata Money Market Fund-Reg(G), Debt - Money Market Fund, Open ended, CRISIL Money Market Index,3958.31,6.12,5.14,5.04,5000.0,0.42,1000.0
Tata Large Cap Fund-Reg(IDCW), Equity - Large Cap Fund, Open ended, NIFTY 100 - TRI,73.97,2.67,13.38,10.08,5000.0,2.17,1000.0
Tata Large Cap Fund-Reg(G), Equity - Large Cap Fund, Open ended, NIFTY 100 - TRI,339.44,2.74,13.41,10.1,5000.0,2.17,1000.0
Tata ST Bond Fund(G), Debt - Short Duration Fund, Open ended, NIFTY 500 - TRI,40.34,4.22,3.09,4.62,5000.0,1.14,1000.0
Tata ST Bond Fund(M-IDCW), Debt - Short Duration Fund, Open ended, NIFTY 500 - TRI,18.22,4.19,3.05,4.56,5000.0,1.14,1000.0
Franklin India G-Sec Fund(IDCW), Debt - Gilt Fund, Open ended, Nifty All Duration G-Sec Index,10.15,3.65,2.64,2.97,25000.0,1.02,1000.0
Franklin India G-Sec Fund(G), Debt - Gilt Fund, Open ended, Nifty All Duration G-Sec Index,50.11,3.51,2.57,3.41,10000.0,1.02,1000.0
Franklin India Corp Debt Fund-A(A-IDCW), Debt - Corporate Bond Fund, Open ended, NIFTY Corporate Bond Index,17.25,4.64,3.37,3.68,10000.0,0.77,1000.0
Franklin India Corp Debt Fund-A(G), Debt - Corporate Bond Fund, Open ended, NIFTY Corporate Bond Index,82.77,4.64,3.37,4.61,10000.0,0.77,1000.0
Franklin India Corp Debt Fund-A(H-IDCW), Debt - Corporate Bond Fund, Open ended, NIFTY Corporate Bond Index,13.06,4.64,3.37,4.02,10000.0,0.77,1000.0
Franklin India Corp Debt Fund-A(M-IDCW), Debt - Corporate Bond Fund, Open ended, NIFTY Corporate Bond Index,14.85,4.64,3.37,4.22,10000.0,0.77,1000.0
Franklin India Corp Debt Fund-A(Q-IDCW), Debt - Corporate Bond Fund, Open ended, NIFTY Corporate Bond Index,12.22,4.64,3.37,4.12,10000.0,0.77,1000.0
UTI Bond Fund-Reg(G), Debt - Medium to Long Duration Fund, Open ended, NIFTY Medium to Long Term Debt Index,61.4,5.85,10.84,7.9,1000.0,1.63,1000.0
UTI Bond Fund-Reg(Q-IDCW), Debt - Medium to Long Duration Fund, Open ended, NIFTY Medium to Long Term Debt Index,15.77,5.85,10.84,7.9,20000.0,1.63,1000.0
UTI Ultra Short Term Fund-Reg(W-IDCW), Debt - Ultra Short Duration Fund, Open ended, CRISIL Ultra Short Term Debt Index,1153.77,5.51,4.55,5.31,20000.0,0.96,1000.0
UTI Ultra Short Term Fund-Reg(G), Debt - Ultra Short Duration Fund, Open ended, CRISIL Ultra Short Term Debt Index,3602.35,5.51,4.55,5.34,5000.0,0.96,1000.0
UTI Regular Savings Fund-Reg(F-IDCW), Hybrid - Conservative Hybrid Fund, Open ended, NIFTY 50 Hybrid Composite Debt 15:85 Index,37.31,3.7,8.87,6.07,5000.0,1.79,1000.0
UTI Regular Savings Fund-Reg(G), Hybrid - Conservative Hybrid Fund, Open ended, NIFTY 50 Hybrid Composite Debt 15:85 Index,53.8,3.7,8.87,6.71,5000.0,1.79,1000.0
UTI Regular Savings Fund-Reg(M-IDCW), Hybrid - Conservative Hybrid Fund, Open ended, NIFTY 50 Hybrid Composite Debt 15:85 Index,15.65,3.7,8.75,5.89,25000.0,1.79,1000.0
UTI Regular Savings Fund-Reg(MP), Hybrid - Conservative Hybrid Fund, Open ended, NIFTY 50 Hybrid Composite Debt 15:85 Index,53.83,5.13,10.43,8.33,25000.0,1.79,1000.0
Invesco India Gilt Fund(G), Debt - Gilt Fund, Open ended, Nifty All Duration G-Sec Index,2345.54,4.05,3.49,3.07,1000.0,1.25,1000.0
Invesco India Gilt Fund(M-IDCW), Debt - Gilt Fund, Open ended, Nifty All Duration G-Sec Index,1321.11,4.05,3.49,3.07,1000.0,1.25,1000.0
Aditya Birla SL Pure Value Fund(G), Equity - Value Fund, Open ended, NIFTY 500 - TRI,73.68,2.99,16.25,2.32,1000.0,2.03,1000.0
Aditya Birla SL Pure Value Fund(IDCW), Equity - Value Fund, Open ended, NIFTY 500 - TRI,29.88,2.99,16.25,2.31,1000.0,2.03,1000.0
Invesco India Gilt Fund(Q-IDCW), Debt - Gilt Fund, Open ended, Nifty All Duration G-Sec Index,1069.33,4.05,3.49,2.77,1000.0,1.25,1000.0
PGIM India Ultra Short Duration Fund(DD-IDCW), Debt - Ultra Short Duration Fund, Open ended, CRISIL Ultra Short Term Debt Index,10.02,5.48,4.61,4.31,5000.0,0.84,1000.0
Bank of India Liquid Fund-Reg(G), Debt - Liquid Fund, Open ended, NIFTY 500 - TRI,2546.16,5.29,4.16,5.21,5000.0,0.22,1030.463038180341
Bank of India Liquid Fund-Reg(DD-IDCW), Debt - Liquid Fund, Open ended, NIFTY 500 - TRI,1002.11,5.29,4.09,4.41,5000.0,0.22,1030.463038180341
Bank of India Liquid Fund-Reg(W-IDCW), Debt - Liquid Fund, Open ended, NIFTY 500 - TRI,1001.81,5.29,4.12,4.42,5000.0,0.22,1030.463038180341
PGIM India Ultra Short Duration Fund(G), Debt - Ultra Short Duration Fund, Open ended, CRISIL Ultra Short Term Debt Index,29.13,5.48,4.61,4.38,5000.0,0.84,1000.0
PGIM India Ultra Short Duration Fund(W-IDCW), Debt - Ultra Short Duration Fund, Open ended, CRISIL Ultra Short Term Debt Index,10.09,5.51,4.61,4.32,5000.0,0.84,1000.0
UTI Ultra Short Term Fund-Reg(DD-IDCW), Debt - Ultra Short Duration Fund, Open ended, CRISIL Ultra Short Term Debt Index,1046.15,5.51,4.55,5.29,20000.0,0.96,1000.0
Nippon India Gilt Securities Fund(G), Debt - Gilt Fund, Open ended, CRISIL Dynamic Gilt Index,31.77,5.93,2.48,4.17,5000.0,1.57,1000.0
Nippon India Gilt Securities Fund(M-IDCW), Debt - Gilt Fund, Open ended, CRISIL Dynamic Gilt Index,10.57,5.93,2.48,3.96,5000.0,1.57,1000.0
Invesco India Gilt Fund(A-IDCW), Debt - Gilt Fund, Open ended, Nifty All Duration G-Sec Index,1163.78,4.03,3.54,2.34,1000.0,1.25,1000.0
PGIM India Ultra Short Duration Fund(M-IDCW), Debt - Ultra Short Duration Fund, Open ended, CRISIL Ultra Short Term Debt Index,12.58,5.48,4.61,4.25,5000.0,0.84,1000.0
Baroda BNP Paribas Corp Bond Fund(G), Debt - Corporate Bond Fund, Open ended, CRISIL Corporate Bond Index,22.73,4.86,1.96,4.04,5000.0,0.64,1000.0
Bank of India Short Term Income Fund-Reg(G), Debt - Short Duration Fund, Open ended, NIFTY 500 - TRI,22.37,18.78,27.19,8.67,5000.0,1.06,1000.0
Bank of India Short Term Income Fund-Reg(M-IDCW), Debt - Short Duration Fund, Open ended, NIFTY 500 - TRI,11.48,18.78,27.19,8.67,5000.0,1.06,1000.0
Bank of India Short Term Income Fund-Reg(Q-IDCW), Debt - Short Duration Fund, Open ended, NIFTY 500 - TRI,11.31,18.78,27.19,8.67,5000.0,1.06,1000.0
Aditya Birla SL Dynamic Bond Fund-Reg(M-IDCW), Debt - Dynamic Bond, Open ended, NIFTY Composite Debt Index,10.41,5.09,6.34,6.24,1000.0,1.19,1000.0
LIC MF Savings Fund(W-IDCW), Debt - Low Duration Fund, Open ended, CRISIL Low Duration Debt Index,11.54,5.06,4.07,4.75,5000.0,0.83,1000.0
LIC MF Savings Fund(DD-IDCW), Debt - Low Duration Fund, Open ended, CRISIL Low Duration Debt Index,10.64,5.03,4.41,4.82,5000.0,0.83,1000.0
Nippon India Equity Hybrid Fund(IDCW), Hybrid - Aggressive Hybrid Fund, Open ended, CRISIL Hybrid 35+65 - Aggressive Index,21.5,5.7,9.08,4.84,1000.0,2.05,1000.0
Nippon India Credit Risk Fund(Q-IDCW), Debt - Credit Risk Fund, Open ended, NIFTY Credit Risk Bond Index,12.76,5.54,3.81,3.53,1000.0,1.61,1000.0
Baroda BNP Paribas Corp Bond Fund(M-IDCW), Debt - Corporate Bond Fund, Open ended, CRISIL Corporate Bond Index,10.1,4.87,1.97,3.71,5000.0,0.64,1000.0
HSBC Credit Risk Fund-Reg(G), Debt - Credit Risk Fund, Open ended, NIFTY Credit Risk Bond Index,24.37,5.41,3.59,4.29,5000.0,1.66,1000.0
HSBC Credit Risk Fund-Reg(M-IDCW), Debt - Credit Risk Fund, Open ended, NIFTY Credit Risk Bond Index,10.18,5.41,3.59,4.2,5000.0,1.66,1000.0
Baroda BNP Paribas Corp Bond Fund(Q-IDCW), Debt - Corporate Bond Fund, Open ended, CRISIL Corporate Bond Index,10.19,4.87,1.97,4.02,5000.0,0.64,1000.0
Baroda BNP Paribas Corp Bond Fund(A-IDCW), Debt - Corporate Bond Fund, Open ended, CRISIL Corporate Bond Index,10.76,4.87,1.96,4.02,5000.0,0.64,1000.0
UTI Dynamic Bond Fund-Reg(G), Debt - Dynamic Bond, Open ended, CRISIL Dynamic Debt Index,25.9,5.04,10.85,9.1,1000.0,1.54,1000.0
UTI Dynamic Bond Fund-Reg(Q-IDCW), Debt - Dynamic Bond, Open ended, CRISIL Dynamic Debt Index,14.1,5.04,10.85,9.1,20000.0,1.54,1000.0
IDBI Ultra ST(G), Debt - Ultra Short Duration Fund, Open ended, CRISIL Ultra Short Term Debt Index,2353.1,5.86,4.85,4.48,5000.0,0.44,1000.0
IDBI Ultra ST(DD-IDCW), Debt - Ultra Short Duration Fund, Open ended, CRISIL Ultra Short Term Debt Index,1017.01,5.86,4.85,4.42,5000.0,0.44,1000.0
IDBI Ultra ST(W-IDCW), Debt - Ultra Short Duration Fund, Open ended, CRISIL Ultra Short Term Debt Index,1096.37,5.86,4.85,4.43,5000.0,0.44,1000.0
IDBI Ultra ST(M-IDCW), Debt - Ultra Short Duration Fund, Open ended, CRISIL Ultra Short Term Debt Index,1120.82,5.86,4.85,4.44,5000.0,0.44,1000.0
Aditya Birla SL Low Duration Fund(DD-IDCW), Debt - Low Duration Fund, Open ended, NIFTY Low Duration Debt Index,100.0,5.44,4.5,4.88,1000.0,1.22,1000.0
HSBC Aggressive Hybrid Fund-Reg(G), Hybrid - Aggressive Hybrid Fund, Open ended, NIFTY 50 Hybrid Composite Debt 65:35 Index,36.72,-0.77,9.55,6.89,5000.0,1.89,1000.0
HSBC Low Duration Fund-Reg(G), Debt - Low Duration Fund, Open ended, NIFTY Low Duration Debt Index,23.84,5.25,4.25,4.53,5000.0,0.91,1000.0
HSBC Low Duration Fund-Reg(IDCW), Debt - Low Duration Fund, Open ended, NIFTY Low Duration Debt Index,10.37,5.25,4.25,4.43,5000.0,0.91,1000.0
Nippon India Ultra Short Duration Fund(M-IDCW), Debt - Ultra Short Duration Fund, Open ended, NIFTY Ultra Short Duration Debt Index,1015.07,5.58,4.79,5.61,1000.0,1.18,1000.0
Nippon India Gold Savings Fund(G), FoFs (Domestic / Overseas ) - Gold, Open ended, Gold-India,22.43,12.26,9.92,11.41,1000.0,0.37,1000.0
Nippon India Gold Savings Fund(IDCW), FoFs (Domestic / Overseas ) - Gold, Open ended, Gold-India,22.43,12.26,9.92,11.41,1000.0,0.37,1000.0
Union Liquid Fund(G), Debt - Liquid Fund, Open ended, NIFTY 500 - TRI,2129.93,5.23,4.2,4.48,5000.0,0.17,2000.0
Union Liquid Fund(DD-IDCW), Debt - Liquid Fund, Open ended, NIFTY 500 - TRI,1000.79,5.23,4.11,3.87,5000.0,0.17,1000.0
Union Liquid Fund(W-IDCW), Debt - Liquid Fund, Open ended, NIFTY 500 - TRI,1001.31,5.23,4.11,3.87,5000.0,0.17,1000.0
Union Liquid Fund(FN-IDCW Payout), Debt - Liquid Fund, Open ended, NIFTY 500 - TRI,1001.59,4.93,4.03,3.82,5000.0,0.17,1000.0
Union Liquid Fund(M-IDCW), Debt - Liquid Fund, Open ended, NIFTY 500 - TRI,1004.45,5.23,4.01,3.8,5000.0,0.17,1000.0
Union Liquid Fund(FN-IDCW Reinv), Debt - Liquid Fund, Open ended, NIFTY 500 - TRI,1001.59,4.93,4.03,3.82,5000.0,0.17,1000.0
Union Liquid Fund(M-IDCW Reinv), Debt - Liquid Fund, Open ended, NIFTY 500 - TRI,1004.45,5.23,4.01,3.8,5000.0,0.17,1000.0
UTI Credit Risk Fund-Reg(G), Debt - Credit Risk Fund, Open ended, CRISIL Short Term Credit Risk Fund,14.36,5.87,3.94,0.75,1000.0,1.6,1000.0
UTI Credit Risk Fund-Reg(IDCW), Debt - Credit Risk Fund, Open ended, CRISIL Short Term Credit Risk Fund,10.2,5.87,3.94,0.75,20000.0,1.6,1000.0
Indiabulls Liquid Fund-Reg(G), Debt - Liquid Fund, Open ended, NIFTY 500 - TRI,2145.2,4.98,3.9,5.07,1000.0,0.31,1000.0
Indiabulls Liquid Fund-Reg(DD-IDCW), Debt - Liquid Fund, Open ended, NIFTY 500 - TRI,1001.15,4.87,3.78,4.26,1000.0,0.31,1000.0
Indiabulls Liquid Fund-Reg(FN-IDCW), Debt - Liquid Fund, Open ended, NIFTY 500 - TRI,1001.47,4.98,3.84,4.22,1000.0,0.31,1000.0
Indiabulls Liquid Fund-Reg(W-IDCW), Debt - Liquid Fund, Open ended, NIFTY 500 - TRI,1002.07,4.98,3.83,4.25,1000.0,0.31,1000.0
Indiabulls Liquid Fund-Reg(M-IDCW), Debt - Liquid Fund, Open ended, NIFTY 500 - TRI,1003.44,4.98,3.86,4.27,1000.0,0.31,1000.0
Baroda BNP Paribas Medium Duration Fund-Reg(G), Debt - Medium Duration Fund, Open ended, CRISIL Medium Term Debt Index,15.8,5.54,2.86,3.73,5000.0,0.97,1000.0
Baroda BNP Paribas Medium Duration Fund-Reg(Q-IDCW), Debt - Medium Duration Fund, Open ended, CRISIL Medium Term Debt Index,10.1,5.53,2.85,3.73,5000.0,0.97,1000.0
Baroda BNP Paribas Medium Duration Fund-Reg(H-IDCW), Debt - Medium Duration Fund, Open ended, CRISIL Medium Term Debt Index,10.42,5.54,2.86,3.73,5000.0,0.97,1000.0
Baroda BNP Paribas Medium Duration Fund-Reg(A-IDCW), Debt - Medium Duration Fund, Open ended, CRISIL Medium Term Debt Index,10.47,5.54,2.86,3.73,5000.0,0.97,1000.0
IDBI Credit Risk Fund(G), Debt - Credit Risk Fund, Open ended, NIFTY Credit Risk Bond Index,15.78,5.5,3.44,4.85,5000.0,1.35,1000.0
DSP 10Y G-Sec Fund-Reg(G), Debt - Gilt Fund with 10 year constant duration, Open ended, NIFTY 500 - TRI,17.85,5.45,1.71,3.35,1000.0,0.52,1000.0
DSP 10Y G-Sec Fund-Reg(IDCW), Debt - Gilt Fund with 10 year constant duration, Open ended, NIFTY 500 - TRI,10.5,5.45,1.71,2.31,1000.0,0.52,1000.0
Invesco India Credit Risk Fund(G), Debt - Credit Risk Fund, Open ended, NIFTY Credit Risk Bond Index,1526.59,4.27,2.51,4.1,1000.0,1.5,1000.0
Invesco India Credit Risk Fund(IDCW), Debt - Credit Risk Fund, Open ended, NIFTY Credit Risk Bond Index,1526.12,4.27,2.51,4.1,1000.0,1.5,1000.0
Nippon India Strategic Debt Fund(G), Debt - Medium Duration Fund, Open ended, CRISIL Medium Term Debt Index,12.83,4.34,1.87,-2.91,5000.0,1.95,1000.0
Nippon India Strategic Debt Fund(IDCW), Debt - Medium Duration Fund, Open ended, CRISIL Medium Term Debt Index,10.98,4.34,1.87,-2.91,5000.0,1.95,1000.0
Nippon India Strategic Debt Fund(Q-IDCW), Debt - Medium Duration Fund, Open ended, CRISIL Medium Term Debt Index,9.46,4.34,1.86,-2.91,5000.0,1.95,1000.0
UTI Banking & PSU Debt Fund-Reg(G), Debt - Banking and PSU Fund, Open ended, CRISIL Banking and PSU Debt Index,18.37,4.2,10.38,6.82,1000.0,0.57,1000.0
Nippon India Equity Hybrid Fund(Q-IDCW), Hybrid - Aggressive Hybrid Fund, Open ended, CRISIL Hybrid 35+65 - Aggressive Index,18.46,5.7,9.08,4.84,1000.0,2.05,1000.0
Kotak Medium Term Fund(G), Debt - Medium Duration Fund, Open ended, NIFTY Medium Duration Debt Index,18.79,3.39,2.55,4.64,5000.0,1.6,1000.0
Axis Credit Risk Fund-Reg(G), Debt - Credit Risk Fund, Open ended, NIFTY Credit Risk Bond Index,17.85,5.47,4.24,5.72,5000.0,1.67,1000.0
Baroda BNP Paribas Credit Risk Fund-Reg(G), Debt - Credit Risk Fund, Open ended, CRISIL Short Term Credit Risk Fund,18.42,6.23,4.41,8.21,5000.0,1.6,1000.0
UTI Banking & PSU Debt Fund-Reg(IDCW), Debt - Banking and PSU Fund, Open ended, CRISIL Banking and PSU Debt Index,12.61,4.2,10.38,6.82,20000.0,0.57,1000.0
Motilal Oswal Flexi Cap Fund-Reg(G), Equity - Flexi Cap Fund, Open ended, NIFTY 500 - TRI,32.15,-2.88,5.22,3.89,1000.0,1.85,1000.0
IDBI Credit Risk Fund(Q-IDCW), Debt - Credit Risk Fund, Open ended, NIFTY Credit Risk Bond Index,11.17,5.51,3.44,4.85,5000.0,1.35,1000.0
IDBI Credit Risk Fund(A-IDCW), Debt - Credit Risk Fund, Open ended, NIFTY Credit Risk Bond Index,11.8,5.51,3.44,4.86,5000.0,1.35,1000.0
Baroda BNP Paribas Medium Duration Fund-Reg(M-IDCW), Debt - Medium Duration Fund, Open ended, CRISIL Medium Term Debt Index,10.12,5.55,2.86,3.6,5000.0,0.97,1000.0
Kotak Medium Term Fund(IDCW), Debt - Medium Duration Fund, Open ended, NIFTY Medium Duration Debt Index,11.53,3.39,2.55,3.87,5000.0,1.6,1000.0
Motilal Oswal Flexi Cap Fund-Reg(IDCW), Equity - Flexi Cap Fund, Open ended, NIFTY 500 - TRI,22.52,-2.88,5.22,3.79,1000.0,1.85,1000.0
Axis Credit Risk Fund-Reg(M-IDCW), Debt - Credit Risk Fund, Open ended, NIFTY Credit Risk Bond Index,10.1,5.47,4.24,5.65,5000.0,1.67,1000.0
Axis Credit Risk Fund-Reg(W-IDCW), Debt - Credit Risk Fund, Open ended, NIFTY Credit Risk Bond Index,10.17,5.47,4.24,5.67,5000.0,1.67,1000.0
Invesco India Credit Risk Fund(M-IDCW), Debt - Credit Risk Fund, Open ended, NIFTY Credit Risk Bond Index,1121.16,4.27,2.51,4.28,1000.0,1.5,1000.0
Aditya Birla SL Equity Savings Fund-Reg(G), Hybrid - Equity Savings, Open ended, NIFTY 50 Equity Savings Index - TRI,17.43,0.64,6.47,5.99,1000.0,2.24,1000.0
HSBC Medium Duration Fund-Reg(G), Debt - Medium Duration Fund, Open ended, NIFTY Medium Duration Debt Index,16.96,5.41,2.78,4.89,5000.0,1.45,1000.0
Aditya Birla SL Equity Savings Fund-Reg(IDCW), Hybrid - Equity Savings, Open ended, NIFTY 50 Equity Savings Index - TRI,12.52,0.57,6.44,5.9,1000.0,2.24,1000.0
UTI Medium Term Fund-Reg(G), Debt - Medium Duration Fund, Open ended, CRISIL Medium Term Debt Index,15.4,4.72,2.65,2.83,1000.0,1.61,1000.0
Baroda BNP Paribas Credit Risk Fund-Reg(M-IDCW), Debt - Credit Risk Fund, Open ended, CRISIL Short Term Credit Risk Fund,11.32,6.24,4.41,8.14,5000.0,1.6,1000.0
Baroda BNP Paribas Credit Risk Fund-Reg(Q-IDCW), Debt - Credit Risk Fund, Open ended, CRISIL Short Term Credit Risk Fund,11.79,6.24,4.41,8.21,5000.0,1.6,1000.0
HSBC Medium Duration Fund-Reg(IDCW-Payout), Debt - Medium Duration Fund, Open ended, NIFTY Medium Duration Debt Index,10.65,5.41,2.78,4.78,5000.0,1.45,1000.0
HSBC Aggressive Hybrid Fund-Reg(A-IDCW Payout), Hybrid - Aggressive Hybrid Fund, Open ended, NIFTY 50 Hybrid Composite Debt 65:35 Index,15.27,-0.77,9.53,6.73,5000.0,1.89,1000.0
Tata ST Bond Fund(P-IDCW), Debt - Short Duration Fund, Open ended, NIFTY 500 - TRI,21.37,4.18,3.03,4.59,5000.0,1.14,1000.0
HSBC Credit Risk Fund-Reg(A-IDCW), Debt - Credit Risk Fund, Open ended, NIFTY Credit Risk Bond Index,12.16,5.41,3.6,3.69,5000.0,1.66,1000.0
UTI Medium Term Fund-Reg(Q-IDCW), Debt - Medium Duration Fund, Open ended, CRISIL Medium Term Debt Index,11.85,4.72,2.65,2.83,20000.0,1.61,1000.0
UTI Medium Term Fund-Reg(A-IDCW), Debt - Medium Duration Fund, Open ended, CRISIL Medium Term Debt Index,11.89,4.73,2.65,2.83,20000.0,1.61,1000.0
UTI Medium Term Fund-Reg(F-IDCW), Debt - Medium Duration Fund, Open ended, CRISIL Medium Term Debt Index,11.37,4.74,2.66,2.83,20000.0,1.61,1000.0
Nippon India Nivesh Lakshya Fund(G), Debt - Long Duration Fund, Open ended, Crisil Long Term Debt Index,14.61,9.96,3.68,4.69,5000.0,0.51,1000.0
Union Corporate Bond Fund-Reg(G), Debt - Corporate Bond Fund, Open ended, CRISIL Corporate Bond Composite Index,12.78,4.43,2.61,4.72,1000.0,0.7,1000.0
Union Corporate Bond Fund-Reg(IDCW), Debt - Corporate Bond Fund, Open ended, CRISIL Corporate Bond Composite Index,12.78,4.43,2.61,4.72,1000.0,0.7,1000.0
Nippon India Nivesh Lakshya Fund(IDCW), Debt - Long Duration Fund, Open ended, Crisil Long Term Debt Index,14.6,9.96,3.68,4.69,5000.0,0.51,1000.0
Nippon India Nivesh Lakshya Fund(M-IDCW), Debt - Long Duration Fund, Open ended, Crisil Long Term Debt Index,11.72,9.96,3.68,4.48,5000.0,0.51,1000.0
Nippon India Nivesh Lakshya Fund(Q-IDCW), Debt - Long Duration Fund, Open ended, Crisil Long Term Debt Index,11.34,9.96,3.68,4.45,5000.0,0.51,1000.0
Nippon India Nivesh Lakshya Fund(H-IDCW), Debt - Long Duration Fund, Open ended, Crisil Long Term Debt Index,12.07,9.96,3.68,4.31,5000.0,0.51,1000.0
Nippon India Nivesh Lakshya Fund(A-IDCW), Debt - Long Duration Fund, Open ended, Crisil Long Term Debt Index,12.06,9.96,3.68,3.97,5000.0,0.51,1000.0
Baroda BNP Paribas Dynamic Bond Fund(DD-IDCW), Debt - Dynamic Bond, Open ended, CRISIL Dynamic Debt Index,10.09,6.21,3.59,4.0,5000.0,1.69,1000.0
Baroda BNP Paribas Dynamic Bond Fund(G), Debt - Dynamic Bond, Open ended, CRISIL Dynamic Debt Index,38.23,6.2,3.47,3.89,5000.0,1.69,1000.0
Baroda BNP Paribas Dynamic Bond Fund(H-IDCW), Debt - Dynamic Bond, Open ended, CRISIL Dynamic Debt Index,10.27,6.2,3.46,3.64,5000.0,1.69,1000.0
Baroda BNP Paribas Dynamic Bond Fund(Q-IDCW), Debt - Dynamic Bond, Open ended, CRISIL Dynamic Debt Index,10.21,6.2,3.47,3.71,5000.0,1.69,1000.0
Baroda BNP Paribas Dynamic Bond Fund(W-IDCW), Debt - Dynamic Bond, Open ended, CRISIL Dynamic Debt Index,10.06,6.2,3.47,3.74,5000.0,1.69,1000.0
Baroda BNP Paribas Conservative Hybrid Fund-Reg(G), Hybrid - Conservative Hybrid Fund, Open ended, CRISIL Hybrid 85+15 - Conservative Index,35.83,2.84,5.4,5.91,1000.0,2.39,1000.0
Baroda BNP Paribas Conservative Hybrid Fund-Reg(M-IDCW), Hybrid - Conservative Hybrid Fund, Open ended, CRISIL Hybrid 85+15 - Conservative Index,10.6,2.84,4.96,5.0,1000.0,2.39,1000.0
Baroda BNP Paribas Conservative Hybrid Fund-Reg(Q-IDCW), Hybrid - Conservative Hybrid Fund, Open ended, CRISIL Hybrid 85+15 - Conservative Index,10.89,2.84,5.4,5.24,1000.0,2.39,1000.0
Baroda BNP Paribas ELSS Fund-Reg(IDCW), Equity - ELSS, Open ended, NIFTY 500 - TRI,18.26,-2.14,10.49,8.76,1000.0,2.33,1000.0
Baroda BNP Paribas ELSS Fund-Reg(G), Equity - ELSS, Open ended, NIFTY 500 - TRI,58.26,-2.14,10.49,9.13,1000.0,2.33,1000.0
Aditya Birla SL Dividend Yield Fund(IDCW), Equity - Dividend Yield Fund, Open ended, NIFTY 500 - TRI,19.41,9.81,17.93,8.43,1000.0,2.41,1000.0
Aditya Birla SL Dividend Yield Fund(G), Equity - Dividend Yield Fund, Open ended, NIFTY 500 - TRI,274.52,9.82,17.93,8.69,1000.0,2.41,1000.0
Aditya Birla SL India GenNext Fund(IDCW), Equity - Sectoral Fund - Consumption, Open ended, Nifty India Consumption - TRI,31.91,5.09,14.06,12.1,1000.0,2.17,1000.0
Aditya Birla SL India GenNext Fund(G), Equity - Sectoral Fund - Consumption, Open ended, Nifty India Consumption - TRI,140.08,5.09,14.06,12.33,1000.0,2.17,1000.0
Aditya Birla SL Infrastructure Fund(IDCW), Equity - Sectoral Fund - Infrastructure , Open ended, Nifty Infrastructure - TRI,19.27,9.09,19.06,7.21,1000.0,2.53,1000.0
Aditya Birla SL Infrastructure Fund(G), Equity - Sectoral Fund - Infrastructure , Open ended, Nifty Infrastructure - TRI,53.4,9.13,19.38,7.35,1000.0,2.53,1000.0
Aditya Birla SL MNC Fund-Reg(G), Equity - Thematic Fund - MNC, Open ended, NIFTY MNC - TRI,905.23,-2.33,3.17,3.83,1000.0,2.06,1000.0
Aditya Birla SL Intl. Equity Fund-A(IDCW), Equity - Thematic Fund - Global, Open ended, S&P Global 1200,17.68,4.56,8.57,10.01,1000.0,2.49,1000.0
Aditya Birla SL Intl. Equity Fund-A(G), Equity - Thematic Fund - Global, Open ended, S&P Global 1200,31.34,4.56,8.57,11.08,1000.0,2.49,1000.0
Aditya Birla SL Intl. Equity Fund-B(IDCW), Equity - Thematic Fund - Global, Open ended, NIFTY 500 - TRI,18.35,-0.91,10.89,7.44,1000.0,2.55,1030.463038180341
Aditya Birla SL Intl. Equity Fund-B(G), Equity - Thematic Fund - Global, Open ended, NIFTY 500 - TRI,26.65,-0.91,10.89,7.79,1000.0,2.55,1030.463038180341
Aditya Birla SL Digital India Fund(IDCW), Equity - Sectoral Fund - Technology, Open ended, S&P BSE TECk Index - TRI,38.11,-7.63,26.99,20.84,1000.0,2.11,1000.0
Aditya Birla SL Digital India Fund(G), Equity - Sectoral Fund - Technology, Open ended, S&P BSE TECk Index - TRI,124.55,-7.61,26.99,21.38,1000.0,2.11,1000.0
Baroda BNP Paribas Gilt Fund-Reg(IDCW), Debt - Gilt Fund, Open ended, CRISIL Dynamic Gilt Index,22.26,5.01,2.16,3.72,5000.0,1.86,1000.0
Baroda BNP Paribas Gilt Fund-Reg(G), Debt - Gilt Fund, Open ended, CRISIL Dynamic Gilt Index,34.89,5.01,2.16,3.81,5000.0,1.86,1000.0
Canara Rob Gilt Fund-Reg(G), Debt - Gilt Fund, Open ended, CRISIL Dynamic Gilt Index,63.37,4.56,2.88,4.14,5000.0,1.25,1000.0
Canara Rob Gilt Fund-Reg(IDCW), Debt - Gilt Fund, Open ended, CRISIL Dynamic Gilt Index,14.53,4.56,2.88,4.13,5000.0,1.25,1000.0
Canara Rob Income Fund-Reg(G), Debt - Medium to Long Duration Fund, Open ended, CRISIL Medium to Long Term Debt Index,47.34,4.04,2.0,3.82,5000.0,1.88,1000.0
Canara Rob Income Fund-Reg(Q-IDCW), Debt - Medium to Long Duration Fund, Open ended, CRISIL Medium to Long Term Debt Index,14.53,4.05,2.01,3.37,5000.0,1.88,1000.0
Canara Rob Infrastructure Fund-Reg(IDCW), Equity - Sectoral Fund - Infrastructure , Open ended, S&P BSE India Infrastructure Index - TRI,36.75,9.48,20.41,9.73,5000.0,2.55,1000.0
Canara Rob Infrastructure Fund-Reg(G), Equity - Sectoral Fund - Infrastructure , Open ended, S&P BSE India Infrastructure Index - TRI,82.2,9.44,20.46,10.01,5000.0,2.55,1000.0
HSBC Infrastructure Fund-Reg(G), Equity - Sectoral Fund - Infrastructure , Open ended, Nifty Infrastructure - TRI,25.67,7.74,16.91,6.95,5000.0,2.2,1000.0
HSBC Infrastructure Fund-Reg(IDCW), Equity - Sectoral Fund - Infrastructure , Open ended, Nifty Infrastructure - TRI,23.62,8.01,17.0,7.0,5000.0,2.2,1000.0
DSP India T.I.G.E.R Fund-Reg(IDCW), Equity - Sectoral Fund - Infrastructure , Open ended, S&P BSE India Infrastructure Index - TRI,18.19,15.75,20.55,9.55,1000.0,2.22,1000.0
DSP India T.I.G.E.R Fund-Reg(G), Equity - Sectoral Fund - Infrastructure , Open ended, S&P BSE India Infrastructure Index - TRI,163.52,15.76,20.55,10.13,1000.0,2.22,1000.0
DSP Regular Savings Fund-Reg(G), Hybrid - Conservative Hybrid Fund, Open ended, CRISIL Hybrid 85+15 - Conservative Index,45.33,2.77,6.21,4.62,1000.0,1.21,1000.0
DSP Regular Savings Fund-Reg(M-IDCW Reinv), Hybrid - Conservative Hybrid Fund, Open ended, CRISIL Hybrid 85+15 - Conservative Index,10.79,2.77,6.36,3.78,1000.0,1.3712016129032258,1030.463038180341
DSP Regular Savings Fund-Reg(Q-IDCW), Hybrid - Conservative Hybrid Fund, Open ended, CRISIL Hybrid 85+15 - Conservative Index,11.13,2.77,6.01,3.58,1000.0,1.21,1000.0
DSP World Gold Fund-Reg(G), FoFs (Domestic / Overseas ) - Gold, Open ended, FTSE Gold Mines,15.89,-8.0,3.91,6.92,1000.0,2.37,1000.0
DSP World Gold Fund-Reg(IDCW), FoFs (Domestic / Overseas ) - Gold, Open ended, FTSE Gold Mines,11.08,-8.0,3.91,6.92,1000.0,2.37,1000.0
PGIM India Large Cap Fund(IDCW), Equity - Large Cap Fund, Open ended, NIFTY 100 - TRI,18.34,3.55,11.44,8.64,5000.0,2.5,1000.0
PGIM India Large Cap Fund(G), Equity - Large Cap Fund, Open ended, NIFTY 100 - TRI,248.33,3.53,11.42,9.15,5000.0,2.5,1000.0
PGIM India Hybrid Equity Fund(IDCW), Hybrid - Aggressive Hybrid Fund, Open ended, CRISIL Hybrid 35+65 - Aggressive Index,14.52,2.02,9.57,6.71,5000.0,2.38,1000.0
PGIM India Hybrid Equity Fund(G), Hybrid - Aggressive Hybrid Fund, Open ended, CRISIL Hybrid 35+65 - Aggressive Index,94.68,2.0,9.55,7.13,5000.0,2.38,1000.0
PGIM India Equity Savings Fund(A-IDCW), Hybrid - Equity Savings, Open ended, NIFTY 50 Equity Savings Index - TRI,15.58,3.61,6.9,6.37,5000.0,1.22,1000.0
PGIM India Equity Savings Fund(G), Hybrid - Equity Savings, Open ended, NIFTY 50 Equity Savings Index - TRI,41.11,3.61,7.15,6.68,5000.0,1.22,1000.0
PGIM India Equity Savings Fund(M-IDCW), Hybrid - Equity Savings, Open ended, NIFTY 50 Equity Savings Index - TRI,12.58,3.61,7.15,6.36,5000.0,1.22,1000.0
PGIM India Corp Bond Fund(Q-IDCW), Debt - Corporate Bond Fund, Open ended, CRISIL Corporate Bond Index,11.54,4.09,3.28,4.89,5000.0,0.99,1000.0
PGIM India Corp Bond Fund(A-IDCW), Debt - Corporate Bond Fund, Open ended, CRISIL Corporate Bond Index,10.88,4.09,3.28,4.46,5000.0,0.99,1000.0
PGIM India Corp Bond Fund(G), Debt - Corporate Bond Fund, Open ended, CRISIL Corporate Bond Index,36.29,4.09,3.28,5.06,5000.0,0.99,1000.0
PGIM India Corp Bond Fund(M-IDCW), Debt - Corporate Bond Fund, Open ended, CRISIL Corporate Bond Index,13.0,4.09,3.28,4.96,5000.0,0.99,1000.0
Quant Absolute Fund(IDCW), Hybrid - Aggressive Hybrid Fund, Open ended, CRISIL Hybrid 25+75 - Aggressive Index,40.7,7.49,27.54,17.4,5000.0,2.31,1000.0
Quant Absolute Fund(G), Hybrid - Aggressive Hybrid Fund, Open ended, CRISIL Hybrid 25+75 - Aggressive Index,295.06,7.46,27.53,17.37,5000.0,2.31,1000.0
Quant Multi Asset Fund(IDCW), Hybrid - Multi Asset Allocation, Open ended, NIFTY 500 - TRI,79.08,7.62,28.31,20.14,5000.0,2.31,1000.0
Quant Multi Asset Fund(G), Hybrid - Multi Asset Allocation, Open ended, NIFTY 500 - TRI,86.17,7.61,28.21,20.08,5000.0,2.31,1000.0
Quant Large & Mid Cap Fund(IDCW), Equity - Large & Mid Cap Fund, Open ended, NIFTY LargeMidcap 250 - TRI,43.85,7.16,23.32,13.37,5000.0,2.31,1000.0
Quant Large & Mid Cap Fund(G), Equity - Large & Mid Cap Fund, Open ended, NIFTY LargeMidcap 250 - TRI,71.96,7.02,23.16,13.35,5000.0,2.31,1000.0
Quant Infrastructure Fund(IDCW), Equity - Sectoral Fund - Infrastructure , Open ended, Nifty Infrastructure - TRI,22.1,3.43,35.89,18.41,5000.0,2.39,1000.0
Quant Infrastructure Fund(G), Equity - Sectoral Fund - Infrastructure , Open ended, Nifty Infrastructure - TRI,22.15,3.48,35.85,18.38,5000.0,2.39,1000.0
HSBC Dynamic Bond Fund-Reg(M-IDCW), Debt - Dynamic Bond, Open ended, NIFTY Composite Debt Index,10.69,3.96,3.46,3.98,5000.0,1.61,1000.0
HSBC Dynamic Bond Fund-Reg(G), Debt - Dynamic Bond, Open ended, NIFTY Composite Debt Index,24.66,3.96,3.46,4.1,5000.0,1.61,1000.0
Franklin India Opportunities Fund(IDCW), Equity - Thematic Fund - Other, Open ended, NIFTY 500 - TRI,21.95,2.16,16.89,9.07,5000.0,2.54,1000.0
Franklin India Opportunities Fund(G), Equity - Thematic Fund - Other, Open ended, NIFTY 500 - TRI,119.04,2.16,16.89,9.5,5000.0,2.54,1000.0
Franklin India Technology Fund(IDCW), Equity - Sectoral Fund - Technology, Open ended, S&P BSE TECk Index - TRI,34.04,-8.7,19.04,16.4,5000.0,2.44,1000.0
Franklin India Technology Fund(G), Equity - Sectoral Fund - Technology, Open ended, S&P BSE TECk Index - TRI,304.33,-8.7,19.03,16.83,5000.0,2.44,1000.0
Franklin India Dynamic Asset Allocation FOFs(IDCW), FoFs (Domestic) - Debt Oriented, Open ended, CRISIL Hybrid 50+50 - Moderate Index,36.34,5.94,10.16,6.96,5000.0,1.42,1000.0
Franklin India Dynamic Asset Allocation FOFs(G), FoFs (Domestic) - Debt Oriented, Open ended, CRISIL Hybrid 50+50 - Moderate Index,115.32,5.94,10.47,8.18,5000.0,1.42,1000.0
Franklin India Debt Hybrid Fund(G), Hybrid - Conservative Hybrid Fund, Open ended, CRISIL Hybrid 85+15 - Conservative Index,70.63,3.72,5.5,6.06,10000.0,1.38,1000.0
Franklin India Debt Hybrid Fund(M-IDCW), Hybrid - Conservative Hybrid Fund, Open ended, CRISIL Hybrid 85+15 - Conservative Index,12.54,3.04,4.45,4.51,10000.0,1.38,1000.0
Franklin India Debt Hybrid Fund(Q-IDCW), Hybrid - Conservative Hybrid Fund, Open ended, CRISIL Hybrid 85+15 - Conservative Index,11.82,3.72,5.04,4.83,10000.0,1.38,1000.0
HDFC Overnight Fund(DD-IDCW), Debt - Overnight Fund, Open ended, CRISIL Overnight Index,1042.66,4.89,3.65,3.84,10000.0,1.3712016129032258,1030.463038180341
HDFC Overnight Fund(G), Debt - Overnight Fund, Open ended, CRISIL Overnight Index,3278.12,4.91,3.68,4.51,1000.0,0.2,1000.0
HDFC Balanced Advantage Fund(IDCW), Hybrid - Balanced Advantage, Open ended, NIFTY 50 Hybrid Composite Debt 50:50 Index,30.01,14.45,17.67,10.76,1000.0,1.65,1000.0
HDFC Balanced Advantage Fund(G), Hybrid - Balanced Advantage, Open ended, NIFTY 50 Hybrid Composite Debt 50:50 Index,325.7,14.46,17.82,11.48,1000.0,1.65,1000.0
HDFC Dynamic Debt Fund(G), Debt - Dynamic Bond, Open ended, CRISIL Dynamic Debt Index,74.89,4.83,2.34,5.51,1000.0,1.8,1000.0
HDFC Dynamic Debt Fund(H-IDCW), Debt - Dynamic Bond, Open ended, CRISIL Dynamic Debt Index,11.51,4.83,2.35,5.03,1000.0,1.8,1000.0
HDFC Dynamic Debt Fund(Q-IDCW), Debt - Dynamic Bond, Open ended, CRISIL Dynamic Debt Index,12.05,4.83,2.34,5.32,1000.0,1.8,1000.0
HDFC Dynamic Debt Fund(A-IDCW), Debt - Dynamic Bond, Open ended, CRISIL Dynamic Debt Index,13.33,4.83,2.35,4.93,1000.0,1.8,1000.0
HDFC Multi-Asset Fund(IDCW), Hybrid - Multi Asset Allocation, Open ended, NIFTY 500 - TRI,15.3,5.99,13.26,9.32,1000.0,2.12,1000.0
HDFC Multi-Asset Fund(G), Hybrid - Multi Asset Allocation, Open ended, NIFTY 500 - TRI,50.11,5.99,13.22,9.86,1000.0,2.12,1000.0
HSBC Medium to Long Duration Fund Fund(G), Debt - Medium to Long Duration Fund, Open ended, NIFTY Medium to Long Term Debt Index,35.73,3.23,0.84,3.09,5000.0,2.04,1000.0
HSBC Medium to Long Duration Fund Fund(IDCW), Debt - Medium to Long Duration Fund, Open ended, NIFTY Medium to Long Term Debt Index,10.58,3.23,0.84,2.93,5000.0,2.04,1000.0
HSBC Conservative Hybrid Fund(G), Hybrid - Conservative Hybrid Fund, Open ended, CRISIL Hybrid 85+15 - Conservative Index,46.79,0.67,5.82,5.98,5000.0,2.18,1000.0
HSBC Conservative Hybrid Fund(M-IDCW), Hybrid - Conservative Hybrid Fund, Open ended, CRISIL Hybrid 85+15 - Conservative Index,12.21,0.67,5.71,4.95,5000.0,2.18,1000.0
HSBC Conservative Hybrid Fund(Q-IDCW), Hybrid - Conservative Hybrid Fund, Open ended, CRISIL Hybrid 85+15 - Conservative Index,16.18,0.67,5.82,5.86,5000.0,2.18,1000.0
ICICI Pru Child Care Fund-Gift Plan, Solution Oriented - Children's Fund, Open ended, NIFTY 50 Hybrid Composite Debt 65:35 Index,197.08,1.62,9.77,7.89,5000.0,2.37,1000.0
ICICI Pru Multi-Asset Fund(IDCW), Hybrid - Multi Asset Allocation, Open ended, NIFTY 500 - TRI,25.37,11.86,20.48,12.19,5000.0,1.86,1000.0
ICICI Pru Multi-Asset Fund(G), Hybrid - Multi Asset Allocation, Open ended, NIFTY 500 - TRI,481.69,11.87,20.55,12.89,5000.0,1.86,1000.0
ICICI Pru FMCG Fund(IDCW), Equity - Sectoral Fund - Consumption, Open ended, NIFTY FMCG - TRI,86.27,21.77,15.96,12.3,5000.0,2.34,1000.0
ICICI Pru FMCG Fund(G), Equity - Sectoral Fund - Consumption, Open ended, NIFTY FMCG - TRI,394.19,21.76,15.95,12.53,5000.0,2.34,1000.0
ICICI Pru Infrastructure Fund(IDCW), Equity - Sectoral Fund - Infrastructure , Open ended, S&P BSE India Infrastructure Index - TRI,18.34,22.21,26.31,12.36,5000.0,2.22,1000.0
ICICI Pru Infrastructure Fund(G), Equity - Sectoral Fund - Infrastructure , Open ended, S&P BSE India Infrastructure Index - TRI,100.71,22.14,26.31,12.64,5000.0,2.22,1000.0
ICICI Pru Exports & Services Fund(IDCW), Equity - Sectoral Fund - Service Industry, Open ended, S&P BSE 500 - TRI,28.64,7.11,18.5,10.24,5000.0,2.4,1000.0
ICICI Pru Exports & Services Fund(G), Equity - Sectoral Fund - Service Industry, Open ended, S&P BSE 500 - TRI,98.03,7.08,18.44,10.42,5000.0,2.4,1000.0
ICICI Pru Technology Fund(G), Equity - Sectoral Fund - Technology, Open ended, S&P BSE TECk Index - TRI,142.58,-9.33,31.52,22.46,5000.0,2.1,1000.0
ICICI Pru Passive Strategy Fund(FOF)(IDCW), FoFs (Domestic) - Equity Oriented, Open ended, NIFTY 200 - TRI,87.79,5.94,15.0,11.05,5000.0,0.37,1000.0
ICICI Pru Passive Strategy Fund(FOF)(G), FoFs (Domestic) - Equity Oriented, Open ended, NIFTY 200 - TRI,104.81,5.89,14.98,11.04,5000.0,0.37,1000.0
ICICI Pru Income Optimizer Fund(FOF)(IDCW), FoFs (Domestic) - Debt Oriented, Open ended, NIFTY 50,39.63,6.89,8.67,8.31,5000.0,1.24,1000.0
ICICI Pru Income Optimizer Fund(FOF)(G), FoFs (Domestic) - Debt Oriented, Open ended, NIFTY 50,47.32,6.89,8.67,8.31,5000.0,1.24,1000.0
ICICI Pru Asset Allocator Fund(FOF)(G), FoFs (Domestic) - Debt Oriented, Open ended, CRISIL Hybrid 50+50 - Moderate Index,84.82,7.86,12.54,11.45,5000.0,1.35,1000.0
ICICI Pru Thematic Advantage Fund(FOF)(G), FoFs (Domestic) - Equity Oriented, Open ended, NIFTY 200 - TRI,137.71,6.37,23.61,14.85,5000.0,1.61,1000.0
ICICI Pru Debt Mgmt Fund(FOF)(G), FoFs (Domestic) - Debt Oriented, Open ended, NIFTY 500 - TRI,37.22,4.62,5.62,6.52,1000.0,0.74,1000.0
ICICI Pru Debt Mgmt Fund(FOF)(IDCW), FoFs (Domestic) - Debt Oriented, Open ended, NIFTY 500 - TRI,34.05,4.62,5.62,6.52,1000.0,0.74,1000.0
Aditya Birla SL Balanced Advantage Fund(IDCW-Payout), Hybrid - Balanced Advantage, Open ended, CRISIL Hybrid 50+50 - Moderate Index,22.68,4.51,10.47,8.11,1000.0,1.79,1000.0
Aditya Birla SL Balanced Advantage Fund(G), Hybrid - Balanced Advantage, Open ended, CRISIL Hybrid 50+50 - Moderate Index,75.77,4.47,10.51,8.53,1000.0,1.79,1000.0
JM Arbitrage Fund(IDCW), Hybrid - Arbitrage Fund, Open ended, Nifty 50 Arbitrage,12.96,4.45,3.17,4.02,5000.0,1.07,1000.0
JM Arbitrage Fund(G), Hybrid - Arbitrage Fund, Open ended, Nifty 50 Arbitrage,27.92,4.45,3.17,4.02,5000.0,1.07,1000.0
JM Equity Hybrid Fund(IDCW), Hybrid - Aggressive Hybrid Fund, Open ended, CRISIL Hybrid 35+65 - Aggressive Index,20.44,7.89,19.44,10.04,5000.0,2.47,1000.0
JM Equity Hybrid Fund(G), Hybrid - Aggressive Hybrid Fund, Open ended, CRISIL Hybrid 35+65 - Aggressive Index,73.07,7.89,19.44,10.04,5000.0,2.47,1000.0
JM Value Fund(IDCW), Equity - Value Fund, Open ended, S&P BSE 500 - TRI,38.67,7.02,16.45,10.84,5000.0,2.53,1000.0
JM Value Fund(G), Equity - Value Fund, Open ended, S&P BSE 500 - TRI,55.38,7.02,16.45,10.84,5000.0,2.53,1000.0
JM Large Cap Fund-Reg(IDCW), Equity - Large Cap Fund, Open ended, S&P BSE 100 - TRI,19.97,5.31,12.71,8.23,5000.0,2.53,1000.0
JM Large Cap Fund-Reg(G), Equity - Large Cap Fund, Open ended, S&P BSE 100 - TRI,102.89,5.31,14.58,9.75,5000.0,2.53,1000.0
JM Dynamic Bond Fund-Reg(IDCW), Debt - Dynamic Bond, Open ended, CRISIL Dynamic Debt Index,34.83,4.82,3.93,4.47,5000.0,0.98,1000.0
JM Dynamic Bond Fund-Reg(G), Debt - Dynamic Bond, Open ended, CRISIL Dynamic Debt Index,34.72,4.82,3.93,4.47,5000.0,0.98,1000.0
Kotak Multi Asset Allocator FoF-Dynamic(IDCW), FoFs (Domestic) - Debt Oriented, Open ended, NIFTY 500 - TRI,147.23,12.75,19.18,14.93,5000.0,0.98,1000.0
Kotak Multi Asset Allocator FoF-Dynamic(G), FoFs (Domestic) - Debt Oriented, Open ended, NIFTY 500 - TRI,151.26,12.75,19.18,14.93,5000.0,0.98,1000.0
LIC MF Equity Hybrid Fund(IDCW), Hybrid - Aggressive Hybrid Fund, Open ended, CRISIL Hybrid 35+65 - Aggressive Index,13.69,-0.07,6.82,6.36,5000.0,2.49,1000.0
LIC MF Equity Hybrid Fund(G), Hybrid - Aggressive Hybrid Fund, Open ended, CRISIL Hybrid 35+65 - Aggressive Index,137.41,-0.07,6.86,6.81,5000.0,2.49,1000.0
LIC MF Bond Fund-Reg(IDCW), Debt - Medium to Long Duration Fund, Open ended, CRISIL Medium to Long Term Debt Index,13.14,6.09,3.35,3.77,5000.0,0.71,1000.0
LIC MF Bond Fund-Reg(G), Debt - Medium to Long Duration Fund, Open ended, CRISIL Medium to Long Term Debt Index,59.96,6.09,3.35,3.77,5000.0,0.71,1000.0
LIC MF Children's Gift Fund(G), Solution Oriented - Children's Fund, Open ended, CRISIL Hybrid 35+65 - Aggressive Index,23.63,-0.14,8.08,6.48,5000.0,2.49,1000.0
LIC MF Flexi Cap Fund-Reg(IDCW), Equity - Flexi Cap Fund, Open ended, NIFTY 500 - TRI,21.15,-0.25,8.18,7.28,5000.0,2.55,1000.0
LIC MF Flexi Cap Fund-Reg(G), Equity - Flexi Cap Fund, Open ended, NIFTY 500 - TRI,66.19,-0.25,8.18,7.28,5000.0,2.55,1000.0
LIC MF G-Sec Fund-Reg(IDCW), Debt - Gilt Fund, Open ended, Nifty All Duration G-Sec Index,14.46,3.04,1.99,4.09,10000.0,1.48,1000.0
LIC MF G-Sec Fund-Reg(G), Debt - Gilt Fund, Open ended, Nifty All Duration G-Sec Index,50.18,3.04,1.99,4.09,10000.0,1.48,1000.0
LIC MF Large Cap Fund-Reg(G), Equity - Large Cap Fund, Open ended, NIFTY 100 - TRI,40.25,-1.28,9.85,10.21,5000.0,2.46,1000.0
LIC MF Nifty 50 Index Fund(IDCW), Index Funds - Nifty, Open ended, NIFTY 50 - TRI,36.68,4.04,14.07,11.34,5000.0,1.01,1000.0
LIC MF Nifty 50 Index Fund(G), Index Funds - Nifty, Open ended, NIFTY 50 - TRI,99.45,4.04,14.07,11.34,5000.0,1.01,1000.0
LIC MF S&P BSE Sensex Index Fund(IDCW), Index Funds - Sensex, Open ended, S&P BSE SENSEX - TRI,39.13,5.58,14.22,12.39,5000.0,1.08,1000.0
LIC MF S&P BSE Sensex Index Fund(G), Index Funds - Sensex, Open ended, S&P BSE SENSEX - TRI,114.17,5.58,14.22,12.39,5000.0,1.08,1000.0
LIC MF Debt Hybrid Fund(G), Hybrid - Conservative Hybrid Fund, Open ended, CRISIL Hybrid 85+15 - Conservative Index,69.06,2.29,5.39,5.92,5000.0,2.25,1000.0
LIC MF Debt Hybrid Fund(M-IDCW), Hybrid - Conservative Hybrid Fund, Open ended, CRISIL Hybrid 85+15 - Conservative Index,11.6,2.29,5.33,5.48,5000.0,2.25,1000.0
LIC MF Debt Hybrid Fund(Q-IDCW), Hybrid - Conservative Hybrid Fund, Open ended, CRISIL Hybrid 85+15 - Conservative Index,12.13,2.29,5.39,5.47,5000.0,2.25,1000.0
LIC MF Debt Hybrid Fund(A-IDCW), Hybrid - Conservative Hybrid Fund, Open ended, CRISIL Hybrid 85+15 - Conservative Index,12.39,2.29,5.39,5.19,5000.0,2.25,1000.0
LIC MF Tax Plan-Reg(IDCW), Equity - ELSS, Open ended, NIFTY 500 - TRI,21.65,-0.08,9.26,8.51,1000.0,2.5,1000.0
LIC MF Tax Plan-Reg(G), Equity - ELSS, Open ended, NIFTY 500 - TRI,99.15,-0.08,9.26,8.77,1000.0,2.5,1000.0
Invesco India Dynamic Equity Fund(IDCW), Hybrid - Dynamic Asset Allocation, Open ended, NIFTY 500 - TRI,17.57,3.38,7.31,5.7,1000.0,2.34,1000.0
Invesco India Dynamic Equity Fund(G), Hybrid - Dynamic Asset Allocation, Open ended, NIFTY 500 - TRI,38.14,3.37,7.32,6.18,1000.0,2.34,1000.0
Invesco India Infrastructure Fund(IDCW), Equity - Sectoral Fund - Infrastructure , Open ended, S&P BSE India Infrastructure Index - TRI,26.12,5.71,19.24,11.72,1000.0,2.5,1000.0
Invesco India Infrastructure Fund(G), Equity - Sectoral Fund - Infrastructure , Open ended, S&P BSE India Infrastructure Index - TRI,32.47,5.74,19.3,11.74,1000.0,2.5,1000.0
Invesco India Short Term Fund(G), Debt - Short Duration Fund, Open ended, Nifty Short Duration Debt Index,2994.05,4.26,2.55,4.32,1000.0,1.2,1000.0
Invesco India Short Term Fund(M-IDCW), Debt - Short Duration Fund, Open ended, Nifty Short Duration Debt Index,1049.53,4.27,2.55,4.2,1000.0,1.2,1000.0
Invesco India Short Term Fund(W-IDCW), Debt - Short Duration Fund, Open ended, Nifty Short Duration Debt Index,1018.99,4.26,2.55,4.29,1000.0,1.2,1000.0
Aditya Birla SL Active Debt Multi-Mgr FoF(IDCW-Payout), FoFs (Domestic) - Debt Oriented, Open ended, NIFTY 500 - TRI,19.64,3.16,5.06,6.37,1000.0,0.62,1000.0
Aditya Birla SL Active Debt Multi-Mgr FoF(G), FoFs (Domestic) - Debt Oriented, Open ended, NIFTY 500 - TRI,31.32,3.16,5.05,6.37,1000.0,0.62,1000.0
Aditya Birla SL Asset Allocator FoF(IDCW-Payout), FoFs (Domestic) - Debt Oriented, Open ended, CRISIL Hybrid 50+50 - Moderate Index,40.34,2.12,12.36,9.23,1000.0,1.64,1000.0
Aditya Birla SL Asset Allocator FoF(G), FoFs (Domestic) - Debt Oriented, Open ended, CRISIL Hybrid 50+50 - Moderate Index,43.81,2.12,12.36,9.23,1000.0,1.64,1000.0
Sundaram Dividend Yield Fund(H-IDCW), Equity - Dividend Yield Fund, Open ended, NIFTY 500 - TRI,30.71,3.09,16.14,10.6,5000.0,2.49,1000.0
Sundaram Dividend Yield Fund(G), Equity - Dividend Yield Fund, Open ended, NIFTY 500 - TRI,88.21,3.03,16.11,10.64,5000.0,2.49,1000.0
Sundaram Nifty 100 Equal Weight Fund(G), Index Funds - Other, Open ended, Nifty100 Equal Weight - TRI,106.53,-2.14,13.92,7.77,1000.0,0.95,1000.0
Sundaram Focused Fund(G), Equity - Focused Fund, Open ended, NIFTY 500 - TRI,108.43,-1.11,14.63,11.98,1000.0,2.42,1000.0
Sundaram Equity Savings Fund(G), Hybrid - Equity Savings, Open ended, NIFTY 50 Equity Savings Index,52.17,3.73,12.07,8.57,1000.0,2.34,1000.0
Sundaram Equity Savings Fund(H-IDCW), Hybrid - Equity Savings, Open ended, NIFTY 50 Equity Savings Index,13.93,3.74,12.07,8.4,1000.0,2.34,1000.0
Sundaram Equity Savings Fund(Q-IDCW), Hybrid - Equity Savings, Open ended, NIFTY 50 Equity Savings Index,15.0,3.73,12.07,8.4,1000.0,2.34,1000.0
Sundaram Tax Savings Fund-Reg(G), Equity - ELSS, Open ended, NIFTY 500 - TRI,338.68,3.21,17.22,9.38,1000.0,2.37,1000.0
Nippon India Banking & Financial Services Fund(IDCW), Equity - Sectoral Fund - Banks & Financial Services, Open ended, Nifty Financial Services - TRI,53.36,8.95,11.58,8.05,5000.0,2.02,1000.0
Nippon India Banking & Financial Services Fund(G), Equity - Sectoral Fund - Banks & Financial Services, Open ended, Nifty Financial Services - TRI,394.82,8.95,11.57,8.49,5000.0,2.02,1000.0
Nippon India Power & Infra Fund(IDCW), Equity - Sectoral Fund - Energy & Power, Open ended, Nifty Infrastructure - TRI,39.23,15.67,20.54,7.2,5000.0,2.2,1000.0
Nippon India Power & Infra Fund(G), Equity - Sectoral Fund - Energy & Power, Open ended, Nifty Infrastructure - TRI,174.97,15.66,20.96,7.67,5000.0,2.2,1000.0
Nippon India Income Fund(A-IDCW), Debt - Medium to Long Duration Fund, Open ended, NIFTY Medium to Long Term Debt Index,13.17,7.54,3.84,3.06,5000.0,1.76,1000.0
Nippon India Income Fund(G), Debt - Medium to Long Duration Fund, Open ended, NIFTY Medium to Long Term Debt Index,75.14,7.54,3.84,4.3,5000.0,1.76,1000.0
Nippon India Income Fund(H-IDCW), Debt - Medium to Long Duration Fund, Open ended, NIFTY Medium to Long Term Debt Index,12.51,7.54,3.84,3.72,5000.0,1.76,1000.0
Nippon India Income Fund(M-IDCW), Debt - Medium to Long Duration Fund, Open ended, NIFTY Medium to Long Term Debt Index,10.73,7.54,3.84,4.06,25000.0,1.76,1000.0
Nippon India Income Fund(Q-IDCW), Debt - Medium to Long Duration Fund, Open ended, NIFTY Medium to Long Term Debt Index,12.86,7.54,3.84,3.89,10000.0,1.76,1000.0
Nippon India Consumption Fund(IDCW), Equity - Sectoral Fund - Consumption, Open ended, Nifty India Consumption - TRI,28.56,13.35,19.93,12.48,5000.0,2.73,1000.0
Nippon India Consumption Fund(G), Equity - Sectoral Fund - Consumption, Open ended, Nifty India Consumption - TRI,124.62,13.35,19.93,12.91,5000.0,2.73,1000.0
Nippon India Hybrid Bond Fund(G), Hybrid - Conservative Hybrid Fund, Open ended, CRISIL Hybrid 85+15 - Conservative Index,46.48,4.52,3.14,2.6,5000.0,1.97,1000.0
Nippon India Hybrid Bond Fund(M-IDCW), Hybrid - Conservative Hybrid Fund, Open ended, CRISIL Hybrid 85+15 - Conservative Index,10.7,4.52,3.08,1.69,5000.0,1.97,1000.0
Nippon India Hybrid Bond Fund(Q-IDCW), Hybrid - Conservative Hybrid Fund, Open ended, CRISIL Hybrid 85+15 - Conservative Index,11.97,4.52,3.14,1.75,5000.0,1.97,1000.0
Nippon India Balanced Advantage Fund(IDCW), Hybrid - Balanced Advantage, Open ended, CRISIL Hybrid 50+50 - Moderate Index,28.23,5.18,9.61,7.63,1000.0,1.83,1000.0
Nippon India Balanced Advantage Fund(B), Hybrid - Balanced Advantage, Open ended, CRISIL Hybrid 50+50 - Moderate Index,126.65,5.17,9.68,8.01,5000.0,1.83,1030.463038180341
Nippon India Balanced Advantage Fund(G), Hybrid - Balanced Advantage, Open ended, CRISIL Hybrid 50+50 - Moderate Index,126.65,5.17,9.68,8.01,1000.0,1.83,1000.0
Nippon India Pharma Fund(IDCW), Equity - Sectoral Fund - Pharma & Health Care, Open ended, S&P BSE Health Care - TRI,76.47,-3.33,18.37,13.63,5000.0,1.99,1000.0
Nippon India Pharma Fund(G), Equity - Sectoral Fund - Pharma & Health Care, Open ended, S&P BSE Health Care - TRI,275.4,-3.33,18.76,14.08,5000.0,1.99,1000.0
SBI Infrastructure Fund-Reg(IDCW), Equity - Sectoral Fund - Infrastructure , Open ended, Nifty Infrastructure - TRI,24.51,11.91,19.25,11.14,5000.0,2.32,1000.0
SBI Infrastructure Fund-Reg(G), Equity - Sectoral Fund - Infrastructure , Open ended, Nifty Infrastructure - TRI,27.55,11.91,19.25,11.14,5000.0,2.32,1000.0
SBI Magnum Children's Benefit Fund-Savings Plan, Solution Oriented - Children's Fund, Open ended, NIFTY 50 Hybrid Composite Debt 15:85 Index,78.27,2.48,10.77,7.49,5000.0,1.17,1000.0
SBI Magnum Comma Fund-Reg(IDCW), Equity - Thematic Fund - Other, Open ended, NIFTY COMMODITIES - TRI,37.11,-10.97,19.2,9.42,5000.0,2.57,1000.0
SBI Magnum Comma Fund-Reg(G), Equity - Thematic Fund - Other, Open ended, NIFTY COMMODITIES - TRI,65.38,-10.97,19.2,9.42,5000.0,2.57,1000.0
SBI Magnum Equity ESG Fund-Reg(IDCW), Equity - Thematic Fund - Other, Open ended, NIFTY100 ESG - TRI,51.73,1.01,12.89,11.63,1000.0,1.96,1000.0
SBI Magnum Equity ESG Fund-Reg(G), Equity - Thematic Fund - Other, Open ended, NIFTY100 ESG - TRI,165.41,1.01,12.89,11.63,1000.0,1.96,1000.0
SBI Magnum Global Fund-Reg(IDCW), Equity - Thematic Fund - MNC, Open ended, NIFTY MNC - TRI,86.63,2.69,15.32,10.01,5000.0,1.92,1000.0
SBI Magnum Global Fund-Reg(G), Equity - Thematic Fund - MNC, Open ended, NIFTY MNC - TRI,283.56,2.69,15.32,10.01,5000.0,1.92,1000.0
SBI Overnight Fund-Reg(W-IDCW), Debt - Overnight Fund, Open ended, CRISIL Overnight Index,1145.37,4.94,3.68,3.87,5000.0,1.3712016129032258,1030.463038180341
SBI Overnight Fund-Reg(G), Debt - Overnight Fund, Open ended, CRISIL Overnight Index,3581.53,4.95,3.72,4.57,5000.0,0.18,2000.0
SBI Multi Asset Allocation Fund-Reg(A-IDCW), Hybrid - Multi Asset Allocation, Open ended, NIFTY 500 - TRI,21.95,3.85,9.72,7.89,5000.0,1.78,1000.0
SBI Multi Asset Allocation Fund-Reg(M-IDCW), Hybrid - Multi Asset Allocation, Open ended, NIFTY 500 - TRI,17.36,3.85,9.68,7.97,5000.0,1.78,1000.0
SBI Multi Asset Allocation Fund-Reg(Q-IDCW), Hybrid - Multi Asset Allocation, Open ended, NIFTY 500 - TRI,17.34,3.85,9.72,7.93,5000.0,1.78,1000.0
SBI Multi Asset Allocation Fund-Reg(G), Hybrid - Multi Asset Allocation, Open ended, NIFTY 500 - TRI,38.82,3.85,9.72,8.49,5000.0,1.78,1000.0
SBI Consumption Opp Fund-Reg(IDCW), Equity - Sectoral Fund - Consumption, Open ended, Nifty India Consumption - TRI,123.84,14.71,19.13,11.62,5000.0,2.22,1000.0
SBI Technology Opp Fund-Reg(IDCW), Equity - Sectoral Fund - Technology, Open ended, S&P BSE TECk Index - TRI,90.46,0.29,27.54,21.97,5000.0,1.97,1000.0
SBI Healthcare Opp Fund-Reg(IDCW), Equity - Sectoral Fund - Pharma & Health Care, Open ended, S&P BSE Health Care - TRI,138.17,-0.51,18.09,11.49,5000.0,2.12,1000.0
SBI Healthcare Opp Fund-Reg(G), Equity - Sectoral Fund - Pharma & Health Care, Open ended, S&P BSE Health Care - TRI,219.34,-0.51,18.09,11.49,5000.0,2.12,1000.0
IDFC All Seasons Bond Fund-Reg(A-IDCW), FoFs (Domestic) - Debt Oriented, Open ended, NIFTY Medium Duration Debt Index,14.17,3.3,4.76,5.86,1000.0,0.51,1000.0
IDFC All Seasons Bond Fund-Reg(G), FoFs (Domestic) - Debt Oriented, Open ended, NIFTY Medium Duration Debt Index,36.69,3.3,5.14,6.74,1000.0,0.51,1000.0
IDFC All Seasons Bond Fund-Reg(H-IDCW), FoFs (Domestic) - Debt Oriented, Open ended, NIFTY Medium Duration Debt Index,12.56,3.3,4.8,5.76,1000.0,0.51,1000.0
IDFC All Seasons Bond Fund-Reg(Q-IDCW), FoFs (Domestic) - Debt Oriented, Open ended, NIFTY Medium Duration Debt Index,12.55,3.3,5.02,5.84,1000.0,0.51,1000.0
Sundaram Infra Advantage Fund(G), Equity - Sectoral Fund - Infrastructure , Open ended, S&P BSE 100 - TRI,52.98,5.42,16.69,7.45,1000.0,2.59,1000.0
Sundaram Global Brand Fund(IDCW), FoFs (Overseas), Open ended, MSCI AC World Index,21.05,-1.21,9.47,7.58,1000.0,2.32,1030.463038180341
Sundaram Global Brand Fund(G), FoFs (Overseas), Open ended, MSCI AC World Index,24.56,-1.21,9.49,7.59,1000.0,2.32,1030.463038180341
Sundaram Consumption Fund(IDCW), Equity - Sectoral Fund - Consumption, Open ended, Nifty India Consumption - TRI,21.56,8.76,10.98,7.18,1000.0,2.31,1000.0
Sundaram Consumption Fund(G), Equity - Sectoral Fund - Consumption, Open ended, Nifty India Consumption - TRI,61.25,8.76,11.07,7.64,1000.0,2.31,1000.0
Tata NIFTY 50 Index Fund-Reg(G), Index Funds - Nifty, Open ended, NIFTY 50 - TRI,110.52,4.57,14.58,11.91,5000.0,0.52,1000.0
Tata S&P BSE Sensex Index Fund-Reg(G), Index Funds - Sensex, Open ended, S&P BSE SENSEX - TRI,151.54,6.09,14.17,12.63,5000.0,0.58,1000.0
Tata Infrastructure Fund-Reg(IDCW), Equity - Sectoral Fund - Infrastructure , Open ended, S&P BSE India Infrastructure Index - TRI,47.42,9.98,21.0,10.48,5000.0,2.32,1000.0
Tata Infrastructure Fund-Reg(G), Equity - Sectoral Fund - Infrastructure , Open ended, S&P BSE India Infrastructure Index - TRI,100.03,10.05,21.02,10.5,5000.0,2.32,1000.0
Tata Equity Savings Fund-Reg(G), Hybrid - Equity Savings, Open ended, NIFTY 50 Equity Savings Index,42.65,3.59,7.42,6.53,5000.0,0.78,1000.0
Tata Equity Savings Fund-Reg(M-IDCW), Hybrid - Equity Savings, Open ended, NIFTY 50 Equity Savings Index,14.99,3.57,7.13,6.03,5000.0,0.78,1000.0
Tata Equity Savings Fund-Reg(P-IDCW), Hybrid - Equity Savings, Open ended, NIFTY 50 Equity Savings Index,20.43,3.55,7.41,6.51,5000.0,0.78,1000.0
Tata Ethical Fund-Reg(IDCW), Equity - Thematic Fund - Other, Open ended, Nifty500 Shariah - TRI,114.75,-0.06,17.94,11.51,5000.0,1.92,1000.0
Tata Ethical Fund-Reg(G), Equity - Thematic Fund - Other, Open ended, Nifty500 Shariah - TRI,281.51,-0.0,18.0,11.76,5000.0,1.92,1000.0
Tata Young Citizen Fund, Solution Oriented - Children's Fund, Open ended, NIFTY 500 - TRI,42.27,4.56,16.67,9.78,1000.0,2.52,1000.0
Taurus Largecap Equity Fund-Reg(G), Equity - Large Cap Fund, Open ended, S&P BSE 100 - TRI,101.11,0.11,9.06,6.78,5000.0,2.61,1000.0
Taurus Discovery (Midcap) Fund-Reg(G), Equity - Mid Cap Fund, Open ended, Nifty Midcap 150 - TRI,76.21,7.26,16.97,10.8,5000.0,2.56,1000.0
Taurus Infrastructure Fund-Reg(G), Equity - Sectoral Fund - Infrastructure , Open ended, Nifty Infrastructure - TRI,39.05,1.92,14.7,7.89,5000.0,2.48,1000.0
Taurus Tax Shield Fund-Reg(G), Equity - ELSS, Open ended, S&P BSE 500 - TRI,119.78,7.5,12.47,9.4,1000.0,2.44,1000.0
Taurus Flexi Cap Fund-Reg(G), Equity - Flexi Cap Fund, Open ended, S&P BSE 500 - TRI,147.92,0.2,9.25,5.15,5000.0,2.64,1000.0
Templeton India Value Fund(IDCW), Equity - Value Fund, Open ended, NIFTY500 Value 50 - TRI,75.78,10.5,23.07,10.01,5000.0,2.68,1000.0
Templeton India Value Fund(G), Equity - Value Fund, Open ended, NIFTY500 Value 50 - TRI,447.76,10.5,23.07,10.48,5000.0,2.68,1000.0
Franklin India Floating Rate Fund(IDCW), Debt - Floater Fund, Open ended, CRISIL Low Duration Debt Index,10.12,6.15,4.35,4.02,1000.0,0.97,1000.0
Franklin India Floating Rate Fund(G), Debt - Floater Fund, Open ended, CRISIL Low Duration Debt Index,33.82,6.12,4.44,4.31,1000.0,0.97,1000.0
Franklin India Pension Plan(IDCW), Solution Oriented - Retirement Fund, Open ended, NIFTY 500,15.83,2.99,6.15,5.37,1000.0,2.48,1000.0
Franklin India Pension Plan(G), Solution Oriented - Retirement Fund, Open ended, NIFTY 500,164.52,2.99,6.34,6.48,1000.0,2.48,1000.0
UTI Transportation & Logistics Fund-Reg(G), Equity - Sectoral Fund - Auto, Open ended, Nifty Transportation & Logistics - TRI,150.58,11.42,18.4,4.13,5000.0,2.36,1000.0
UTI Transportation & Logistics Fund-Reg(IDCW), Equity - Sectoral Fund - Auto, Open ended, Nifty Transportation & Logistics - TRI,69.43,11.42,18.4,4.13,5000.0,2.36,1000.0
UTI Banking and Financial Services Fund-Reg(G), Equity - Sectoral Fund - Banks & Financial Services, Open ended, Nifty Financial Services - TRI,124.41,6.88,7.43,5.14,5000.0,2.64,1000.0
UTI Banking and Financial Services Fund-Reg(IDCW), Equity - Sectoral Fund - Banks & Financial Services, Open ended, Nifty Financial Services - TRI,48.42,6.88,7.43,5.14,5000.0,2.64,1000.0
UTI CCF - Savings Plan, Solution Oriented - Children's Fund, Open ended, CRISIL Short Term Debt Hybrid 60+40 Fund Index,30.96,1.97,9.04,6.31,1000.0,1.74,1000.0
UTI CCF- Investment Plan(G), Solution Oriented - Children's Fund, Open ended, NIFTY 500 - TRI,58.11,-2.61,13.28,9.27,1000.0,2.72,1000.0
UTI CCF- Investment Plan(IDCW), Solution Oriented - Children's Fund, Open ended, NIFTY 500 - TRI,58.11,-2.61,13.28,9.27,1000.0,2.72,1000.0
UTI Overnight Fund-Reg(G), Debt - Overnight Fund, Open ended, CRISIL Overnight Index,3016.46,5.0,3.77,4.54,20000.0,0.12,1000.0
UTI Overnight Fund-Reg(IDCW), Debt - Overnight Fund, Open ended, CRISIL Overnight Index,1553.98,5.0,3.51,4.05,20000.0,0.12,1000.0
UTI India Consumer Fund-Reg(IDCW), Equity - Sectoral Fund - Consumption, Open ended, Nifty India Consumption - TRI,33.04,-0.83,10.15,8.35,5000.0,2.61,1000.0
UTI India Consumer Fund-Reg(G), Equity - Sectoral Fund - Consumption, Open ended, Nifty India Consumption - TRI,37.8,-0.83,10.15,8.35,5000.0,2.61,1000.0
UTI Infrastructure Fund-Reg(G), Equity - Sectoral Fund - Infrastructure , Open ended, Nifty Infrastructure - TRI,82.89,7.12,14.01,7.74,5000.0,2.29,1000.0
UTI Infrastructure Fund-Reg(IDCW), Equity - Sectoral Fund - Infrastructure , Open ended, Nifty Infrastructure - TRI,43.32,7.12,14.01,7.74,5000.0,2.29,1000.0
UTI MNC Fund-Reg(G), Equity - Thematic Fund - MNC, Open ended, NIFTY MNC - TRI,271.32,2.32,9.36,6.7,5000.0,2.07,1000.0
UTI MNC Fund-Reg(IDCW), Equity - Thematic Fund - MNC, Open ended, NIFTY MNC - TRI,139.89,2.32,9.36,6.62,5000.0,2.07,1000.0
UTI Healthcare Fund-Reg(G), Equity - Sectoral Fund - Pharma & Health Care, Open ended, S&P BSE Health Care - TRI,147.33,-6.18,17.08,10.65,5000.0,2.56,1000.0
UTI Healthcare Fund-Reg(IDCW), Equity - Sectoral Fund - Pharma & Health Care, Open ended, S&P BSE Health Care - TRI,113.86,-6.18,17.08,10.65,5000.0,2.56,1000.0
UTI Retirement Benefit Pension, Solution Oriented - Retirement Fund, Open ended, CRISIL Short Term Debt Hybrid 60+40 Fund Index,36.22,5.35,11.88,6.75,1000.0,1.69,1000.0
LIC MF Large Cap Fund-Reg(IDCW), Equity - Large Cap Fund, Open ended, NIFTY 100 - TRI,24.31,-1.28,9.85,9.9,5000.0,2.46,1000.0
Franklin Asian Equity Fund(G), Equity - Thematic Fund - Global, Open ended, MSCI Asia (ex-Japan) Standard Index,26.54,-9.09,1.57,3.09,5000.0,2.56,1000.0
Franklin Asian Equity Fund(IDCW), Equity - Thematic Fund - Global, Open ended, MSCI Asia (ex-Japan) Standard Index,12.9,-9.09,1.57,2.53,5000.0,2.56,1000.0
Aditya Birla SL Global Excellence Equity FoF(G), FoFs (Overseas), Open ended, MSCI World,22.08,-0.12,0.37,6.13,1000.0,1.24,1000.0
JM Tax Gain Fund(G), Equity - ELSS, Open ended, S&P BSE 500 - TRI,28.88,1.86,14.61,11.9,1000.0,2.45,1000.0
JM Tax Gain Fund(IDCW), Equity - ELSS, Open ended, S&P BSE 500 - TRI,28.88,1.86,14.61,11.9,1000.0,2.45,1000.0
Kotak Infra & Eco Reform Fund(G), Equity - Sectoral Fund - Infrastructure , Open ended, Nifty Infrastructure - TRI,38.25,18.7,22.53,11.21,5000.0,2.48,1000.0
HDFC Infrastructure Fund(G), Equity - Sectoral Fund - Infrastructure , Open ended, S&P BSE India Infrastructure Index - TRI,23.17,12.25,16.17,1.79,1000.0,2.59,1000.0
HDFC Infrastructure Fund(IDCW), Equity - Sectoral Fund - Infrastructure , Open ended, S&P BSE India Infrastructure Index - TRI,12.61,12.27,16.18,1.56,1000.0,2.59,1000.0
JM Focused Fund-Reg(G), Equity - Focused Fund, Open ended, S&P BSE 500 - TRI,12.29,4.69,8.01,7.16,5000.0,2.52,1000.0
JM Focused Fund-Reg(IDCW), Equity - Focused Fund, Open ended, S&P BSE 500 - TRI,12.29,4.69,8.01,7.16,5000.0,2.52,1000.0
HSBC Global Emerging Markets Fund(G), FoFs (Overseas), Open ended, MSCI Emerging Market Index,17.16,-11.08,3.2,3.36,5000.0,2.41,1000.0
HSBC Global Emerging Markets Fund(IDCW), FoFs (Overseas), Open ended, MSCI Emerging Market Index,15.26,-11.08,3.2,3.36,5000.0,2.41,1000.0
LIC MF Infra Fund-Reg(G), Equity - Sectoral Fund - Infrastructure , Open ended, Nifty Infrastructure - TRI,23.53,6.1,15.39,9.05,5000.0,2.61,1000.0
LIC MF Infra Fund-Reg(IDCW), Equity - Sectoral Fund - Infrastructure , Open ended, Nifty Infrastructure - TRI,23.53,6.1,15.39,9.05,5000.0,2.61,1000.0
DSP Natural Res & New Energy Fund-Reg(G), Equity - Sectoral Fund - Energy & Power, Open ended, NIFTY 500 - TRI,57.76,6.02,23.75,9.35,1000.0,2.32,1000.0
DSP Natural Res & New Energy Fund-Reg(IDCW), Equity - Sectoral Fund - Energy & Power, Open ended, NIFTY 500 - TRI,23.61,6.02,23.43,9.04,1000.0,2.32,1000.0
Sundaram Fin Serv Opp Fund(G), Equity - Sectoral Fund - Banks & Financial Services, Open ended, Nifty Financial Services - TRI,64.91,9.85,10.57,10.72,1000.0,2.46,1000.0
Sundaram Fin Serv Opp Fund(IDCW), Equity - Sectoral Fund - Banks & Financial Services, Open ended, Nifty Financial Services - TRI,23.33,9.85,10.42,10.41,1000.0,2.46,1000.0
Nippon India Quant Fund(G), Equity - Thematic Fund - Other, Open ended, S&P BSE 200 - TRI,43.07,8.15,17.09,11.05,5000.0,1.01,1000.0
Nippon India Quant Fund(IDCW), Equity - Thematic Fund - Other, Open ended, S&P BSE 200 - TRI,22.96,8.15,17.09,11.05,5000.0,1.01,1000.0
IDFC Equity Savings Fund-Reg(G), Hybrid - Equity Savings, Open ended, Crisil Equity Savings Index,25.61,3.05,6.88,6.04,1000.0,1.37,1000.0
IDFC Equity Savings Fund-Reg(M-IDCW), Hybrid - Equity Savings, Open ended, Crisil Equity Savings Index,14.11,3.0,6.84,5.95,1000.0,1.37,1000.0
Taurus Largecap Equity Fund-Reg(IDCW), Equity - Large Cap Fund, Open ended, S&P BSE 100 - TRI,44.29,0.11,9.06,6.78,5000.0,2.61,1000.0
Taurus Tax Shield Fund-Reg(IDCW), Equity - ELSS, Open ended, S&P BSE 500 - TRI,56.11,7.51,12.47,9.4,1000.0,2.44,1000.0
Invesco India Financial Services Fund(G), Equity - Sectoral Fund - Banks & Financial Services, Open ended, Nifty Financial Services - TRI,80.46,5.04,8.12,9.05,1000.0,2.48,1000.0
Invesco India Financial Services Fund(IDCW), Equity - Sectoral Fund - Banks & Financial Services, Open ended, Nifty Financial Services - TRI,41.03,5.04,8.12,8.81,1000.0,2.48,1000.0
Taurus Flexi Cap Fund-Reg(IDCW), Equity - Flexi Cap Fund, Open ended, S&P BSE 500 - TRI,71.78,0.2,9.21,4.56,5000.0,2.64,1000.0
Taurus Discovery (Midcap) Fund-Reg(IDCW), Equity - Mid Cap Fund, Open ended, Nifty Midcap 150 - TRI,67.93,7.25,16.96,10.79,5000.0,2.56,1000.0
Edelweiss Money Market Fund-Reg(G), Debt - Money Market Fund, Open ended, Nifty Money Market Index,24.25,4.73,3.81,3.82,5000.0,0.98,1000.0
Edelweiss Money Market Fund-Reg(IDCW), Debt - Money Market Fund, Open ended, Nifty Money Market Index,22.81,4.74,3.81,3.83,5000.0,0.98,1000.0
ICICI Pru Banking & Fin Serv Fund(G), Equity - Sectoral Fund - Banks & Financial Services, Open ended, Nifty Financial Services - TRI,88.51,6.15,8.81,8.22,5000.0,1.95,1000.0
ICICI Pru Banking & Fin Serv Fund(IDCW), Equity - Sectoral Fund - Banks & Financial Services, Open ended, Nifty Financial Services - TRI,34.59,6.16,8.45,7.81,5000.0,1.95,1000.0
Quant Focused Fund(G), Equity - Focused Fund, Open ended, NIFTY 500 - TRI,56.08,4.92,20.92,11.65,5000.0,2.62,1000.0
Quant Focused Fund(IDCW), Equity - Focused Fund, Open ended, NIFTY 500 - TRI,41.68,5.24,21.05,11.73,5000.0,2.62,1000.0
Bank of India Ultra Short Duration Fund-Reg(G), Debt - Ultra Short Duration Fund, Open ended, CRISIL Ultra Short Term Debt Index,2715.75,5.64,4.7,4.16,5000.0,0.57,1000.0
Bank of India Ultra Short Duration Fund-Reg(W-IDCW), Debt - Ultra Short Duration Fund, Open ended, CRISIL Ultra Short Term Debt Index,1007.81,5.64,4.69,4.09,5000.0,0.57,1000.0
Aditya Birla SL Global Emerging Opp Fund(G), FoFs (Overseas), Open ended, MSCI AC World Index,19.61,-1.41,10.17,9.12,1000.0,1.1,1000.0
JM Flexicap Fund-Reg(G), Equity - Flexi Cap Fund, Open ended, S&P BSE 500 - TRI,55.53,6.73,15.2,12.29,5000.0,2.6,1000.0
JM Flexicap Fund-Reg(IDCW), Equity - Flexi Cap Fund, Open ended, S&P BSE 500 - TRI,42.79,6.73,15.2,11.85,5000.0,2.6,1000.0
Quant Flexi Cap Fund(G), Equity - Flexi Cap Fund, Open ended, NIFTY 500 - TRI,60.39,4.23,34.23,16.65,5000.0,2.33,1000.0
Quant Flexi Cap Fund(IDCW), Equity - Flexi Cap Fund, Open ended, NIFTY 500 - TRI,43.15,3.98,34.12,16.59,5000.0,2.33,1000.0
Bank of India Large & Mid Cap Equity Fund-Reg(G), Equity - Large & Mid Cap Fund, Open ended, S&P BSE 250 LargeMidCap Index - TRI,56.41,3.56,14.37,8.4,5000.0,2.57,1000.0
Bank of India Large & Mid Cap Equity Fund-Reg(IDCW), Equity - Large & Mid Cap Fund, Open ended, S&P BSE 250 LargeMidCap Index - TRI,16.84,3.58,14.36,8.11,5000.0,2.57,1000.0
Bank of India Large & Mid Cap Equity Fund-Reg(Q-IDCW), Equity - Large & Mid Cap Fund, Open ended, S&P BSE 250 LargeMidCap Index - TRI,20.54,3.54,14.35,8.37,5000.0,2.57,1000.0
UTI Multi Asset Fund-Reg(G), Hybrid - Multi Asset Allocation, Open ended, NIFTY 500 - TRI,45.86,4.33,8.7,6.25,5000.0,1.93,1000.0
UTI Multi Asset Fund-Reg(IDCW), Hybrid - Multi Asset Allocation, Open ended, NIFTY 500 - TRI,19.64,4.33,8.66,5.96,5000.0,1.93,1000.0
Bank of India Tax Advantage Fund-Reg(G), Equity - ELSS, Open ended, S&P BSE 500 - TRI,100.0,2.93,18.31,12.17,1000.0,2.47,1000.0
Bank of India Tax Advantage Fund-Reg(IDCW), Equity - ELSS, Open ended, S&P BSE 500 - TRI,19.26,2.96,18.31,12.17,1000.0,2.47,1000.0
Edelweiss Long Term Equity Fund (Tax Savings)-Reg(G), Equity - ELSS, Open ended, NIFTY 500 - TRI,72.05,1.97,12.65,8.49,1000.0,2.37,1000.0
Edelweiss Long Term Equity Fund (Tax Savings)-Reg(IDCW), Equity - ELSS, Open ended, NIFTY 500 - TRI,20.02,1.96,12.64,8.23,1000.0,2.37,1000.0
Bank of India Conservative Hybrid Fund-Reg(G), Hybrid - Conservative Hybrid Fund, Open ended, CRISIL Hybrid 85+15 - Conservative Index,27.99,21.89,13.1,5.86,10000.0,2.3,1000.0
Bank of India Conservative Hybrid Fund-Reg(M-IDCW), Hybrid - Conservative Hybrid Fund, Open ended, CRISIL Hybrid 85+15 - Conservative Index,14.41,21.89,13.1,5.28,10000.0,2.3,1000.0
Taurus Ethical Fund-Reg(G), Index Funds - Other, Open ended, S&P BSE 500 Shariah - TRI,82.69,-0.63,13.21,10.56,5000.0,2.41,1000.0
Taurus Ethical Fund-Reg(IDCW), Index Funds - Other, Open ended, S&P BSE 500 Shariah - TRI,55.9,-0.63,13.23,10.57,5000.0,2.41,1000.0
Bank of India Conservative Hybrid Fund-Reg(Q-IDCW), Hybrid - Conservative Hybrid Fund, Open ended, CRISIL Hybrid 85+15 - Conservative Index,14.94,21.89,13.1,5.67,10000.0,2.3,1000.0
Bank of India Conservative Hybrid Fund-Reg(A-IDCW), Hybrid - Conservative Hybrid Fund, Open ended, CRISIL Hybrid 85+15 - Conservative Index,13.59,21.89,13.11,5.62,10000.0,2.3,1000.0
Edelweiss Large Cap Fund-Reg(G), Equity - Large Cap Fund, Open ended, NIFTY 100 - TRI,56.9,5.09,13.66,11.46,5000.0,2.45,1000.0
Edelweiss Large Cap Fund-Reg(IDCW), Equity - Large Cap Fund, Open ended, NIFTY 100 - TRI,22.79,5.08,13.26,11.07,5000.0,2.45,1000.0
Canara Rob Dynamic Bond Fund-Reg(G), Debt - Dynamic Bond, Open ended, CRISIL Dynamic Debt Index,25.08,4.38,2.87,3.87,5000.0,1.75,1000.0
Canara Rob Dynamic Bond Fund-Reg(IDCW), Debt - Dynamic Bond, Open ended, CRISIL Dynamic Debt Index,13.36,4.38,2.87,3.86,5000.0,1.75,1000.0
Franklin Build India Fund(G), Equity - Sectoral Fund - Infrastructure , Open ended, S&P BSE India Infrastructure Index - TRI,71.26,10.75,19.75,11.1,5000.0,2.32,1000.0
Franklin Build India Fund(IDCW), Equity - Sectoral Fund - Infrastructure , Open ended, S&P BSE India Infrastructure Index - TRI,26.43,10.75,19.75,10.67,5000.0,2.32,1000.0
DSP World Energy Fund-Reg(G), FoFs (Overseas), Open ended, NIFTY 500 - TRI,17.6,13.73,9.92,7.07,1000.0,2.12,1000.0
DSP World Energy Fund-Reg(IDCW), FoFs (Overseas), Open ended, NIFTY 500 - TRI,13.56,13.73,9.92,7.07,1000.0,2.12,1000.0
Invesco India Largecap Fund(G), Equity - Large Cap Fund, Open ended, NIFTY 100 - TRI,43.49,-2.83,11.97,9.78,1000.0,2.29,1000.0
Canara Rob Consumer Trends Fund-Reg(G), Equity - Sectoral Fund - Consumption, Open ended, S&P BSE 100 - TRI,69.37,6.25,15.33,13.91,5000.0,2.35,1000.0
Canara Rob Consumer Trends Fund-Reg(IDCW), Equity - Sectoral Fund - Consumption, Open ended, S&P BSE 100 - TRI,33.33,6.26,15.34,13.55,5000.0,2.35,1000.0
Baroda BNP Paribas Dynamic Bond Fund(M-IDCW), Debt - Dynamic Bond, Open ended, CRISIL Dynamic Debt Index,10.16,6.2,3.47,3.46,5000.0,1.69,1000.0
Edelweiss Aggressive Hybrid Fund-Reg(G), Hybrid - Aggressive Hybrid Fund, Open ended, CRISIL Hybrid 35+65 - Aggressive Index,41.04,6.5,14.17,11.0,5000.0,2.53,1000.0
Edelweiss Aggressive Hybrid Fund-Reg(IDCW), Hybrid - Aggressive Hybrid Fund, Open ended, CRISIL Hybrid 35+65 - Aggressive Index,21.91,6.49,13.62,10.52,5000.0,2.53,1000.0
ICICI Pru Technology Fund(IDCW), Equity - Sectoral Fund - Technology, Open ended, S&P BSE TECk Index - TRI,58.62,-9.32,31.53,22.19,5000.0,2.1,1000.0
Invesco India PSU Equity Fund(G), Equity - Thematic Fund - Other, Open ended, S&P BSE PSU - TRI,29.93,12.51,14.35,9.11,1000.0,2.47,1000.0
Invesco India PSU Equity Fund(IDCW), Equity - Thematic Fund - Other, Open ended, S&P BSE PSU - TRI,21.8,12.49,14.33,8.87,1000.0,2.47,1000.0
Taurus Nifty 50 Index Fund-Reg(G), Index Funds - Nifty, Open ended, NIFTY 50 - TRI,34.41,4.44,15.3,12.21,5000.0,1.04,1000.0
Taurus Nifty 50 Index Fund-Reg(IDCW), Index Funds - Nifty, Open ended, NIFTY 50 - TRI,21.93,4.43,15.29,12.21,5000.0,1.04,1000.0
Aditya Birla SL Financial Planning FOF Conservative Plan(G), FoFs (Domestic) - Debt Oriented, Open ended, CRISIL Short Term Debt Hybrid 75+25 Fund Index,25.2,4.68,8.95,7.59,1000.0,0.5,1000.0
Aditya Birla SL Financial Planning FOF Conservative Plan(IDCW-Payout), FoFs (Domestic) - Debt Oriented, Open ended, CRISIL Short Term Debt Hybrid 75+25 Fund Index,22.92,4.68,8.95,7.58,1000.0,0.5,1000.0
Aditya Birla SL Financial Planning FOF Moderate Plan(G), FoFs (Domestic) - Debt Oriented, Open ended, CRISIL Hybrid 50+50 - Moderate Index,29.22,4.17,10.97,8.72,1000.0,0.67,1000.0
Aditya Birla SL Financial Planning FOF Moderate Plan(IDCW-Payout), FoFs (Domestic) - Debt Oriented, Open ended, CRISIL Hybrid 50+50 - Moderate Index,26.21,4.17,10.97,8.72,1000.0,0.67,1000.0
Aditya Birla SL Financial Planning FOF Aggressive Plan(G), FoFs (Domestic) - Equity Oriented, Open ended, CRISIL Hybrid 35+65 - Aggressive Index,35.05,4.24,13.06,9.69,1000.0,0.98,1000.0
Aditya Birla SL Financial Planning FOF Aggressive Plan(IDCW-Payout), FoFs (Domestic) - Equity Oriented, Open ended, CRISIL Hybrid 35+65 - Aggressive Index,32.08,4.24,13.06,9.69,1000.0,0.98,1000.0
DSP World Mining Fund-Reg(G), FoFs (Overseas), Open ended, MSCI ACWI Metals & Mining 30% Buffer 10/40 (1994) Net TRI,17.13,7.42,24.93,14.32,1000.0,2.18,1000.0
DSP World Mining Fund-Reg(IDCW), FoFs (Overseas), Open ended, MSCI ACWI Metals & Mining 30% Buffer 10/40 (1994) Net TRI,17.13,7.42,24.93,14.32,1000.0,2.18,1000.0
IDFC Asset Alloc FoF-Aggr-Reg(G), FoFs (Domestic) - Equity Oriented, Open ended, CRISIL Hybrid 35+65 - Aggressive Index,31.12,-0.65,8.69,6.23,1000.0,1.38,1000.0
IDFC Asset Alloc FoF-Mod-Reg(G), FoFs (Domestic) - Debt Oriented, Open ended, NIFTY 50 Hybrid Composite Debt 50:50 Index,29.41,0.54,6.99,6.19,1000.0,1.04,1000.0
IDFC Asset Alloc FoF-Cons-Reg(G), FoFs (Domestic) - Debt Oriented, Open ended, CRISIL Hybrid 85+15 - Conservative Index,26.54,1.84,5.37,5.8,1000.0,0.86,1000.0
IDFC Asset Alloc FoF-Aggr-Reg(IDCW), FoFs (Domestic) - Equity Oriented, Open ended, CRISIL Hybrid 35+65 - Aggressive Index,19.83,-0.64,8.38,5.96,1000.0,1.38,1000.0
IDFC Asset Alloc FoF-Mod-Reg(IDCW), FoFs (Domestic) - Debt Oriented, Open ended, NIFTY 50 Hybrid Composite Debt 50:50 Index,18.22,0.54,6.78,5.85,1000.0,1.04,1000.0
IDFC Asset Alloc FoF-Cons-Reg(IDCW), FoFs (Domestic) - Debt Oriented, Open ended, CRISIL Hybrid 85+15 - Conservative Index,15.74,1.84,5.17,5.38,1000.0,0.86,1000.0
IDFC Regular Savings Fund-Reg(G), Hybrid - Conservative Hybrid Fund, Open ended, CRISIL Hybrid 85+15 - Conservative Index,26.05,-0.47,3.98,4.93,1000.0,2.1,1000.0
IDFC Regular Savings Fund-Reg(IDCW), Hybrid - Conservative Hybrid Fund, Open ended, CRISIL Hybrid 85+15 - Conservative Index,13.33,-0.47,3.7,4.14,1000.0,2.1,1000.0
Bank of India Mfg & Infra Fund-Reg(G), Equity - Sectoral Fund - Infrastructure , Open ended, NIFTY 500 - TRI,30.49,7.36,23.07,9.78,5000.0,2.54,1000.0
Bank of India Mfg & Infra Fund-Reg(IDCW), Equity - Sectoral Fund - Infrastructure , Open ended, NIFTY 500 - TRI,19.43,7.36,23.07,9.24,5000.0,2.54,1000.0
Bank of India Mfg & Infra Fund-Reg(Q-IDCW), Equity - Sectoral Fund - Infrastructure , Open ended, NIFTY 500 - TRI,19.8,7.33,23.06,9.15,5000.0,2.54,1000.0
Sundaram Debt Oriented Hybrid Fund(G), Hybrid - Conservative Hybrid Fund, Open ended, CRISIL Hybrid 85+15 - Conservative Index,24.42,3.08,7.46,5.08,5000.0,2.16,1000.0
Sundaram Debt Oriented Hybrid Fund(M-IDCW), Hybrid - Conservative Hybrid Fund, Open ended, CRISIL Hybrid 85+15 - Conservative Index,13.38,3.08,7.35,4.3,5000.0,2.16,1000.0
Navi Liquid Fund-Reg(G), Debt - Liquid Fund, Open ended, NIFTY 500 - TRI,24.27,5.35,4.1,5.13,1000.0,0.2,1000.0
Navi Liquid Fund-Reg(DD-IDCW), Debt - Liquid Fund, Open ended, NIFTY 500 - TRI,10.01,5.33,3.96,4.29,1000.0,0.2,1000.0
Navi Liquid Fund-Reg(M-IDCW), Debt - Liquid Fund, Open ended, NIFTY 500 - TRI,10.05,5.36,3.79,4.18,1000.0,0.2,1000.0
Axis Triple Advantage Fund-Reg(G), Hybrid - Multi Asset Allocation, Open ended, NIFTY 500 - TRI,29.17,-3.5,9.34,9.51,1000.0,2.07,1000.0
Axis Triple Advantage Fund-Reg(IDCW), Hybrid - Multi Asset Allocation, Open ended, NIFTY 500 - TRI,17.74,-3.5,9.29,9.41,1000.0,2.07,1000.0
HSBC Brazil Fund(G), FoFs (Overseas), Open ended, MSCI Brazil 10/40 Index,6.35,-3.83,-11.47,-4.79,5000.0,2.45,1000.0
HSBC Brazil Fund(IDCW), FoFs (Overseas), Open ended, MSCI Brazil 10/40 Index,6.35,-3.83,-11.47,-4.79,5000.0,2.45,1000.0
Navi Liquid Fund-Reg(W-IDCW), Debt - Liquid Fund, Open ended, NIFTY 500 - TRI,10.01,5.36,4.02,4.31,1000.0,0.2,1000.0
PGIM India Global Equity Opp Fund(G), FoFs (Overseas), Open ended, MSCI AC World Index,28.01,-13.24,8.11,13.0,5000.0,2.46,1030.463038180341
IDBI Nifty Index Fund(G), Index Funds - Nifty, Open ended, NIFTY 50 - TRI,33.16,4.16,14.02,11.24,5000.0,0.9,1000.0
IDBI Nifty Index Fund(IDCW), Index Funds - Nifty, Open ended, NIFTY 50 - TRI,31.64,4.15,14.04,11.25,5000.0,0.9,1000.0
SBI PSU Fund-Reg(G), Equity - Thematic Fund - Other, Open ended, S&P BSE PSU - TRI,15.23,14.71,13.99,4.78,5000.0,2.53,1000.0
SBI PSU Fund-Reg(IDCW), Equity - Thematic Fund - Other, Open ended, S&P BSE PSU - TRI,15.22,14.71,13.99,4.78,5000.0,2.53,1000.0
Axis Regular Saver Fund-Reg(G), Hybrid - Conservative Hybrid Fund, Open ended, NIFTY 500 - TRI,24.68,1.31,7.36,6.0,1000.0,2.22,1000.0
Axis Regular Saver Fund-Reg(A-IDCW), Hybrid - Conservative Hybrid Fund, Open ended, NIFTY 500 - TRI,12.9,1.31,6.89,4.75,1000.0,2.22,1000.0
Navi Regular Savings Fund-Reg(G), Hybrid - Conservative Hybrid Fund, Open ended, CRISIL Hybrid 85+15 - Conservative Index,22.7,2.27,4.17,4.85,1000.0,2.15,1000.0
Navi Regular Savings Fund-Reg(M-IDCW), Hybrid - Conservative Hybrid Fund, Open ended, CRISIL Hybrid 85+15 - Conservative Index,11.08,2.27,3.95,3.82,1000.0,2.15,1000.0
Sundaram Nifty 100 Equal Weight Fund(IDCW), Index Funds - Other, Open ended, Nifty100 Equal Weight - TRI,58.21,-2.14,13.92,7.77,1000.0,0.95,1000.0
IDBI Liquid Fund(G), Debt - Liquid Fund, Open ended, NIFTY 500 - TRI,2381.7,5.24,4.3,5.36,5000.0,0.17,1000.0
IDBI Liquid Fund(DD-IDCW), Debt - Liquid Fund, Open ended, NIFTY 500 - TRI,1005.27,5.24,4.23,4.52,5000.0,0.17,1000.0
IDBI Liquid Fund(W-IDCW), Debt - Liquid Fund, Open ended, NIFTY 500 - TRI,1023.68,5.29,4.24,4.55,5000.0,0.17,1000.0
IDBI Liquid Fund(M-IDCW), Debt - Liquid Fund, Open ended, NIFTY 500 - TRI,1007.53,5.24,4.25,4.53,5000.0,0.17,1000.0
IDFC Infrastructure Fund-Reg(G), Equity - Sectoral Fund - Infrastructure , Open ended, S&P BSE India Infrastructure Index - TRI,25.0,5.86,20.52,6.0,1000.0,2.43,1000.0
IDFC Infrastructure Fund-Reg(IDCW), Equity - Sectoral Fund - Infrastructure , Open ended, S&P BSE India Infrastructure Index - TRI,21.34,5.91,20.53,6.01,1000.0,2.43,1000.0
Navi Regular Savings Fund-Reg(Q-IDCW), Hybrid - Conservative Hybrid Fund, Open ended, CRISIL Hybrid 85+15 - Conservative Index,13.96,2.27,4.17,4.73,1000.0,2.15,1000.0
HDFC Children's Gift Fund(Lock in), Solution Oriented - Children's Fund, Open ended, NIFTY 50 Hybrid Composite Debt 65:35 Index,201.13,9.76,16.35,11.6,1000.0,1.97,1000.0
IDBI Nifty Junior Index Fund(G), Index Funds - Nifty Next 50, Open ended, NIFTY NEXT 50 - TRI,28.93,-6.21,10.18,4.94,5000.0,0.9,1000.0
IDBI Nifty Junior Index Fund(IDCW), Index Funds - Nifty Next 50, Open ended, NIFTY NEXT 50 - TRI,28.93,-6.21,10.18,4.94,5000.0,0.9,1000.0
Nippon India Index Fund-S&P BSE Sensex Plan(G), Index Funds - Sensex, Open ended, S&P BSE SENSEX - TRI,30.65,5.97,14.74,12.72,5000.0,0.81,1000.0
Nippon India Index Fund-S&P BSE Sensex Plan(Q-IDCW), Index Funds - Sensex, Open ended, S&P BSE SENSEX - TRI,24.16,5.97,14.39,12.27,5000.0,0.81,1000.0
Nippon India Index Fund-S&P BSE Sensex Plan(H-IDCW), Index Funds - Sensex, Open ended, S&P BSE SENSEX - TRI,24.16,5.97,14.39,12.27,5000.0,0.81,1000.0
Nippon India Index Fund-S&P BSE Sensex Plan(A-IDCW), Index Funds - Sensex, Open ended, S&P BSE SENSEX - TRI,24.16,5.97,14.38,12.27,5000.0,0.81,1000.0
IDBI Equity Savings Fund(G), Hybrid - Equity Savings, Open ended, NIFTY 50 Equity Savings Index,21.49,2.66,6.3,6.51,5000.0,2.12,1000.0
IDBI Equity Savings Fund(M-IDCW), Hybrid - Equity Savings, Open ended, NIFTY 50 Equity Savings Index,16.93,2.66,6.3,6.47,5000.0,2.12,1000.0
IDBI Equity Savings Fund(Q-IDCW), Hybrid - Equity Savings, Open ended, NIFTY 50 Equity Savings Index,16.0,2.66,6.3,6.51,5000.0,2.12,1000.0
HSBC Balanced Advantage Fund-Reg(G), Hybrid - Balanced Advantage, Open ended, NIFTY 50 Hybrid Composite Debt 50:50 Index,31.71,3.42,7.46,6.8,5000.0,2.1,1000.0
HSBC Balanced Advantage Fund-Reg(IDCW), Hybrid - Balanced Advantage, Open ended, NIFTY 50 Hybrid Composite Debt 50:50 Index,17.27,3.43,7.44,6.4,5000.0,2.1,1000.0
SBI Overnight Fund-Reg(DD-IDCW), Debt - Overnight Fund, Open ended, CRISIL Overnight Index,1121.73,4.95,3.68,3.87,5000.0,1.3712016129032258,1030.463038180341
Sundaram Balanced Advantage Fund(G), Hybrid - Dynamic Asset Allocation, Open ended, NIFTY 50 Hybrid Composite Debt 50:50 Index,26.27,4.79,7.99,5.89,1000.0,2.13,1000.0
Sundaram Balanced Advantage Fund(M-IDCW), Hybrid - Dynamic Asset Allocation, Open ended, NIFTY 50 Hybrid Composite Debt 50:50 Index,14.06,4.78,7.29,5.05,1000.0,2.13,1000.0
IDBI Equity Advantage Fund-Reg(G), Equity - ELSS, Open ended, NIFTY 500 - TRI,39.3,2.73,11.01,8.09,1000.0,2.43,1000.0
IDBI Equity Advantage Fund-Reg(IDCW), Equity - ELSS, Open ended, NIFTY 500 - TRI,23.62,2.71,11.01,7.96,1000.0,2.43,1000.0
Mirae Asset Great Consumer Fund-Reg(G), Equity - Sectoral Fund - Consumption, Open ended, Nifty India Consumption - TRI,57.99,8.12,15.14,12.11,5000.0,2.06,1000.0
Mirae Asset Great Consumer Fund-Reg(IDCW), Equity - Sectoral Fund - Consumption, Open ended, Nifty India Consumption - TRI,19.13,8.12,15.14,11.65,5000.0,2.06,1000.0
IDBI ST Bond(G), Debt - Short Duration Fund, Open ended, NIFTY 500 - TRI,23.16,5.24,3.32,7.76,5000.0,0.75,1000.0
IDBI ST Bond(W-IDCW), Debt - Short Duration Fund, Open ended, NIFTY 500 - TRI,12.38,5.24,3.32,7.76,5000.0,0.75,1000.0
IDBI ST Bond(M-IDCW), Debt - Short Duration Fund, Open ended, NIFTY 500 - TRI,12.18,5.24,3.32,7.76,5000.0,0.75,1000.0
Invesco India Gold Fund(G), FoFs (Domestic / Overseas ) - Gold, Open ended, Gold-India,16.6,12.62,10.11,11.47,1000.0,0.45,1000.0
Invesco India Gold Fund(IDCW), FoFs (Domestic / Overseas ) - Gold, Open ended, Gold-India,16.6,12.62,10.11,11.47,1000.0,0.45,1000.0
DSP World Agriculture Fund-Reg(G), FoFs (Overseas), Open ended, MSCI AC World Index,20.15,-4.78,4.68,5.19,1000.0,2.36,1000.0
DSP World Agriculture Fund-Reg(IDCW), FoFs (Overseas), Open ended, MSCI AC World Index,14.39,-4.78,4.68,4.76,1000.0,2.36,1000.0
DSP Global Allocation Fund-Reg(G), FoFs (Overseas), Open ended, NIFTY 500 - TRI,16.86,-0.38,7.13,7.94,1000.0,2.01,1000.0
DSP Global Allocation Fund-Reg(IDCW), FoFs (Overseas), Open ended, NIFTY 500 - TRI,15.19,-0.38,7.13,7.94,1000.0,2.01,1000.0
Union Long Term Equity Fund(G), Equity - ELSS, Open ended, S&P BSE 500 - TRI,42.64,3.68,17.25,12.04,1000.0,2.49,1000.0
Union Long Term Equity Fund(IDCW), Equity - ELSS, Open ended, S&P BSE 500 - TRI,23.84,3.71,17.25,11.92,1000.0,2.49,1000.0
Taurus Banking & Fin Serv Fund-Reg(G), Equity - Sectoral Fund - Banks & Financial Services, Open ended, S&P BSE BANKEX - TRI,37.9,9.89,9.15,11.33,5000.0,2.43,1000.0
Taurus Banking & Fin Serv Fund-Reg(IDCW), Equity - Sectoral Fund - Banks & Financial Services, Open ended, S&P BSE BANKEX - TRI,33.93,9.88,9.19,11.36,5000.0,2.43,1000.0
PGIM India Dynamic Bond Fund(G), Debt - Dynamic Bond, Open ended, CRISIL Dynamic Debt Index,2200.46,3.92,2.92,3.69,5000.0,1.63,1000.0
HSBC Equity Savings Fund-Reg(G), Hybrid - Equity Savings, Open ended, NIFTY 50 Equity Savings Index,23.61,2.21,8.96,6.4,5000.0,1.58,1000.0
HSBC Equity Savings Fund-Reg(M-IDCW), Hybrid - Equity Savings, Open ended, NIFTY 50 Equity Savings Index,12.86,2.21,8.93,6.11,5000.0,1.58,1000.0
HSBC Equity Savings Fund-Reg(Q-IDCW), Hybrid - Equity Savings, Open ended, NIFTY 50 Equity Savings Index,13.74,2.22,8.96,6.24,5000.0,1.58,1000.0
Axis Gold Fund-Reg(G), FoFs (Domestic / Overseas ) - Gold, Open ended, Gold-India,17.05,12.87,10.25,11.94,5000.0,0.6,1000.0
Axis Gold Fund-Reg(IDCW), FoFs (Domestic / Overseas ) - Gold, Open ended, Gold-India,17.07,12.87,10.26,11.95,5000.0,0.6,1000.0
Tata Retirement Sav Fund - Cons Plan(G), Solution Oriented - Retirement Fund, Open ended, CRISIL Short Term Debt Hybrid 75+25 Fund Index,25.08,1.13,5.52,5.75,5000.0,2.17,1000.0
Tata Retirement Sav Fund - Mod Plan(G), Equity - Large & Mid Cap Fund, Open ended, CRISIL Short Term Debt Hybrid 75+25 Fund Index,42.61,0.74,9.48,7.64,5000.0,2.03,1000.0
Tata Retirement Sav Fund - Prog Plan(G), Solution Oriented - Retirement Fund, Open ended, NIFTY 500 - TRI,41.74,-0.31,9.16,7.63,5000.0,1.95,1000.0
ICICI Pru US Bluechip Equity Fund(G), Equity - Thematic Fund - Global, Open ended, S&P 500 ,48.69,7.85,14.4,16.27,5000.0,2.21,1000.0
Indiabulls Blue Chip Fund-Reg(G), Equity - Large Cap Fund, Open ended, NIFTY 100 - TRI,29.51,3.29,9.33,8.11,1000.0,2.42,1000.0
Indiabulls Blue Chip Fund-Reg(IDCW), Equity - Large Cap Fund, Open ended, NIFTY 100 - TRI,16.62,3.29,9.36,8.16,1000.0,2.42,1000.0
Union Dynamic Bond(G), Debt - Dynamic Bond, Open ended, CRISIL Dynamic Debt Index,19.55,4.27,1.88,3.59,1000.0,1.5,1000.0
Union Dynamic Bond(IDCW-Payout), Debt - Dynamic Bond, Open ended, CRISIL Dynamic Debt Index,13.03,4.28,1.88,3.59,1000.0,1.5,1000.0
HDFC Dynamic PE Ratio FOF-Reg(G), FoFs (Domestic) - Debt Oriented, Open ended, NIFTY 50 Hybrid Composite Debt 65:35 Index,28.59,8.13,14.05,9.46,1000.0,1.0,1000.0
HDFC Dynamic PE Ratio FOF-Reg(IDCW), FoFs (Domestic) - Debt Oriented, Open ended, NIFTY 50 Hybrid Composite Debt 65:35 Index,25.05,8.13,14.05,9.46,1000.0,1.0,1000.0
Franklin India Feeder - Franklin U.S. Opportunities Fund(G), FoFs (Overseas), Open ended, Russell 3000 Growth Index,44.89,-12.94,6.08,12.08,5000.0,1.55,1000.0
Franklin India Feeder - Franklin U.S. Opportunities Fund(IDCW), FoFs (Overseas), Open ended, Russell 3000 Growth Index,44.89,-12.94,6.08,12.08,5000.0,1.55,1000.0
Aditya Birla SL Gold Fund(G), FoFs (Domestic / Overseas ) - Gold, Open ended, Gold-India,17.07,13.3,9.89,11.55,1000.0,0.51,1000.0
Aditya Birla SL Gold Fund(IDCW), FoFs (Domestic / Overseas ) - Gold, Open ended, Gold-India,17.07,13.3,9.9,11.56,1000.0,0.51,1000.0
IDBI India Top 100 Equity Fund(G), Equity - Large Cap Fund, Open ended, NIFTY 100 - TRI,40.39,2.65,15.21,11.05,5000.0,2.46,1000.0
IDBI India Top 100 Equity Fund(IDCW), Equity - Large Cap Fund, Open ended, NIFTY 100 - TRI,23.97,2.66,15.22,10.83,5000.0,2.46,1000.0
ICICI Pru Global Stable Equity Fund(FOF)(G), FoFs (Overseas), Open ended, MSCI World,22.38,6.59,9.32,10.19,5000.0,1.55,1000.0
ICICI Pru Global Stable Equity Fund(FOF)(IDCW), FoFs (Overseas), Open ended, MSCI World,22.38,6.59,9.32,10.19,5000.0,1.55,1000.0
Baroda BNP Paribas Banking and Fin Serv Fund-Reg(G), Equity - Sectoral Fund - Banks & Financial Services, Open ended, NIFTY BANK - TRI,30.83,5.4,6.13,8.35,5000.0,2.66,1000.0
Baroda BNP Paribas Banking and Fin Serv Fund-Reg(IDCW), Equity - Sectoral Fund - Banks & Financial Services, Open ended, NIFTY BANK - TRI,18.07,5.38,6.14,8.09,5000.0,2.66,1000.0
ICICI Pru US Bluechip Equity Fund(IDCW), Equity - Thematic Fund - Global, Open ended, S&P 500 ,48.69,7.85,14.4,16.27,5000.0,2.21,1000.0
Nippon India Retirement Fund-Wealth Creation(G), Solution Oriented - Retirement Fund, Open ended, S&P BSE 500 - TRI,17.81,2.63,10.0,5.5,1000.0,1.98,1000.0
Nippon India Retirement Fund-Wealth Creation(IDCW), Solution Oriented - Retirement Fund, Open ended, S&P BSE 500 - TRI,15.37,2.63,9.6,5.27,1000.0,1.98,1000.0
Nippon India Retirement Fund-Income Generation(G), Solution Oriented - Retirement Fund, Open ended, CRISIL Hybrid 85+15 - Conservative Index,16.07,2.59,4.99,6.13,1000.0,2.12,1000.0
Nippon India Retirement Fund-Income Generation(IDCW), Solution Oriented - Retirement Fund, Open ended, CRISIL Hybrid 85+15 - Conservative Index,16.07,2.59,4.99,6.14,1000.0,2.12,1000.0
Baroda BNP Paribas India Consumption Fund-Reg(G), Equity - Sectoral Fund - Consumption, Open ended, Nifty India Consumption - TRI,20.1,5.71,13.47,7.160055147058823,5000.0,2.28,1000.0
Baroda BNP Paribas India Consumption Fund-Reg(IDCW), Equity - Sectoral Fund - Consumption, Open ended, Nifty India Consumption - TRI,17.71,5.71,13.48,7.160055147058823,5000.0,2.28,1000.0
DSP US Flexible Equity Fund-Reg(G), FoFs (Overseas), Open ended, Russell 1000 Index,43.05,5.35,14.6,14.19,1000.0,2.39,1000.0
DSP US Flexible Equity Fund-Reg(IDCW), FoFs (Overseas), Open ended, Russell 1000 Index,23.9,5.35,14.6,12.94,1000.0,2.39,1000.0
IDBI Gold Fund(G), FoFs (Domestic / Overseas ) - Gold, Open ended, Gold-India,15.21,12.08,10.01,11.28,5000.0,0.67,1000.0
Invesco India Banking & PSU Debt Fund(G), Debt - Banking and PSU Fund, Open ended, NIFTY Banking and PSU Debt Index,1894.49,4.67,1.37,4.09,1000.0,0.7,1000.0
Invesco India Banking & PSU Debt Fund(DD-IDCW), Debt - Banking and PSU Fund, Open ended, NIFTY Banking and PSU Debt Index,1010.22,4.74,1.44,4.15,1000.0,0.7,1000.0
IIFL Dynamic Bond Fund-Reg(G), Debt - Dynamic Bond, Open ended, CRISIL Dynamic Debt Index,18.44,3.7,2.92,5.4,10000.0,0.52,1000.0
IIFL Dynamic Bond Fund-Reg(M-IDCW), Debt - Dynamic Bond, Open ended, CRISIL Dynamic Debt Index,11.84,3.7,2.92,5.32,10000.0,0.52,1000.0
IIFL Dynamic Bond Fund-Reg(Q-IDCW), Debt - Dynamic Bond, Open ended, CRISIL Dynamic Debt Index,17.79,3.7,2.92,5.4,10000.0,0.52,1000.0
Motilal Oswal Gold and Silver ETFs FoF-Reg(G), FoFs (Domestic / Overseas ) - Gold, Open ended, Gold-India,11.12,4.034813852813854,8.868668958742633,7.160055147058823,1000.0,0.51,1000.0
HSBC Asia Pacific (Ex Japan) DYF-Reg(G), FoFs (Overseas), Open ended, MSCI Asia (ex-Japan) Standard Index,18.26,-6.98,5.88,5.86,5000.0,2.06,1000.0
HSBC Asia Pacific (Ex Japan) DYF-Reg(IDCW-Payout), FoFs (Overseas), Open ended, MSCI Asia (ex-Japan) Standard Index,18.26,-6.98,5.88,5.86,5000.0,2.06,1000.0
Invesco India Banking & PSU Debt Fund(M-IDCW), Debt - Banking and PSU Fund, Open ended, NIFTY Banking and PSU Debt Index,1031.6,4.67,1.37,3.98,1000.0,0.7,1000.0
SBI Consumption Opp Fund-Reg(G), Equity - Sectoral Fund - Consumption, Open ended, Nifty India Consumption - TRI,205.69,14.71,19.13,11.62,5000.0,2.22,1000.0
Nippon India US Equity Opp Fund(G), Equity - Thematic Fund - Global, Open ended, S&P 500 - TRI,22.87,-5.53,7.81,12.96,1000.0,2.45,1000.0
SBI Technology Opp Fund-Reg(G), Equity - Sectoral Fund - Technology, Open ended, S&P BSE TECk Index - TRI,150.22,0.29,27.5,21.94,5000.0,1.97,1000.0
Quantum Long Term Equity Value Fund-Reg(IDCW), Equity - Value Fund, Open ended, S&P BSE 500 - TRI,80.62,7.06,15.18,8.47,1000.0,1.79,1000.0
Quantum Long Term Equity Value Fund-Reg(G), Equity - Value Fund, Open ended, S&P BSE 500 - TRI,80.16,7.06,15.2,8.5,1000.0,1.79,1000.0
Quantum Tax Saving Fund-Reg(G), Equity - ELSS, Open ended, S&P BSE 500 - TRI,79.97,7.47,15.45,8.61,1000.0,1.79,1000.0
Quantum Tax Saving Fund-Reg(IDCW), Equity - ELSS, Open ended, S&P BSE 500 - TRI,79.97,7.47,15.45,8.61,1000.0,1.79,1000.0
Quantum Equity FoF-Reg(G), FoFs (Domestic) - Equity Oriented, Open ended, S&P BSE 200 - TRI,53.66,0.93,12.62,8.96,1000.0,0.75,1000.0
Quantum Equity FoF-Reg(IDCW), FoFs (Domestic) - Equity Oriented, Open ended, S&P BSE 200 - TRI,53.66,0.93,12.62,8.96,1000.0,0.75,1000.0
LIC MF Banking & Financial Services Fund-Reg(G), Equity - Sectoral Fund - Banks & Financial Services, Open ended, Nifty Financial Services - TRI,15.34,10.9,8.36,5.88,5000.0,2.61,1000.0
Quantum Gold Saving Fund-Reg(G), FoFs (Domestic / Overseas ) - Gold, Open ended, Gold-India,22.09,12.64,10.09,11.65,1000.0,0.21,1000.0
Quantum Multi Asset FOFs-Reg(G), FoFs (Domestic) - Debt Oriented, Open ended, NIFTY 500 - TRI,25.0,6.49,8.91,7.77,1000.0,0.47,1000.0
PGIM India Banking & PSU Debt Fund(G), Debt - Banking and PSU Fund, Open ended, CRISIL Banking and PSU Debt Index,20.43,4.34,3.36,4.98,5000.0,0.41,1000.0
Aditya Birla SL MNC Fund-Reg(IDCW), Equity - Thematic Fund - MNC, Open ended, NIFTY MNC - TRI,156.34,-2.32,3.17,3.47,1000.0,2.06,1000.0
Axis Money Market Fund-Reg(G), Debt - Money Market Fund, Open ended, Nifty Money Market Index,1199.57,6.05,5.12,4.92,5000.0,0.36,1000.0
Motilal Oswal Focused Fund-Reg(G), Equity - Focused Fund, Open ended, NIFTY 500 - TRI,32.44,3.42,9.4,8.82,1000.0,2.18,1000.0
Motilal Oswal Focused Fund-Reg(IDCW), Equity - Focused Fund, Open ended, NIFTY 500 - TRI,17.75,3.42,9.2,8.62,1000.0,2.18,1000.0
Bank of India Balanced Advantage Fund-Reg(G), Hybrid - Balanced Advantage, Open ended, NIFTY 50 Hybrid Composite Debt 50:50 Index,18.83,14.9,8.86,4.91,5000.0,2.6,1000.0
Union Focused Fund-Reg(G), Equity - Focused Fund, Open ended, S&P BSE 500 - TRI,17.86,0.11,15.49,7.160055147058823,1000.0,2.59,1000.0
IIFL Dynamic Bond Fund-Reg(H-IDCW), Debt - Dynamic Bond, Open ended, CRISIL Dynamic Debt Index,17.79,3.7,2.92,5.4,10000.0,0.52,1000.0
Motilal Oswal Midcap Fund-Reg(G), Equity - Mid Cap Fund, Open ended, Nifty Midcap 150 - TRI,50.43,12.78,20.59,14.89,1000.0,2.04,1000.0
Indiabulls Short Term Fund-Reg(G), Debt - Short Duration Fund, Open ended, NIFTY 500 - TRI,1782.95,4.68,2.64,3.48,1000.0,1.49,1000.0
Indiabulls Short Term Fund-Reg(M-IDCW), Debt - Short Duration Fund, Open ended, NIFTY 500 - TRI,1021.92,4.68,2.64,3.44,1000.0,1.49,1000.0
Indiabulls Short Term Fund-Reg(FN-IDCW), Debt - Short Duration Fund, Open ended, NIFTY 500 - TRI,1015.85,3.91,2.23,3.32,1000.0,1.49,1000.0
Indiabulls Short Term Fund-Reg(W-IDCW), Debt - Short Duration Fund, Open ended, NIFTY 500 - TRI,1013.19,4.68,2.64,3.41,1000.0,1.49,1000.0
Edelweiss Banking and PSU Debt Fund-Reg(G), Debt - Banking and PSU Fund, Open ended, NIFTY Banking and PSU Debt Index,20.53,5.25,2.84,5.67,5000.0,0.64,1000.0
Edelweiss Banking and PSU Debt Fund-Reg(IDCW), Debt - Banking and PSU Fund, Open ended, NIFTY Banking and PSU Debt Index,17.48,5.25,2.84,5.67,5000.0,0.64,1000.0
Canara Rob Corp Bond Fund-Reg(G), Debt - Corporate Bond Fund, Open ended, CRISIL Corporate Bond Index,18.47,4.41,3.05,4.7,5000.0,1.03,1000.0
Aditya Birla SL Banking & Financial Services Fund-Reg(G), Equity - Sectoral Fund - Banks & Financial Services, Open ended, Nifty Financial Services - TRI,40.21,5.25,9.05,8.19,1000.0,2.1,1000.0
Invesco India - Invesco Global Equity Income FoF-Reg(G), FoFs (Overseas), Open ended, MSCI World Index-Net Dividend,19.59,8.93,10.98,9.32,1000.0,1.38,1000.0
PGIM India Overnight Fund-Reg(G), Debt - Overnight Fund, Open ended, Nifty 1D Rate Index,1145.23,4.99,3.82,7.160055147058823,5000.0,0.26,1000.0
Edelweiss Eur Dynamic Equity Off-shr Fund-Reg(G), FoFs (Overseas), Open ended, MSCI Europe Index (Total Return Net),16.25,6.62,10.49,7.62,5000.0,2.34,1030.463038180341
Invesco India - Invesco Pan European Equity FoF-Reg(G), FoFs (Overseas), Open ended, MSCI Europe Index (Total Return Net),15.13,9.44,10.57,6.2,1000.0,0.94,1000.0
Nippon India Japan Equity Fund(G), Equity - Thematic Fund - Global, Open ended, S&P BSE 500 Japan - TRI,15.26,-5.47,2.28,4.61,5000.0,2.42,1000.0
PGIM India Midcap Opp Fund-Reg(G), Equity - Mid Cap Fund, Open ended, Nifty Midcap 150 - TRI,43.21,1.23,29.12,16.77,5000.0,1.94,1000.0
PGIM India Midcap Opp Fund-Reg(IDCW), Equity - Mid Cap Fund, Open ended, Nifty Midcap 150 - TRI,22.16,1.23,29.11,16.43,5000.0,1.94,1000.0
Shriram Hybrid Equity Fund-Reg(G), Hybrid - Aggressive Hybrid Fund, Open ended, CRISIL Hybrid 35+65 - Aggressive Index,23.09,1.98,9.09,7.67,5000.0,2.35,1000.0
Shriram Hybrid Equity Fund-Reg(IDCW-Payout), Hybrid - Aggressive Hybrid Fund, Open ended, CRISIL Hybrid 35+65 - Aggressive Index,18.46,1.98,9.09,7.67,5000.0,2.35,1000.0
HDFC Retirement Savings Fund-Equity Plan-Reg(G), Solution Oriented - Retirement Fund, Open ended, NIFTY 500 - TRI,31.88,12.51,21.92,13.16,1000.0,2.23,1000.0
HDFC Retirement Savings Fund-Hybrid-Equity Plan-Reg(G), Solution Oriented - Retirement Fund, Open ended, NIFTY 50 Hybrid Composite Debt 65:35 Index,26.67,8.35,14.85,10.74,1000.0,2.43,1000.0
HDFC Retirement Savings Fund-Hybrid-Debt Plan-Reg(G), Solution Oriented - Retirement Fund, Open ended, NIFTY 50 Hybrid Composite Debt 15:85 Index,17.22,4.6,6.91,6.4,1000.0,2.16,1000.0
Aditya Birla SL Banking & Financial Services Fund-Reg(IDCW), Equity - Sectoral Fund - Banks & Financial Services, Open ended, Nifty Financial Services - TRI,18.17,5.27,9.06,7.84,1000.0,2.1,1000.0
Baroda BNP Paribas Money Market Fund-Reg(G), Debt - Money Market Fund, Open ended, CRISIL Money Market Index,1165.01,5.51,4.47,3.73,5000.0,0.39,1000.0
ICICI Pru Retirement Fund-Pure Equity Plan(G), Solution Oriented - Retirement Fund, Open ended, NIFTY 500 - TRI,17.1,-0.58,17.42,7.160055147058823,5000.0,2.59,1000.0
ICICI Pru Retirement Fund-Hybrid Cons Plan(G), Solution Oriented - Retirement Fund, Open ended, NIFTY 50 Hybrid Composite Debt 15:85 Index,12.91,1.37,5.81,7.160055147058823,5000.0,2.13,1000.0
ICICI Pru Retirement Fund-Hybrid Aggressive Plan(G), Solution Oriented - Retirement Fund, Open ended, CRISIL Hybrid 35+65 - Aggressive Index,14.83,-0.47,11.26,7.160055147058823,5000.0,2.49,1000.0
ICICI Pru Retirement Fund-Pure Debt Plan(G), Solution Oriented - Retirement Fund, Open ended, NIFTY Composite Debt Index,12.8,3.12,4.65,7.160055147058823,5000.0,2.16,1000.0
Invesco India - Invesco Pan European Equity FoF-Reg(IDCW), FoFs (Overseas), Open ended, MSCI Europe Index (Total Return Net),15.12,9.44,10.57,6.2,1000.0,0.94,1000.0
DSP Dynamic Asset Allocation Fund-Reg(G), Hybrid - Dynamic Asset Allocation, Open ended, CRISIL Hybrid 50+50 - Moderate Index,20.11,1.73,6.51,7.14,1000.0,1.9,1000.0
DSP Dynamic Asset Allocation Fund-Reg(M-IDCW), Hybrid - Dynamic Asset Allocation, Open ended, CRISIL Hybrid 50+50 - Moderate Index,11.66,1.73,6.49,6.59,1000.0,1.9,1000.0
Canara Rob Corp Bond Fund-Reg(IDCW), Debt - Corporate Bond Fund, Open ended, CRISIL Corporate Bond Index,11.46,4.4,3.05,4.7,5000.0,1.03,1000.0
Nippon India Multi Asset Fund-Reg(G), Hybrid - Multi Asset Allocation, Open ended, NIFTY 500 - TRI,13.79,5.28,8.868668958742633,7.160055147058823,5000.0,1.84,1000.0
Motilal Oswal Midcap Fund-Reg(IDCW), Equity - Mid Cap Fund, Open ended, Nifty Midcap 150 - TRI,28.75,12.78,20.59,14.62,1000.0,2.04,1000.0
Franklin India Feeder - Templeton European Opportunities Fund(G), FoFs (Overseas), Open ended, MSCI Europe Index (Total Return Net),9.52,1.33,0.38,-1.21,5000.0,1.4,1000.0
PGIM India ELSS Tax Saver Fund-Reg(G), Equity - ELSS, Open ended, NIFTY 500 - TRI,24.64,4.06,18.92,12.07,1000.0,2.52,1000.0
Bank of India Balanced Advantage Fund-Reg(IDCW), Hybrid - Balanced Advantage, Open ended, NIFTY 50 Hybrid Composite Debt 50:50 Index,13.14,14.9,8.85,4.9,5000.0,2.6,1000.0
IDBI Flexi Cap Fund(G), Equity - Flexi Cap Fund, Open ended, NIFTY 500 - TRI,34.68,0.32,14.97,10.12,5000.0,2.5,1000.0
IDBI Flexi Cap Fund(IDCW), Equity - Flexi Cap Fund, Open ended, NIFTY 500 - TRI,21.28,0.28,14.97,9.89,5000.0,2.5,1000.0
HSBC Managed Solutions India-Growth(G), FoFs (Domestic) - Equity Oriented, Open ended, S&P BSE 200 - TRI,27.21,0.99,12.7,8.64,5000.0,1.56,1000.0
HSBC Managed Solutions India-Moderate(G), FoFs (Domestic) - Equity Oriented, Open ended, CRISIL Hybrid 35+65 - Aggressive Index,24.85,1.12,11.17,8.0,5000.0,1.47,1000.0
HSBC Managed Solutions India-Conservative(G), FoFs (Domestic) - Debt Oriented, Open ended, S&P BSE 200,17.85,1.96,4.52,5.26,5000.0,1.61,1000.0
PGIM India Arbitrage Fund-Reg(G), Hybrid - Arbitrage Fund, Open ended, Nifty 50 Arbitrage,15.7,4.17,3.76,4.55,5000.0,1.03,1000.0
UTI Overnight Fund-Reg(DD-IDCW), Debt - Overnight Fund, Open ended, CRISIL Overnight Index,1370.86,5.0,3.72,4.06,20000.0,0.12,1000.0
Invesco India - Invesco Global Equity Income FoF-Reg(IDCW), FoFs (Overseas), Open ended, MSCI World Index-Net Dividend,19.56,8.93,10.98,9.31,1000.0,1.38,1000.0
Sundaram Infra Advantage Fund(IDCW), Equity - Sectoral Fund - Infrastructure , Open ended, S&P BSE 100 - TRI,37.81,5.42,16.51,7.18,1000.0,2.59,1000.0
HSBC Managed Solutions India-Growth(IDCW), FoFs (Domestic) - Equity Oriented, Open ended, S&P BSE 200 - TRI,27.21,0.99,12.7,8.64,5000.0,1.56,1000.0
HSBC Managed Solutions India-Moderate(IDCW), FoFs (Domestic) - Equity Oriented, Open ended, CRISIL Hybrid 35+65 - Aggressive Index,24.85,1.12,11.17,8.0,5000.0,1.47,1000.0
HSBC Managed Solutions India-Conservative(IDCW), FoFs (Domestic) - Debt Oriented, Open ended, S&P BSE 200,17.85,1.96,4.52,5.26,5000.0,1.61,1000.0
Franklin India Feeder - Templeton European Opportunities Fund(IDCW), FoFs (Overseas), Open ended, MSCI Europe Index (Total Return Net),9.52,1.33,0.38,-1.21,5000.0,1.4,1000.0
Axis Ultra Short Term Fund-Reg(G), Debt - Ultra Short Duration Fund, Open ended, NIFTY Ultra Short Duration Debt Index,12.56,5.38,4.47,4.16,5000.0,1.19,1000.0
HSBC Business Cycles Fund-Reg(G), Equity - Thematic Fund - Other, Open ended, NIFTY 500 - TRI,24.03,5.86,13.23,7.08,5000.0,2.5,1000.0
HSBC Business Cycles Fund-Reg(IDCW-Payout), Equity - Thematic Fund - Other, Open ended, NIFTY 500 - TRI,17.6,5.85,13.22,6.77,5000.0,2.5,1000.0
SBI Banking & Financial Services Fund-Reg(G), Equity - Sectoral Fund - Banks & Financial Services, Open ended, Nifty Financial Services - TRI,25.7,4.92,8.04,11.36,5000.0,1.9,1000.0
Nippon India Japan Equity Fund(IDCW), Equity - Thematic Fund - Global, Open ended, S&P BSE 500 Japan - TRI,15.26,-5.47,2.28,4.61,5000.0,2.42,1000.0
Nippon India Japan Equity Fund(B), Equity - Thematic Fund - Global, Open ended, S&P BSE 500 Japan - TRI,15.26,-5.47,2.28,4.61,5000.0,2.42,1030.463038180341
PGIM India Arbitrage Fund-Reg(IDCW), Hybrid - Arbitrage Fund, Open ended, Nifty 50 Arbitrage,11.56,4.17,3.74,4.27,5000.0,1.03,1000.0
SBI Retirement Benefit Fund-Aggressive Plan-Reg(G), Solution Oriented - Retirement Fund, Open ended, S&P BSE 500 - TRI,14.0,9.37,8.868668958742633,7.160055147058823,5000.0,2.22,1000.0
SBI Retirement Benefit Fund-Aggressive Hybrid Plan-Reg(G), Solution Oriented - Retirement Fund, Open ended, CRISIL Hybrid 35+65 - Aggressive Index,13.45,8.09,8.868668958742633,7.160055147058823,5000.0,2.34,1000.0
SBI Retirement Benefit Fund-Conservative Hybrid Plan-Reg(G), Solution Oriented - Retirement Fund, Open ended, CRISIL Hybrid 65+35 - Conservative Index,12.0,6.22,8.868668958742633,7.160055147058823,5000.0,1.69,1000.0
SBI Retirement Benefit Fund-Conservative Plan-Reg(G), Solution Oriented - Retirement Fund, Open ended, NIFTY Composite Debt Index,11.42,5.67,8.868668958742633,7.160055147058823,5000.0,1.39,1000.0
Indiabulls Arbitrage Fund-Reg(G), Hybrid - Arbitrage Fund, Open ended, Nifty 50 Arbitrage,15.0,3.13,2.67,3.9,1000.0,1.21,1000.0
IDFC Balanced Advantage Fund-Reg(G), Hybrid - Balanced Advantage, Open ended, NIFTY 50 Hybrid Composite Debt 50:50 Index,18.12,1.12,7.44,7.22,1000.0,1.95,1000.0
IDFC Balanced Advantage Fund-Reg(IDCW), Hybrid - Balanced Advantage, Open ended, NIFTY 50 Hybrid Composite Debt 50:50 Index,12.76,1.13,7.45,6.98,1000.0,1.95,1000.0
Edelweiss Equity Savings Fund-Reg(G), Hybrid - Equity Savings, Open ended, NIFTY 50 Equity Savings Index,19.0,3.84,8.86,7.78,5000.0,2.06,1000.0
Edelweiss Equity Savings Fund-Reg(IDCW), Hybrid - Equity Savings, Open ended, NIFTY 50 Equity Savings Index,13.13,3.84,8.86,7.44,5000.0,2.06,1000.0
DSP Arbitrage Fund-Reg(G), Hybrid - Arbitrage Fund, Open ended, Nifty 50 Arbitrage,12.68,4.54,3.87,4.77,1000.0,0.99,1000.0
Aditya Birla SL Mfg. Equity Fund-Reg(G), Equity - Thematic Fund - Other, Open ended, S&P BSE India Manufacturing Index - TRI,19.1,-0.94,12.76,5.62,1000.0,2.54,1000.0
Nippon India Equity Savings Fund(G), Hybrid - Equity Savings, Open ended, NIFTY 50 Equity Savings Index,12.77,3.33,3.34,0.31,5000.0,1.69,1000.0
Franklin India Multi-Asset Solution FoF(G), FoFs (Domestic) - Debt Oriented, Open ended, NIFTY 500 - TRI,14.88,4.71,4.21,4.07,5000.0,1.4,1000.0
Franklin India Multi-Asset Solution FoF(IDCW), FoFs (Domestic) - Debt Oriented, Open ended, NIFTY 500 - TRI,14.88,4.71,4.21,4.07,5000.0,1.4,1000.0
Indiabulls Arbitrage Fund-Reg(M-IDCW), Hybrid - Arbitrage Fund, Open ended, Nifty 50 Arbitrage,11.23,3.13,2.65,3.53,1000.0,1.21,1000.0
Aditya Birla SL Global Emerging Opp Fund(IDCW), FoFs (Overseas), Open ended, MSCI AC World Index,19.62,-1.41,10.17,9.12,1000.0,1.1,1000.0
JM Equity Hybrid Fund(M-IDCW), Hybrid - Aggressive Hybrid Fund, Open ended, CRISIL Hybrid 35+65 - Aggressive Index,52.91,7.89,19.44,10.03,5000.0,2.47,1000.0
Aditya Birla SL Mfg. Equity Fund-Reg(IDCW), Equity - Thematic Fund - Other, Open ended, S&P BSE India Manufacturing Index - TRI,13.97,-0.92,12.47,5.47,1000.0,2.54,1000.0
Navi Large & Midcap Fund-Reg(G), Equity - Large & Mid Cap Fund, Open ended, S&P BSE 250 LargeMidCap Index - TRI,24.39,0.35,14.19,10.46,1000.0,2.31,1000.0
SBI Banking & Financial Services Fund-Reg(IDCW-Payout), Equity - Sectoral Fund - Banks & Financial Services, Open ended, Nifty Financial Services - TRI,23.08,4.92,8.04,11.37,5000.0,1.9,1000.0
ICICI Pru Manufacturing Fund(G), Equity - Thematic Fund - Other, Open ended, S&P BSE India Manufacturing Index - TRI,18.43,8.04,21.57,7.160055147058823,5000.0,2.56,1000.0
Aditya Birla SL Retirement Fund-30-Reg(G), Solution Oriented - Retirement Fund, Open ended, NIFTY 500 - TRI,13.06,1.51,7.0,7.160055147058823,1000.0,2.48,1000.0
SBI Balanced Advantage Fund-Reg(G), Hybrid - Balanced Advantage, Open ended, NIFTY 50 Hybrid Composite Debt 50:50 Index,10.86,6.6,8.868668958742633,7.160055147058823,5000.0,1.64,1000.0
Sundaram Arbitrage Fund(G), Hybrid - Arbitrage Fund, Open ended, Nifty 50 Arbitrage,12.32,4.23,2.8,2.25,5000.0,0.55,1000.0
LIC MF Banking & Financial Services Fund-Reg(IDCW), Equity - Sectoral Fund - Banks & Financial Services, Open ended, Nifty Financial Services - TRI,15.34,10.9,8.36,5.87,5000.0,2.61,1000.0
Baroda BNP Paribas Focused Fund-Reg(G), Equity - Focused Fund, Open ended, NIFTY 500 - TRI,14.92,3.53,12.09,8.48,5000.0,2.44,1000.0
IDBI Focused 30 Equity Fund-Reg(G), Equity - Focused Fund, Open ended, NIFTY 500 - TRI,15.72,3.56,14.63,9.27,5000.0,2.53,1000.0
Navi ELSS Tax Saver Fund-Reg(G), Equity - ELSS, Open ended, S&P BSE 100 - TRI,20.45,0.06,9.98,8.34,1000.0,1.3712016129032258,1030.463038180341
Nippon India Equity Savings Fund(IDCW), Hybrid - Equity Savings, Open ended, NIFTY 50 Equity Savings Index,10.94,3.33,3.34,0.15,5000.0,1.69,1000.0
Nippon India Equity Savings Fund(B), Hybrid - Equity Savings, Open ended, NIFTY 50 Equity Savings Index,12.77,3.33,3.34,0.31,5000.0,1.69,1030.463038180341
Nippon India Equity Savings Fund(M-IDCW), Hybrid - Equity Savings, Open ended, NIFTY 50 Equity Savings Index,10.79,3.33,3.34,0.18,5000.0,1.69,1000.0
Nippon India Equity Savings Fund(Q-IDCW), Hybrid - Equity Savings, Open ended, NIFTY 50 Equity Savings Index,10.78,3.33,3.34,0.19,5000.0,1.69,1000.0
Bank of India Mid & Small Cap Equity & Debt Fund-Reg(G), Hybrid - Aggressive Hybrid Fund, Open ended, Nifty MidSmallcap 400 - TRI,22.9,0.09,20.6,9.59,5000.0,2.55,1000.0
Union Largecap Fund-Reg(G), Equity - Large Cap Fund, Open ended, S&P BSE 100 - TRI,16.63,1.4,13.31,9.48,1000.0,2.62,1000.0
Nippon India US Equity Opp Fund(IDCW), Equity - Thematic Fund - Global, Open ended, S&P 500 - TRI,22.87,-5.53,7.81,12.96,1000.0,2.45,1000.0
IDBI Hybrid Equity Fund(G), Hybrid - Aggressive Hybrid Fund, Open ended, CRISIL Hybrid 35+65 - Aggressive Index,15.89,-0.43,10.37,5.89,5000.0,2.53,1000.0
HSBC Nifty Next 50 Index Fund-Reg(G), Index Funds - Nifty Next 50, Open ended, NIFTY NEXT 50 - TRI,16.65,-6.75,8.868668958742633,7.160055147058823,5000.0,0.8,1000.0
Indiabulls Value Fund-Reg(G), Equity - Value Fund, Open ended, NIFTY500 Value 50 - TRI,17.17,0.08,12.47,4.23,1000.0,2.3,1000.0
Indiabulls Value Fund-Reg(IDCW), Equity - Value Fund, Open ended, NIFTY500 Value 50 - TRI,17.17,0.08,12.46,4.23,1000.0,2.3,1000.0
Tata Banking & Financial Services Fund-Reg(G), Equity - Sectoral Fund - Banks & Financial Services, Open ended, Nifty Financial Services - TRI,27.95,11.08,9.49,10.86,5000.0,1.75,1000.0
Tata Digital India Fund-Reg(G), Equity - Sectoral Fund - Technology, Open ended, NIFTY IT - TRI,33.63,-9.4,27.63,22.39,5000.0,1.94,1000.0
Tata India Consumer Fund-Reg(G), Equity - Sectoral Fund - Consumption, Open ended, Nifty India Consumption - TRI,26.75,4.93,12.78,8.98,5000.0,2.06,1000.0
Tata India Pharma & Healthcare Fund-Reg(G), Equity - Sectoral Fund - Pharma & Health Care, Open ended, NIFTY PHARMA - TRI,16.33,-3.32,17.18,12.9,5000.0,2.3,1000.0
Tata Resources & Energy Fund-Reg(G), Equity - Sectoral Fund - Energy & Power, Open ended, NIFTY COMMODITIES - TRI,27.95,-3.45,22.15,12.3,5000.0,2.72,1000.0
Baroda BNP Paribas Aggressive Hybrid Fund-Reg(G), Hybrid - Aggressive Hybrid Fund, Open ended, CRISIL Hybrid 35+65 - Aggressive Index,19.0,3.78,12.0,11.61,5000.0,2.26,1000.0
SBI Equity Minimum Variance Fund-Reg(G), Equity - Thematic Fund - Other, Open ended, NIFTY 50 - TRI,16.78,7.97,16.9,7.160055147058823,5000.0,0.73,1000.0
PGIM India ELSS Tax Saver Fund-Reg(IDCW), Equity - ELSS, Open ended, NIFTY 500 - TRI,16.85,4.12,18.95,11.9,1000.0,2.52,1000.0
Navi Large & Midcap Fund-Reg(IDCW), Equity - Large & Mid Cap Fund, Open ended, S&P BSE 250 LargeMidCap Index - TRI,24.38,0.35,14.19,10.46,1000.0,2.31,1000.0
Navi ELSS Tax Saver Fund-Reg(IDCW), Equity - ELSS, Open ended, S&P BSE 100 - TRI,20.45,0.06,9.98,8.34,1000.0,1.3712016129032258,1030.463038180341
Axis Children's Gift Fund-Compulsory Lock in-Reg(G), Solution Oriented - Children's Fund, Open ended, NIFTY 50 Hybrid Composite Debt 65:35 Index,19.4,-4.28,9.37,9.09,5000.0,2.37,1000.0
Axis Children's Gift Fund-Compulsory Lock in-Reg(IDCW), Solution Oriented - Children's Fund, Open ended, NIFTY 50 Hybrid Composite Debt 65:35 Index,19.41,-4.28,9.37,9.09,5000.0,2.37,1000.0
IDFC Hybrid Equity Fund-Reg(G), Hybrid - Aggressive Hybrid Fund, Open ended, CRISIL Hybrid 35+65 - Aggressive Index,17.25,2.01,12.79,8.36,1000.0,2.47,1000.0
Tata Banking & Financial Services Fund-Reg(IDCW), Equity - Sectoral Fund - Banks & Financial Services, Open ended, Nifty Financial Services - TRI,25.71,11.05,9.5,10.85,5000.0,1.75,1000.0
Tata Digital India Fund-Reg(IDCW), Equity - Sectoral Fund - Technology, Open ended, NIFTY IT - TRI,33.63,-9.4,27.63,22.39,5000.0,1.94,1000.0
Tata India Consumer Fund-Reg(IDCW), Equity - Sectoral Fund - Consumption, Open ended, Nifty India Consumption - TRI,24.67,4.93,12.87,9.03,5000.0,2.06,1000.0
Tata India Pharma & Healthcare Fund-Reg(IDCW), Equity - Sectoral Fund - Pharma & Health Care, Open ended, NIFTY PHARMA - TRI,16.33,-3.32,17.18,12.9,5000.0,2.3,1000.0
Tata Resources & Energy Fund-Reg(IDCW), Equity - Sectoral Fund - Energy & Power, Open ended, NIFTY COMMODITIES - TRI,25.57,-3.5,22.21,12.23,5000.0,2.72,1000.0
SBI Magnum Children's Benefit Fund-Investment Plan-Reg(G), Solution Oriented - Children's Fund, Open ended, CRISIL Hybrid 35+65 - Aggressive Index,24.22,5.15,8.868668958742633,7.160055147058823,5000.0,2.41,1000.0
LIC MF ST Debt Fund-Reg(G), Debt - Short Duration Fund, Open ended, NIFTY 500 - TRI,12.31,3.82,2.28,3.81,5000.0,1.44,1000.0
SBI LT Advantage Fund-III-Reg(IDCW), Equity - ELSS, Close ended, S&P BSE 500,23.24,3.86,24.15,14.26,1000.0,1.3712016129032258,1030.463038180341
PGIM India Money Market Fund-Reg(G), Debt - Money Market Fund, Open ended, CRISIL Money Market Index,1121.56,5.74,4.79,7.160055147058823,5000.0,0.51,1000.0
Sundaram Arbitrage Fund(M-IDCW), Hybrid - Arbitrage Fund, Open ended, Nifty 50 Arbitrage,10.84,4.23,2.78,2.07,5000.0,0.55,1000.0
Tata Small Cap Fund-Reg(G), Equity - Small cap Fund, Open ended, Nifty Smallcap 250 - TRI,23.24,11.12,27.52,7.160055147058823,5000.0,2.15,1000.0
UTI Equity Savings Fund-Reg(G), Hybrid - Equity Savings, Open ended, Crisil Equity Savings Index,14.01,6.04,10.35,7.160055147058823,5000.0,1.51,1000.0
Motilal Oswal Balance Advantage Fund-Reg(G), Hybrid - Dynamic Asset Allocation, Open ended, CRISIL Hybrid 50+50 - Moderate Index,15.09,-1.4,3.87,4.59,1000.0,2.38,1000.0
Bank of India Mid & Small Cap Equity & Debt Fund-Reg(IDCW), Hybrid - Aggressive Hybrid Fund, Open ended, Nifty MidSmallcap 400 - TRI,19.41,0.05,20.58,9.58,5000.0,2.55,1000.0
Mahindra Manulife Liquid Fund-Reg(G), Debt - Liquid Fund, Open ended, NIFTY 500 - TRI,1440.58,5.25,4.2,5.3,1000.0,0.26,1030.463038180341
Mahindra Manulife Liquid Fund-Reg(DD-IDCW), Debt - Liquid Fund, Open ended, NIFTY 500 - TRI,1000.34,5.25,4.12,4.47,1000.0,0.26,1030.463038180341
Mahindra Manulife Liquid Fund-Reg(W-IDCW), Debt - Liquid Fund, Open ended, NIFTY 500 - TRI,1010.68,5.25,4.13,4.46,1000.0,0.26,1030.463038180341
DSP Healthcare Fund-Reg(G), Equity - Sectoral Fund - Pharma & Health Care, Open ended, S&P BSE Health Care - TRI,21.71,-0.24,20.42,7.160055147058823,1000.0,2.24,1000.0
Mahindra Manulife ELSS Kar Bachat Yojana-Reg(G), Equity - ELSS, Open ended, NIFTY 500 - TRI,19.32,3.76,17.02,9.89,1000.0,2.49,1000.0
Mahindra Manulife ELSS Kar Bachat Yojana-Reg(IDCW), Equity - ELSS, Open ended, NIFTY 500 - TRI,15.11,3.8,17.02,9.89,1000.0,2.49,1000.0
Motilal Oswal Balance Advantage Fund-Reg(Q-IDCW), Hybrid - Dynamic Asset Allocation, Open ended, CRISIL Hybrid 50+50 - Moderate Index,10.81,-1.4,3.87,4.43,1000.0,2.38,1000.0
Motilal Oswal Balance Advantage Fund-Reg(A-IDCW), Hybrid - Dynamic Asset Allocation, Open ended, CRISIL Hybrid 50+50 - Moderate Index,12.87,-1.4,3.87,4.53,1000.0,2.38,1000.0
IDBI Midcap Fund(G), Equity - Mid Cap Fund, Open ended, Nifty Midcap 150 - TRI,16.42,-1.99,12.94,6.5,5000.0,2.53,1000.0
IDBI Hybrid Equity Fund(IDCW), Hybrid - Aggressive Hybrid Fund, Open ended, CRISIL Hybrid 35+65 - Aggressive Index,14.5,-0.44,10.37,5.89,5000.0,2.53,1000.0
ICICI Pru Pharma Healthcare & Diagnostics (P.H.D) Fund-(G), Equity - Sectoral Fund - Pharma & Health Care, Open ended, S&P BSE Health Care - TRI,18.9,-2.74,18.96,7.160055147058823,5000.0,2.11,1000.0
Mirae Asset Dynamic Bond Fund-Reg(G), Debt - Dynamic Bond, Open ended, CRISIL Dynamic Debt Index,13.75,3.85,1.4,4.0,5000.0,1.12,1000.0
IDFC Hybrid Equity Fund-Reg(IDCW), Hybrid - Aggressive Hybrid Fund, Open ended, CRISIL Hybrid 35+65 - Aggressive Index,14.97,0.93,12.41,8.14,1000.0,2.47,1000.0
Mahindra Manulife Equity Savings Fund-Reg(G), Hybrid - Equity Savings, Open ended, NIFTY 50 Equity Savings Index - TRI,15.85,1.64,9.74,7.45,1000.0,2.5,1000.0
Mahindra Manulife Equity Savings Fund-Reg(IDCW), Hybrid - Equity Savings, Open ended, NIFTY 50 Equity Savings Index - TRI,13.19,1.66,9.75,7.43,1000.0,2.5,1000.0
Aditya Birla SL Active Debt Multi-Mgr FoF(IDCW), FoFs (Domestic) - Debt Oriented, Open ended, NIFTY 500 - TRI,19.64,3.16,5.06,6.37,1000.0,0.62,1000.0
IDBI Midcap Fund(IDCW), Equity - Mid Cap Fund, Open ended, Nifty Midcap 150 - TRI,15.41,-1.99,16.81,8.66,5000.0,2.53,1000.0
SBI LT Advantage Fund-IV-Reg(G), Equity - ELSS, Close ended, S&P BSE 500,30.55,2.9,25.44,17.89,1000.0,1.3712016129032258,1030.463038180341
SBI LT Advantage Fund-IV-Reg(IDCW), Equity - ELSS, Close ended, S&P BSE 500,25.88,2.9,25.44,17.89,1000.0,1.3712016129032258,1030.463038180341
Mahindra Manulife Low Duration Fund-Reg(G), Debt - Low Duration Fund, Open ended, CRISIL Low Duration Debt Index,1387.48,5.18,4.05,4.29,1000.0,1.17,1000.0
Mahindra Manulife Low Duration Fund-Reg(DD-IDCW), Debt - Low Duration Fund, Open ended, CRISIL Low Duration Debt Index,1000.0,5.18,4.06,4.22,1000.0,1.17,1000.0
Mahindra Manulife Low Duration Fund-Reg(W-IDCW), Debt - Low Duration Fund, Open ended, CRISIL Low Duration Debt Index,1053.02,5.17,4.04,4.18,1000.0,1.17,1000.0
Mahindra Manulife Low Duration Fund-Reg(M-IDCW), Debt - Low Duration Fund, Open ended, CRISIL Low Duration Debt Index,1116.27,5.18,4.05,4.19,1000.0,1.17,1000.0
IDBI Small Cap Fund(G), Equity - Small cap Fund, Open ended, Nifty Smallcap 250 - TRI,17.9,4.15,23.0,10.47,5000.0,2.51,1000.0
Mirae Asset Dynamic Bond Fund-Reg(IDCW), Debt - Dynamic Bond, Open ended, CRISIL Dynamic Debt Index,13.75,3.85,1.4,4.0,5000.0,1.12,1000.0
Baroda BNP Paribas Aggressive Hybrid Fund-Reg(IDCW), Hybrid - Aggressive Hybrid Fund, Open ended, CRISIL Hybrid 35+65 - Aggressive Index,14.18,3.78,12.0,11.54,5000.0,2.26,1000.0
Quantum Dynamic Bond Fund-Reg(M-IDCW), Debt - Dynamic Bond, Open ended, CRISIL Dynamic Debt Index,10.28,6.36,4.53,4.8,1000.0,0.73,1000.0
Quantum Dynamic Bond Fund-Reg(G), Debt - Dynamic Bond, Open ended, CRISIL Dynamic Debt Index,17.65,6.36,4.53,4.97,1000.0,0.73,1000.0
Aditya Birla SL Pharma & Healthcare Fund-Reg(G), Equity - Sectoral Fund - Pharma & Health Care, Open ended, S&P BSE Health Care - TRI,16.83,-6.39,12.91,7.160055147058823,1000.0,2.55,1000.0
DSP Corp Bond Fund-Reg(G), Debt - Corporate Bond Fund, Open ended, CRISIL Corporate Bond Index,13.38,4.13,1.96,4.43,1000.0,0.5,1000.0
IDBI Small Cap Fund(IDCW), Equity - Small cap Fund, Open ended, Nifty Smallcap 250 - TRI,17.9,4.15,23.0,10.47,5000.0,2.51,1000.0
HDFC Banking & Financial Services Fund-Reg(G), Equity - Sectoral Fund - Banks & Financial Services, Open ended, Nifty Financial Services - TRI,11.23,8.8,8.868668958742633,7.160055147058823,1000.0,1.92,1000.0
Sundaram Services Fund-Reg(G), Equity - Sectoral Fund - Service Industry, Open ended, Nifty Services Sector - TRI,21.28,4.61,16.14,7.160055147058823,1000.0,2.17,1000.0
Sundaram Debt Oriented Hybrid Fund(Q-IDCW), Hybrid - Conservative Hybrid Fund, Open ended, CRISIL Hybrid 85+15 - Conservative Index,16.25,3.08,7.35,4.58,5000.0,2.16,1000.0
Axis Balanced Advantage Fund-Reg(G), Hybrid - Balanced Advantage, Open ended, NIFTY 50 Hybrid Composite Debt 50:50 Index,14.41,1.77,7.21,6.78,1000.0,2.05,1000.0
Axis Balanced Advantage Fund-Reg(IDCW), Hybrid - Balanced Advantage, Open ended, NIFTY 50 Hybrid Composite Debt 50:50 Index,11.65,1.78,7.21,6.7,1000.0,2.05,1000.0
Mahindra Manulife Small Cap Fund-Reg(G), Equity - Small cap Fund, Open ended, S&P BSE 250 Small Cap - TRI,9.93,4.034813852813854,8.868668958742633,7.160055147058823,1000.0,2.37,1000.0
Mahindra Manulife Large Cap Pragati Yojana-Reg(G), Equity - Large Cap Fund, Open ended, NIFTY 100 - TRI,15.72,0.77,13.47,7.160055147058823,1000.0,2.67,1000.0
Axis Growth Opp Fund-Reg(G), Equity - Large & Mid Cap Fund, Open ended, NIFTY LargeMidcap 250 - TRI,19.6,-3.0,15.62,7.160055147058823,1000.0,1.87,1000.0
Kotak India Growth Fund-Sr 4(G), Equity - Multi Cap Fund, Close ended, NIFTY 200,19.97,4.61,27.46,14.79,5000.0,1.3712016129032258,1030.463038180341
Indiabulls Dynamic Bond Fund-Reg(G), Debt - Dynamic Bond, Open ended, CRISIL Dynamic Debt Index,1267.44,5.49,3.24,4.3,1000.0,0.76,1000.0
Baroda BNP Paribas Focused Fund-Reg(IDCW), Equity - Focused Fund, Open ended, NIFTY 500 - TRI,14.0,3.53,12.09,8.48,5000.0,2.44,1000.0
Sundaram Tax Savings Fund-Reg(H-IDCW), Equity - ELSS, Open ended, NIFTY 500 - TRI,326.23,3.2,17.21,9.38,1000.0,2.37,1000.0
Indiabulls Tax Savings Fund-Reg(G), Equity - ELSS, Open ended, S&P BSE 500 - TRI,13.45,1.43,9.93,5.96,1000.0,2.25,1000.0
Indiabulls Tax Savings Fund-Reg(IDCW), Equity - ELSS, Open ended, S&P BSE 500 - TRI,13.45,1.43,9.93,5.96,1000.0,2.25,1000.0
DSP Nifty 50 Equal Weight Index Fund-Reg(G), Index Funds - Nifty, Open ended, NIFTY50 Equal Weight - TRI,16.24,4.46,18.21,10.08,1000.0,0.88,1000.0
DSP Nifty 50 Equal Weight Index Fund-Reg(IDCW), Index Funds - Nifty, Open ended, NIFTY50 Equal Weight - TRI,16.24,4.46,18.21,10.08,1000.0,0.88,1000.0
IDBI Focused 30 Equity Fund-Reg(IDCW), Equity - Focused Fund, Open ended, NIFTY 500 - TRI,15.72,3.56,14.63,9.27,5000.0,2.53,1000.0
HDFC Housing Opp Fund-Reg(G), Equity - Thematic Fund - Other, Open ended, Nifty Housing - TRI,13.41,5.94,13.0,5.88,1000.0,2.28,1000.0
Baroda BNP Paribas Balanced Advantage Fund-Reg(G), Hybrid - Balanced Advantage, Open ended, NIFTY 50 Hybrid Composite Debt 50:50 Index,17.05,5.87,14.02,7.160055147058823,5000.0,1.92,1000.0
SBI LT Advantage Fund-V-Reg(G), Equity - ELSS, Close ended, S&P BSE 500,16.57,1.78,14.08,7.160055147058823,1000.0,1.3712016129032258,1030.463038180341
Edelweiss Recently Listed IPO Fund-Reg(G), Equity - Thematic Fund - Other, Open ended, India Recent 100 IPO Index,16.33,-12.59,14.31,7.160055147058823,5000.0,2.28,1000.0
Union Balanced Advantage Fund-Reg(G), Hybrid - Balanced Advantage, Open ended, NIFTY 50 Hybrid Composite Debt 50:50 Index,15.41,3.42,10.84,9.18,1000.0,2.06,1000.0
Union Balanced Advantage Fund-Reg(IDCW), Hybrid - Balanced Advantage, Open ended, NIFTY 50 Hybrid Composite Debt 50:50 Index,15.41,3.42,10.84,9.18,1000.0,2.06,1000.0
Mahindra Manulife Mid Cap Unnati Yojana-Reg(G), Equity - Mid Cap Fund, Open ended, Nifty Midcap 150 - TRI,17.58,2.58,18.31,12.48,1000.0,2.35,1000.0
Mahindra Manulife Mid Cap Unnati Yojana-Reg(IDCW), Equity - Mid Cap Fund, Open ended, Nifty Midcap 150 - TRI,16.01,2.54,18.31,12.48,1000.0,2.35,1000.0
ICICI Pru LT Wealth Enhancement Fund(IDCW), Equity - ELSS, Close ended, NIFTY 500 - TRI,17.55,9.41,13.99,7.160055147058823,1000.0,1.3712016129032258,1030.463038180341
SBI LT Advantage Fund-V-Reg(IDCW), Equity - ELSS, Close ended, S&P BSE 500,16.56,1.78,14.07,7.160055147058823,1000.0,1.3712016129032258,1030.463038180341
DSP Arbitrage Fund-Reg(M-IDCW), Hybrid - Arbitrage Fund, Open ended, Nifty 50 Arbitrage,10.83,4.54,3.68,4.49,1000.0,0.99,1000.0
Kotak India Growth Fund-Sr 4(IDCW), Equity - Multi Cap Fund, Close ended, NIFTY 200,19.97,4.61,27.46,14.79,5000.0,1.3712016129032258,1030.463038180341
Edelweiss Recently Listed IPO Fund-Reg(IDCW), Equity - Thematic Fund - Other, Open ended, India Recent 100 IPO Index,16.33,-12.59,14.31,7.160055147058823,5000.0,2.28,1000.0
Mahindra Manulife Rural Bharat and Consumption Yojana-Reg(G), Equity - Sectoral Fund - Consumption, Open ended, Nifty India Consumption - TRI,14.58,6.75,10.53,7.160055147058823,1000.0,2.53,1000.0
Tata Arbitrage Fund-Reg(G), Hybrid - Arbitrage Fund, Open ended, Nifty 50 Arbitrage,12.17,4.44,4.27,7.160055147058823,5000.0,1.06,1000.0
Mirae Asset Short Term Fund-Reg(G), Debt - Short Duration Fund, Open ended, NIFTY 500 - TRI,13.25,4.55,3.32,4.55,5000.0,1.15,1000.0
Mirae Asset Short Term Fund-Reg(IDCW), Debt - Short Duration Fund, Open ended, NIFTY 500 - TRI,13.25,4.55,3.32,4.55,5000.0,1.15,1000.0
Mirae Asset Healthcare Fund-Reg(G), Equity - Sectoral Fund - Pharma & Health Care, Open ended, S&P BSE Health Care - TRI,20.81,-6.49,19.96,7.160055147058823,5000.0,2.09,1000.0
PGIM India Money Market Fund-Reg(DD-IDCW), Debt - Money Market Fund, Open ended, CRISIL Money Market Index,1006.08,5.75,4.83,7.160055147058823,5000.0,0.51,1000.0
Tata Flexi Cap Fund-Reg(G), Equity - Flexi Cap Fund, Open ended, NIFTY 500 - TRI,15.39,-1.51,10.18,7.160055147058823,5000.0,1.84,1000.0
Bank of India Arbitrage Fund-Reg(G), Hybrid - Arbitrage Fund, Open ended, Nifty 50 Arbitrage,11.87,3.5,2.84,7.160055147058823,5000.0,1.0,1000.0
Baroda BNP Paribas Ultra Short Duration Fund-Reg(G), Debt - Ultra Short Duration Fund, Open ended, CRISIL Ultra Short Term Debt Index,1300.19,6.25,5.19,4.53,5000.0,0.34,1000.0
Navi Equity Hybrid Fund-Reg(G), Hybrid - Aggressive Hybrid Fund, Open ended, CRISIL Hybrid 35+65 - Aggressive Index,14.64,2.78,9.01,7.160055147058823,1000.0,2.33,1000.0
Navi Equity Hybrid Fund-Reg(IDCW), Hybrid - Aggressive Hybrid Fund, Open ended, CRISIL Hybrid 35+65 - Aggressive Index,14.64,2.78,9.01,7.160055147058823,1000.0,2.33,1000.0
Navi Equity Hybrid Fund-Reg(M-IDCW), Hybrid - Aggressive Hybrid Fund, Open ended, CRISIL Hybrid 35+65 - Aggressive Index,14.64,2.78,9.01,7.160055147058823,1000.0,2.33,1000.0
Navi Equity Hybrid Fund-Reg(Q-IDCW), Hybrid - Aggressive Hybrid Fund, Open ended, CRISIL Hybrid 35+65 - Aggressive Index,14.64,2.78,9.01,7.160055147058823,1000.0,2.33,1000.0
Navi Equity Hybrid Fund-Reg(H-IDCW), Hybrid - Aggressive Hybrid Fund, Open ended, CRISIL Hybrid 35+65 - Aggressive Index,14.64,2.78,9.01,7.160055147058823,1000.0,2.33,1000.0
Navi Equity Hybrid Fund-Reg(A-IDCW), Hybrid - Aggressive Hybrid Fund, Open ended, CRISIL Hybrid 35+65 - Aggressive Index,14.63,2.78,9.0,7.160055147058823,1000.0,2.33,1000.0
SBI LT Advantage Fund-VI-Reg(G), Equity - ELSS, Close ended, S&P BSE 500,18.46,5.99,16.43,7.160055147058823,1000.0,1.3712016129032258,1030.463038180341
UTI Corporate Bond Fund-Reg(G), Debt - Corporate Bond Fund, Open ended, CRISIL Corporate Bond Composite Index,13.66,4.88,3.61,5.31,1000.0,0.57,1000.0
Navi Flexi Cap Fund-Reg(G), Equity - Flexi Cap Fund, Open ended, NIFTY 500 - TRI,16.24,3.41,12.37,7.160055147058823,1000.0,2.34,1000.0
Tata Balanced Adv Fund-Reg(G), Hybrid - Balanced Advantage, Open ended, CRISIL Hybrid 50+50 - Moderate Index,15.36,5.5,12.1,7.160055147058823,5000.0,1.63,1000.0
Sundaram Money Market Fund-Reg(G), Debt - Money Market Fund, Open ended, Nifty Money Market Index,12.63,5.84,5.01,4.39,1000.0,0.31,1000.0
UTI Floater Fund-Reg(G), Debt - Floater Fund, Open ended, CRISIL Low Duration Debt Index,1267.83,5.4,4.15,4.68,1000.0,0.85,1000.0
Franklin India Equity Savings Fund(G), Hybrid - Equity Savings, Open ended, NIFTY 50 Equity Savings Index,13.18,3.11,7.98,7.160055147058823,5000.0,2.14,1000.0
IDBI Banking & Financial Services Fund-Reg(G), Equity - Sectoral Fund - Banks & Financial Services, Open ended, Nifty Financial Services - TRI,13.84,4.75,7.14,7.160055147058823,5000.0,2.51,1000.0
IDBI Banking & Financial Services Fund-Reg(IDCW), Equity - Sectoral Fund - Banks & Financial Services, Open ended, Nifty Financial Services - TRI,13.84,4.75,7.14,7.160055147058823,5000.0,2.51,1000.0
Baroda BNP Paribas Ultra Short Duration Fund-Reg(DD-IDCW), Debt - Ultra Short Duration Fund, Open ended, CRISIL Ultra Short Term Debt Index,1006.26,6.24,5.19,4.46,5000.0,0.34,1000.0
Baroda BNP Paribas Ultra Short Duration Fund-Reg(W-IDCW), Debt - Ultra Short Duration Fund, Open ended, CRISIL Ultra Short Term Debt Index,1000.34,5.1,8.868668958742633,2.09,5000.0,0.34,1000.0
Invesco India Equity & Bond Fund-Reg(G), Hybrid - Aggressive Hybrid Fund, Open ended, CRISIL Hybrid 35+65 - Aggressive Index,14.39,0.39,8.16,7.160055147058823,1000.0,2.42,1000.0
Invesco India Equity & Bond Fund-Reg(IDCW), Hybrid - Aggressive Hybrid Fund, Open ended, CRISIL Hybrid 35+65 - Aggressive Index,14.39,0.39,8.16,7.160055147058823,1000.0,2.42,1000.0
Mirae Asset Healthcare Fund-Reg(IDCW), Equity - Sectoral Fund - Pharma & Health Care, Open ended, S&P BSE Health Care - TRI,15.71,-6.48,19.96,7.160055147058823,5000.0,2.09,1000.0
Bank of India Arbitrage Fund-Reg(M-IDCW), Hybrid - Arbitrage Fund, Open ended, Nifty 50 Arbitrage,10.75,3.5,2.79,7.160055147058823,5000.0,1.0,1000.0
Bank of India Arbitrage Fund-Reg(Q-IDCW), Hybrid - Arbitrage Fund, Open ended, Nifty 50 Arbitrage,11.35,3.5,2.77,7.160055147058823,5000.0,1.0,1000.0
Bank of India Arbitrage Fund-Reg(A-IDCW), Hybrid - Arbitrage Fund, Open ended, Nifty 50 Arbitrage,10.96,3.53,2.97,7.160055147058823,5000.0,1.0,1000.0
LIC MF Arbitrage Fund-Reg(G), Hybrid - Arbitrage Fund, Open ended, Nifty 50 Arbitrage,11.8,4.31,3.67,7.160055147058823,5000.0,0.97,1000.0
HDFC Ultra Short Term Fund-Reg(G), Debt - Ultra Short Duration Fund, Open ended, CRISIL Ultra Short Term Debt Index,12.81,5.74,4.82,4.8,1000.0,0.69,1000.0
IDBI Long Term Value Fund-Reg(G), Equity - Value Fund, Open ended, NIFTY 500 - TRI,16.27,2.53,14.61,7.160055147058823,5000.0,2.54,1000.0
Bank of India Midcap Tax Fund-Sr 2-Reg(G), Equity - ELSS, Close ended, S&P BSE 500 - TRI,19.39,-3.03,15.35,7.160055147058823,1000.0,1.3712016129032258,1030.463038180341
Axis Capital Builder Fund-4-Reg(G), Equity - Multi Cap Fund, Close ended, NIFTY 500,17.0,-0.41,12.15,7.160055147058823,5000.0,1.3712016129032258,1030.463038180341
Navi Flexi Cap Fund-Reg(IDCW), Equity - Flexi Cap Fund, Open ended, NIFTY 500 - TRI,16.25,3.41,12.37,7.160055147058823,1000.0,2.34,1000.0
Navi Flexi Cap Fund-Reg(M-IDCW), Equity - Flexi Cap Fund, Open ended, NIFTY 500 - TRI,16.24,3.41,12.37,7.160055147058823,1000.0,2.34,1000.0
Navi Flexi Cap Fund-Reg(Q-IDCW), Equity - Flexi Cap Fund, Open ended, NIFTY 500 - TRI,16.25,3.41,12.37,7.160055147058823,1000.0,2.34,1000.0
Navi Flexi Cap Fund-Reg(H-IDCW), Equity - Flexi Cap Fund, Open ended, NIFTY 500 - TRI,16.25,3.41,12.37,7.160055147058823,1000.0,2.34,1000.0
Navi Flexi Cap Fund-Reg(A-IDCW), Equity - Flexi Cap Fund, Open ended, NIFTY 500 - TRI,16.25,3.41,12.37,7.160055147058823,1000.0,2.34,1000.0
ICICI Pru Pharma Healthcare & Diagnostics (P.H.D) Fund-(IDCW), Equity - Sectoral Fund - Pharma & Health Care, Open ended, S&P BSE Health Care - TRI,14.3,-2.78,18.96,7.160055147058823,5000.0,2.11,1000.0
ICICI Pru Bharat 22 FOF-(G), FoFs (Domestic) - Equity Oriented, Open ended, S&P BSE Bharat 22 Index,17.22,21.68,21.31,7.160055147058823,5000.0,0.09,1000.0
Invesco India Smallcap Fund-Reg(G), Equity - Small cap Fund, Open ended, S&P BSE 250 Small Cap - TRI,21.52,4.75,21.6,7.160055147058823,1000.0,2.22,1000.0
SBI Corp Bond Fund-Reg(G), Debt - Corporate Bond Fund, Open ended, NIFTY Corporate Bond Index,12.95,4.97,3.34,5.03,5000.0,0.79,1000.0
Bank of India Midcap Tax Fund-Sr 2-Reg(IDCW), Equity - ELSS, Close ended, S&P BSE 500 - TRI,19.4,-2.98,15.37,7.160055147058823,1000.0,1.3712016129032258,1030.463038180341
Edelweiss Small Cap Fund-Reg(G), Equity - Small cap Fund, Open ended, Nifty Smallcap 250 - TRI,25.3,6.26,26.73,7.160055147058823,5000.0,2.21,1000.0
Axis Equity Hybrid Fund-Reg(G), Hybrid - Aggressive Hybrid Fund, Open ended, CRISIL Hybrid 35+65 - Aggressive Index,14.97,-2.67,8.92,7.160055147058823,1000.0,2.16,1000.0
Axis Equity Hybrid Fund-Reg(IDCW), Hybrid - Aggressive Hybrid Fund, Open ended, CRISIL Hybrid 35+65 - Aggressive Index,12.55,-2.66,8.91,7.160055147058823,1000.0,2.16,1000.0
Axis Equity Hybrid Fund-Reg(M-IDCW), Hybrid - Aggressive Hybrid Fund, Open ended, CRISIL Hybrid 35+65 - Aggressive Index,12.29,-2.68,8.86,7.160055147058823,1000.0,2.16,1000.0
Axis Equity Hybrid Fund-Reg(Q-IDCW), Hybrid - Aggressive Hybrid Fund, Open ended, CRISIL Hybrid 35+65 - Aggressive Index,12.65,-2.7,8.91,7.160055147058823,1000.0,2.16,1000.0
Union Equity Savings Fund-Reg(G), Hybrid - Equity Savings, Open ended, Crisil Equity Savings Index,13.54,2.42,6.96,7.160055147058823,1000.0,1.94,1000.0
Union Equity Savings Fund-Reg(IDCW), Hybrid - Equity Savings, Open ended, Crisil Equity Savings Index,13.54,2.42,6.96,7.160055147058823,1000.0,1.94,1000.0
UTI Corporate Bond Fund-Reg(Q-IDCW), Debt - Corporate Bond Fund, Open ended, CRISIL Corporate Bond Composite Index,11.88,4.88,3.61,5.26,20000.0,0.57,1000.0
UTI Corporate Bond Fund-Reg(H-IDCW), Debt - Corporate Bond Fund, Open ended, CRISIL Corporate Bond Composite Index,11.55,4.88,3.61,4.96,20000.0,0.57,1000.0
UTI Corporate Bond Fund-Reg(A-IDCW), Debt - Corporate Bond Fund, Open ended, CRISIL Corporate Bond Composite Index,12.03,4.88,3.61,4.97,20000.0,0.57,1000.0
UTI Corporate Bond Fund-Reg(F-IDCW), Debt - Corporate Bond Fund, Open ended, CRISIL Corporate Bond Composite Index,12.03,4.88,3.61,4.97,20000.0,0.57,1000.0
Nippon India Nifty Next 50 Junior BeES FoF-Reg(G), FoFs (Domestic) - Equity Oriented, Open ended, NIFTY NEXT 50,14.23,-6.17,10.41,7.160055147058823,1000.0,0.28,1000.0
Mahindra Manulife Dynamic Bond Yojana-Reg(G), Debt - Dynamic Bond, Open ended, NIFTY 500 - TRI,12.01,3.83,1.63,2.63,1000.0,1.61,1000.0
Mahindra Manulife Dynamic Bond Yojana-Reg(IDCW), Debt - Dynamic Bond, Open ended, CRISIL Dynamic Debt Index,11.36,3.83,1.63,2.11,1000.0,1.61,1000.0
Mahindra Manulife Dynamic Bond Yojana-Reg(Q-IDCW), Debt - Dynamic Bond, Open ended, NIFTY 500 - TRI,10.22,3.83,1.62,2.36,1000.0,1.61,1000.0
IDBI Long Term Value Fund-Reg(IDCW), Equity - Value Fund, Open ended, NIFTY 500 - TRI,16.27,2.53,14.61,7.160055147058823,5000.0,2.54,1000.0
Aditya Birla SL Asset Allocator FoF(IDCW), FoFs (Domestic) - Debt Oriented, Open ended, CRISIL Hybrid 50+50 - Moderate Index,40.34,2.12,12.36,9.23,1000.0,1.64,1000.0
Franklin India Equity Savings Fund(IDCW), Hybrid - Equity Savings, Open ended, NIFTY 50 Equity Savings Index,11.83,3.11,7.98,7.160055147058823,5000.0,2.14,1000.0
Franklin India Equity Savings Fund(M-IDCW), Hybrid - Equity Savings, Open ended, NIFTY 50 Equity Savings Index,11.58,2.71,7.84,7.160055147058823,5000.0,2.14,1000.0
Franklin India Equity Savings Fund(Q-IDCW), Hybrid - Equity Savings, Open ended, NIFTY 50 Equity Savings Index,11.33,3.11,7.98,7.160055147058823,5000.0,2.14,1000.0
Tata Flexi Cap Fund-Reg(IDCW), Equity - Flexi Cap Fund, Open ended, NIFTY 500 - TRI,15.39,-1.51,10.18,7.160055147058823,5000.0,1.84,1000.0
UTI Equity Savings Fund-Reg(IDCW), Hybrid - Equity Savings, Open ended, Crisil Equity Savings Index,14.01,6.04,10.35,7.160055147058823,5000.0,1.51,1000.0
UTI Equity Savings Fund-Reg(M-IDCW), Hybrid - Equity Savings, Open ended, Crisil Equity Savings Index,14.01,6.04,10.35,7.160055147058823,5000.0,1.51,1000.0
UTI Equity Savings Fund-Reg(Q-IDCW), Hybrid - Equity Savings, Open ended, Crisil Equity Savings Index,14.01,6.04,10.35,7.160055147058823,5000.0,1.51,1000.0
DSP Corp Bond Fund-Reg(IDCW), Debt - Corporate Bond Fund, Open ended, CRISIL Corporate Bond Index,11.26,4.13,1.96,3.81,1000.0,0.5,1000.0
UTI Gilt Fund with 10 year Constant Duration-Reg(G), Debt - Gilt Fund with 10 year constant duration, Open ended, NIFTY 500 - TRI,10.35,5.88,8.868668958742633,7.160055147058823,5000.0,0.69,1000.0
Motilal Oswal Equity Hybrid Fund-Reg(G), Hybrid - Aggressive Hybrid Fund, Open ended, CRISIL Hybrid 35+65 - Aggressive Index,15.45,5.58,8.9,7.160055147058823,5000.0,2.42,1000.0
Axis Ultra Short Term Fund-Reg(IDCW), Debt - Ultra Short Duration Fund, Open ended, NIFTY Ultra Short Duration Debt Index,12.56,5.38,4.47,4.16,5000.0,1.19,1000.0
Axis Ultra Short Term Fund-Reg(DD-IDCW), Debt - Ultra Short Duration Fund, Open ended, NIFTY Ultra Short Duration Debt Index,10.07,5.38,4.47,4.09,5000.0,1.19,1000.0
Axis Ultra Short Term Fund-Reg(W-IDCW), Debt - Ultra Short Duration Fund, Open ended, NIFTY Ultra Short Duration Debt Index,10.07,5.38,4.47,4.09,5000.0,1.19,1000.0
Axis Ultra Short Term Fund-Reg(M-IDCW), Debt - Ultra Short Duration Fund, Open ended, NIFTY Ultra Short Duration Debt Index,10.06,5.38,4.47,4.11,5000.0,1.19,1000.0
Sundaram Services Fund-Reg(IDCW), Equity - Sectoral Fund - Service Industry, Open ended, Nifty Services Sector - TRI,16.91,4.61,16.06,7.160055147058823,1000.0,2.17,1000.0
Sundaram Money Market Fund-Reg(DD-IDCW), Debt - Money Market Fund, Open ended, Nifty Money Market Index,10.06,5.85,5.02,4.32,1000.0,0.31,1000.0
Sundaram Money Market Fund-Reg(W-IDCW), Debt - Money Market Fund, Open ended, Nifty Money Market Index,10.49,5.88,5.08,4.35,1000.0,0.31,1000.0
Sundaram Money Market Fund-Reg(M-IDCW), Debt - Money Market Fund, Open ended, Nifty Money Market Index,11.19,5.9,5.05,4.4,1000.0,0.31,1000.0
Sundaram Money Market Fund-Reg(Q-IDCW), Debt - Money Market Fund, Open ended, Nifty Money Market Index,11.43,5.84,5.01,4.34,1000.0,0.31,1000.0
Bank of India Small Cap Fund-Reg(G), Equity - Small cap Fund, Open ended, Nifty Smallcap 250 - TRI,26.1,1.01,29.3,7.160055147058823,5000.0,2.67,1000.0
ICICI Pru Manufacturing Fund(IDCW), Equity - Thematic Fund - Other, Open ended, S&P BSE India Manufacturing Index - TRI,15.5,8.01,21.57,7.160055147058823,5000.0,2.56,1000.0
IDBI Healthcare Fund-Reg(G), Equity - Sectoral Fund - Pharma & Health Care, Open ended, S&P BSE Health Care - TRI,16.31,-8.89,12.38,7.160055147058823,5000.0,2.48,1000.0
IDBI Dividend Yield Fund-Reg(G), Equity - Dividend Yield Fund, Open ended, NIFTY 500 - TRI,17.28,0.94,14.77,7.160055147058823,5000.0,2.54,1000.0
HDFC Ultra Short Term Fund-Reg(DD-IDCW), Debt - Ultra Short Duration Fund, Open ended, CRISIL Ultra Short Term Debt Index,10.1,5.72,4.8,4.73,1000.0,0.69,1000.0
HDFC Ultra Short Term Fund-Reg(W-IDCW), Debt - Ultra Short Duration Fund, Open ended, CRISIL Ultra Short Term Debt Index,10.05,5.74,4.66,4.68,1000.0,0.69,1000.0
HDFC Ultra Short Term Fund-Reg(M-IDCW), Debt - Ultra Short Duration Fund, Open ended, CRISIL Ultra Short Term Debt Index,10.18,5.74,4.82,4.75,1000.0,0.69,1000.0
Axis Growth Opp Fund-Reg(IDCW), Equity - Large & Mid Cap Fund, Open ended, NIFTY LargeMidcap 250 - TRI,16.23,-2.99,15.64,7.160055147058823,1000.0,1.87,1000.0
Aditya Birla SL Bal Bhavishya Yojna-Reg(G), Solution Oriented - Children's Fund, Open ended, NIFTY 500 - TRI,13.42,0.75,6.54,7.160055147058823,1000.0,2.42,1000.0
Invesco India Smallcap Fund-Reg(IDCW), Equity - Small cap Fund, Open ended, S&P BSE 250 Small Cap - TRI,21.53,4.7,21.6,7.160055147058823,1000.0,2.22,1000.0
Mahindra Manulife Rural Bharat and Consumption Yojana-Reg(IDCW), Equity - Sectoral Fund - Consumption, Open ended, Nifty India Consumption - TRI,13.52,6.83,10.56,7.160055147058823,1000.0,2.53,1000.0
Tata Small Cap Fund-Reg(IDCW), Equity - Small cap Fund, Open ended, Nifty Smallcap 250 - TRI,23.24,11.12,27.52,7.160055147058823,5000.0,2.15,1000.0
Invesco India Equity Savings Fund-Reg(G), Hybrid - Equity Savings, Open ended, NIFTY 50 Equity Savings Index,12.48,-0.7,4.72,7.160055147058823,1000.0,2.32,1000.0
Aditya Birla SL Overnight Fund-Reg(G), Debt - Overnight Fund, Open ended, CRISIL Overnight Index,1197.1,4.95,3.71,7.160055147058823,5000.0,1.3712016129032258,1030.463038180341
UTI Floater Fund-Reg(Q-IDCW), Debt - Floater Fund, Open ended, CRISIL Low Duration Debt Index,1128.27,5.4,4.15,4.59,20000.0,0.85,1000.0
UTI Floater Fund-Reg(H-IDCW), Debt - Floater Fund, Open ended, CRISIL Low Duration Debt Index,1119.69,5.4,4.15,4.33,20000.0,0.85,1000.0
UTI Floater Fund-Reg(A-IDCW), Debt - Floater Fund, Open ended, CRISIL Low Duration Debt Index,1204.05,5.4,4.15,4.68,20000.0,0.85,1000.0
UTI Floater Fund-Reg(F-IDCW), Debt - Floater Fund, Open ended, CRISIL Low Duration Debt Index,1159.02,5.4,4.15,4.42,20000.0,0.85,1000.0
DSP NIFTY Next 50 Index Fund-Reg(G), Index Funds - Nifty Next 50, Open ended, NIFTY NEXT 50 - TRI,14.91,-6.16,10.37,7.160055147058823,1000.0,0.61,1000.0
DSP NIFTY 50 Index Fund-Reg(G), Index Funds - Nifty, Open ended, NIFTY 50 - TRI,17.07,4.68,14.73,7.160055147058823,1000.0,0.39,1000.0
ICICI Pru Overnight Fund(G), Debt - Overnight Fund, Open ended, CRISIL Overnight Index,1194.37,4.96,3.7,7.160055147058823,1000.0,0.19,1000.0
Baroda BNP Paribas Balanced Advantage Fund-Reg(IDCW), Hybrid - Balanced Advantage, Open ended, NIFTY 50 Hybrid Composite Debt 50:50 Index,14.79,5.83,14.02,7.160055147058823,5000.0,1.92,1000.0
Aditya Birla SL Overnight Fund-Reg(DD-IDCW), Debt - Overnight Fund, Open ended, CRISIL Overnight Index,1000.02,4.95,3.66,7.160055147058823,5000.0,1.3712016129032258,1030.463038180341
Aditya Birla SL Overnight Fund-Reg(W-IDCW), Debt - Overnight Fund, Open ended, CRISIL Overnight Index,1001.05,4.85,3.63,7.160055147058823,5000.0,1.3712016129032258,1030.463038180341
Aditya Birla SL Overnight Fund-Reg(M-IDCW), Debt - Overnight Fund, Open ended, CRISIL Overnight Index,1003.39,4.95,3.64,7.160055147058823,5000.0,1.3712016129032258,1030.463038180341
DSP Healthcare Fund-Reg(IDCW), Equity - Sectoral Fund - Pharma & Health Care, Open ended, S&P BSE Health Care - TRI,17.7,-0.23,20.43,7.160055147058823,1000.0,2.24,1000.0
Union Value Discovery Fund-Reg(G), Equity - Value Fund, Open ended, NIFTY500 Value 50 - TRI,17.43,4.74,17.65,7.160055147058823,1000.0,2.63,1000.0
Union Value Discovery Fund-Reg(IDCW), Equity - Value Fund, Open ended, NIFTY500 Value 50 - TRI,17.43,4.74,17.65,7.160055147058823,1000.0,2.63,1000.0
Shriram Long Term Equity Fund-Reg(G), Equity - ELSS, Open ended, NIFTY 500 - TRI,15.47,1.05,10.48,7.160055147058823,1000.0,2.55,1000.0
Tata Ultra Short Term Fund-Reg(G), Debt - Ultra Short Duration Fund, Open ended, CRISIL Ultra Short Term Debt Index,12.1,5.32,4.37,4.04,5000.0,1.15,1000.0
ICICI Pru Overnight Fund(DD-IDCW), Debt - Overnight Fund, Open ended, CRISIL Overnight Index,1000.0,4.96,3.65,7.160055147058823,1000.0,0.19,1000.0
ICICI Pru Overnight Fund(W-IDCW), Debt - Overnight Fund, Open ended, CRISIL Overnight Index,1000.5,4.96,3.65,7.160055147058823,1000.0,0.19,1000.0
Indiabulls Dynamic Bond Fund-Reg(DD-IDCW), Debt - Dynamic Bond, Open ended, CRISIL Dynamic Debt Index,1008.71,5.48,3.23,4.23,1000.0,0.76,1000.0
Indiabulls Dynamic Bond Fund-Reg(W-IDCW), Debt - Dynamic Bond, Open ended, CRISIL Dynamic Debt Index,1007.82,5.48,3.24,4.15,1000.0,0.76,1000.0
Indiabulls Dynamic Bond Fund-Reg(FN-IDCW), Debt - Dynamic Bond, Open ended, CRISIL Dynamic Debt Index,1009.66,5.5,3.25,4.16,1000.0,0.76,1000.0
Indiabulls Dynamic Bond Fund-Reg(M-IDCW), Debt - Dynamic Bond, Open ended, CRISIL Dynamic Debt Index,1009.23,5.49,3.25,4.22,1000.0,0.76,1000.0
Indiabulls Equity Hybrid Fund-Reg(G), Hybrid - Aggressive Hybrid Fund, Open ended, CRISIL Hybrid 35+65 - Aggressive Index,15.12,3.79,10.53,7.160055147058823,1000.0,2.35,1000.0
Indiabulls Equity Hybrid Fund-Reg(IDCW), Hybrid - Aggressive Hybrid Fund, Open ended, CRISIL Hybrid 35+65 - Aggressive Index,15.12,3.81,10.53,7.160055147058823,1000.0,2.35,1000.0
Indiabulls Equity Hybrid Fund-Reg(M-IDCW), Hybrid - Aggressive Hybrid Fund, Open ended, CRISIL Hybrid 35+65 - Aggressive Index,15.12,3.8,10.54,7.160055147058823,1000.0,2.35,1000.0
Indiabulls Equity Hybrid Fund-Reg(Q-IDCW), Hybrid - Aggressive Hybrid Fund, Open ended, CRISIL Hybrid 35+65 - Aggressive Index,16.03,3.8,12.7,7.160055147058823,1000.0,2.35,1000.0
Indiabulls Equity Hybrid Fund-Reg(H-IDCW), Hybrid - Aggressive Hybrid Fund, Open ended, CRISIL Hybrid 35+65 - Aggressive Index,15.08,3.8,10.54,7.160055147058823,1000.0,2.35,1000.0
Bank of India Small Cap Fund-Reg(IDCW), Equity - Small cap Fund, Open ended, Nifty Smallcap 250 - TRI,19.03,0.96,29.27,7.160055147058823,5000.0,2.67,1000.0
Nippon India Overnight Fund-Reg(G), Debt - Overnight Fund, Open ended, CRISIL Overnight Index,118.96,4.98,3.74,7.160055147058823,1000.0,0.17,1000.0
IDFC Overnight Fund-Reg(G), Debt - Overnight Fund, Open ended, Nifty 1D Rate Index,1181.15,4.96,3.69,7.160055147058823,1000.0,0.16,1000.0
Axis Capital Builder Fund-4-Reg(IDCW), Equity - Multi Cap Fund, Close ended, NIFTY 500,17.0,-0.41,12.15,7.160055147058823,5000.0,1.3712016129032258,1030.463038180341
Kotak Overnight Fund-Reg(G), Debt - Overnight Fund, Open ended, Nifty 1D Rate Index,1182.38,4.95,3.7,7.160055147058823,5000.0,1.3712016129032258,1030.463038180341
DSP Overnight Fund-Reg(G), Debt - Overnight Fund, Open ended, CRISIL Overnight Index,1187.45,4.99,3.79,7.160055147058823,1000.0,0.15,1000.0
ICICI Pru Bharat Consumption Fund(G), Equity - Sectoral Fund - Consumption, Open ended, Nifty India Consumption - TRI,15.87,9.61,12.78,7.160055147058823,5000.0,2.19,1000.0
IDFC Floating Rate Fund-Reg(G), Debt - Floater Fund, Open ended, NIFTY Low Duration Debt Index,10.77,4.93,3.94,7.160055147058823,1000.0,0.83,1000.0
ICICI Pru MNC Fund(G), Equity - Thematic Fund - MNC, Open ended, NIFTY MNC - TRI,19.02,1.33,20.98,7.160055147058823,5000.0,2.27,1000.0
Shriram Long Term Equity Fund-Reg(IDCW), Equity - ELSS, Open ended, NIFTY 500 - TRI,15.46,1.05,10.46,7.160055147058823,1000.0,2.55,1000.0
ICICI Pru Commodities Fund(G), Equity - Thematic Fund - Other, Open ended, NIFTY COMMODITIES - TRI,26.8,8.54,37.61,7.160055147058823,5000.0,2.67,1000.0
Sundaram Overnight Fund-Reg(G), Debt - Overnight Fund, Open ended, Nifty 1D Rate Index,1177.64,4.95,3.7,7.160055147058823,5000.0,0.18,1000.0
IDBI Dividend Yield Fund-Reg(IDCW), Equity - Dividend Yield Fund, Open ended, NIFTY 500 - TRI,17.28,0.94,14.77,7.160055147058823,5000.0,2.54,1000.0
Tata Arbitrage Fund-Reg(M-IDCW), Hybrid - Arbitrage Fund, Open ended, Nifty 50 Arbitrage,11.64,4.42,4.19,7.160055147058823,5000.0,1.06,1000.0
Indiabulls Overnight Fund-Reg(G), Debt - Overnight Fund, Open ended, CRISIL Overnight Index,1147.06,4.81,3.62,7.160055147058823,1000.0,0.23,1000.0
Axis Overnight Fund-Reg(G), Debt - Overnight Fund, Open ended, Nifty 1D Rate Index,1173.81,5.03,3.79,7.160055147058823,1000.0,1.3712016129032258,1030.463038180341
Nippon India Overnight Fund-Reg(DD-IDCW), Debt - Overnight Fund, Open ended, CRISIL Overnight Index,100.0,4.98,3.69,7.160055147058823,1000.0,0.17,1000.0
Nippon India Overnight Fund-Reg(W-IDCW), Debt - Overnight Fund, Open ended, CRISIL Overnight Index,100.11,4.98,3.7,7.160055147058823,1000.0,0.17,1000.0
Nippon India Overnight Fund-Reg(M-IDCW), Debt - Overnight Fund, Open ended, CRISIL Overnight Index,100.49,4.99,3.68,7.160055147058823,1000.0,0.17,1000.0
Nippon India Overnight Fund-Reg(Q-IDCW), Debt - Overnight Fund, Open ended, CRISIL Overnight Index,101.26,4.98,3.63,7.160055147058823,1000.0,0.17,1000.0
ICICI Pru India Opp Fund(G), Equity - Thematic Fund - Other, Open ended, NIFTY 500 - TRI,20.05,12.02,24.32,7.160055147058823,5000.0,2.02,1000.0
ICICI Pru India Opp Fund(IDCW), Equity - Thematic Fund - Other, Open ended, NIFTY 500 - TRI,17.33,12.13,22.26,7.160055147058823,5000.0,2.02,1000.0
WOC Liquid Fund-Reg(G), Debt - Liquid Fund, Open ended, NIFTY 500 - TRI,1194.33,4.86,3.7,7.160055147058823,1000.0,0.36,1000.0
WOC Liquid Fund-Reg(DD-IDCW), Debt - Liquid Fund, Open ended, NIFTY 500 - TRI,1000.95,4.84,3.68,7.160055147058823,2000.0,0.36,2000.0
WOC Liquid Fund-Reg(W-IDCW), Debt - Liquid Fund, Open ended, NIFTY 500 - TRI,1001.63,4.86,3.64,7.160055147058823,2000.0,0.36,2000.0
WOC Liquid Fund-Reg(M-IDCW), Debt - Liquid Fund, Open ended, NIFTY 500 - TRI,1001.4,4.87,3.62,7.160055147058823,2000.0,0.36,2000.0
WOC Liquid Fund-Reg(FN-IDCW), Debt - Liquid Fund, Open ended, NIFTY 500 - TRI,1003.07,4.87,3.6,7.160055147058823,2000.0,0.36,2000.0
WOC Ultra Short Term Fund-Reg(G), Debt - Ultra Short Duration Fund, Open ended, CRISIL Ultra Short Term Debt Index,1165.66,5.26,4.28,3.86,1000.0,0.99,1000.0
Tata Balanced Adv Fund-Reg(IDCW), Hybrid - Balanced Advantage, Open ended, CRISIL Hybrid 50+50 - Moderate Index,15.36,5.5,12.1,7.160055147058823,5000.0,1.63,1000.0
LIC MF Arbitrage Fund-Reg(W-IDCW), Hybrid - Arbitrage Fund, Open ended, Nifty 50 Arbitrage,11.46,4.31,3.67,7.160055147058823,5000.0,0.97,1000.0
LIC MF Arbitrage Fund-Reg(M-IDCW), Hybrid - Arbitrage Fund, Open ended, Nifty 50 Arbitrage,11.53,4.31,3.65,7.160055147058823,5000.0,0.97,1000.0
LIC MF ST Debt Fund-Reg(IDCW), Debt - Short Duration Fund, Open ended, NIFTY 500 - TRI,12.31,3.82,2.28,3.81,5000.0,1.44,1000.0
DSP Overnight Fund-Reg(DD-IDCW), Debt - Overnight Fund, Open ended, CRISIL Overnight Index,1000.0,4.98,3.74,7.160055147058823,1000.0,0.15,1000.0
IDFC Emerging Businesses Fund-Reg(G), Equity - Small cap Fund, Open ended, S&P BSE 250 Small Cap - TRI,20.92,-2.35,8.868668958742633,7.160055147058823,1000.0,2.2,1000.0
Tata Ultra Short Term Fund-Reg(W-IDCW), Debt - Ultra Short Duration Fund, Open ended, CRISIL Ultra Short Term Debt Index,10.38,5.38,4.43,3.94,5000.0,1.15,1000.0
Tata Ultra Short Term Fund-Reg(M-IDCW), Debt - Ultra Short Duration Fund, Open ended, CRISIL Ultra Short Term Debt Index,12.1,5.33,4.38,4.06,5000.0,1.15,1000.0
Canara Rob Small Cap Fund-Reg(G), Equity - Small cap Fund, Open ended, Nifty Smallcap 250 - TRI,24.11,4.01,30.43,7.160055147058823,5000.0,2.04,1000.0
Canara Rob Small Cap Fund-Reg(IDCW), Equity - Small cap Fund, Open ended, Nifty Smallcap 250 - TRI,22.39,4.01,30.41,7.160055147058823,5000.0,2.04,1000.0
Aditya Birla SL Bal Bhavishya Yojna-Reg(IDCW), Solution Oriented - Children's Fund, Open ended, NIFTY 500 - TRI,13.43,0.75,6.56,7.160055147058823,1000.0,2.42,1000.0
Kotak Overnight Fund-Reg(DD-IDCW), Debt - Overnight Fund, Open ended, Nifty 1D Rate Index,1004.76,4.94,3.65,7.160055147058823,5000.0,1.3712016129032258,1030.463038180341
Edelweiss Small Cap Fund-Reg(IDCW), Equity - Small cap Fund, Open ended, Nifty Smallcap 250 - TRI,21.98,6.22,26.72,7.160055147058823,5000.0,2.21,1000.0
Baroda BNP Paribas Money Market Fund-Reg(DD-IDCW), Debt - Money Market Fund, Open ended, CRISIL Money Market Index,1005.98,5.82,4.59,3.59,5000.0,0.39,1000.0
Baroda BNP Paribas Money Market Fund-Reg(W-IDCW), Debt - Money Market Fund, Open ended, CRISIL Money Market Index,1000.42,5.53,4.52,3.72,5000.0,0.39,1000.0
SBI Corp Bond Fund-Reg(M-IDCW), Debt - Corporate Bond Fund, Open ended, NIFTY Corporate Bond Index,12.22,4.97,3.34,4.98,5000.0,0.79,1000.0
SBI Corp Bond Fund-Reg(Q-IDCW), Debt - Corporate Bond Fund, Open ended, NIFTY Corporate Bond Index,12.58,4.98,3.34,5.03,5000.0,0.79,1000.0
IDFC Overnight Fund-Reg(DD-IDCW), Debt - Overnight Fund, Open ended, Nifty 1D Rate Index,1000.0,4.99,3.66,7.160055147058823,1000.0,0.16,1000.0
IDFC Overnight Fund-Reg(W-IDCW), Debt - Overnight Fund, Open ended, Nifty 1D Rate Index,1001.95,4.96,3.65,7.160055147058823,1000.0,0.16,1000.0
IDFC Overnight Fund-Reg(M-IDCW), Debt - Overnight Fund, Open ended, Nifty 1D Rate Index,1002.85,4.95,3.62,7.160055147058823,1000.0,0.16,1000.0
IDFC Overnight Fund-Reg(IDCW), Debt - Overnight Fund, Open ended, Nifty 1D Rate Index,1080.74,4.96,8.868668958742633,7.160055147058823,1000.0,0.16,1000.0
Union Arbitrage Fund-Reg(G), Hybrid - Arbitrage Fund, Open ended, Nifty 50 Arbitrage,11.91,3.95,3.93,7.160055147058823,1000.0,0.99,1000.0
Union Arbitrage Fund-Reg(IDCW), Hybrid - Arbitrage Fund, Open ended, Nifty 50 Arbitrage,11.62,3.95,3.88,7.160055147058823,1000.0,0.99,1000.0
Mahindra Manulife Overnight Fund-Reg(G), Debt - Overnight Fund, Open ended, CRISIL Overnight Index,1147.64,4.97,3.75,7.160055147058823,1000.0,1.3712016129032258,1030.463038180341
Parag Parikh Tax Saver Fund-Reg(G), Equity - ELSS, Open ended, NIFTY 500 - TRI,20.19,7.49,22.19,7.160055147058823,1000.0,2.21,1000.0
Kotak Floating Rate Fund-Reg(G), Debt - Floater Fund, Open ended, Nifty Short Duration Debt Index,1253.99,5.42,3.56,5.88,5000.0,0.62,1000.0
DSP NIFTY 50 Index Fund-Reg(IDCW), Index Funds - Nifty, Open ended, NIFTY 50 - TRI,16.26,4.68,14.73,7.160055147058823,1000.0,0.39,1000.0
DSP NIFTY Next 50 Index Fund-Reg(IDCW), Index Funds - Nifty Next 50, Open ended, NIFTY NEXT 50 - TRI,14.21,-6.16,10.37,7.160055147058823,1000.0,0.61,1000.0
ICICI Pru Retirement Fund-Pure Equity Plan(IDCW), Solution Oriented - Retirement Fund, Open ended, NIFTY 500 - TRI,17.11,-0.52,17.45,7.160055147058823,5000.0,2.59,1000.0
ICICI Pru Retirement Fund-Hybrid Cons Plan(IDCW), Solution Oriented - Retirement Fund, Open ended, NIFTY 50 Hybrid Composite Debt 15:85 Index,12.91,1.37,5.81,7.160055147058823,5000.0,2.13,1000.0
ICICI Pru Retirement Fund-Hybrid Aggressive Plan(IDCW), Solution Oriented - Retirement Fund, Open ended, CRISIL Hybrid 35+65 - Aggressive Index,14.83,-0.47,11.26,7.160055147058823,5000.0,2.49,1000.0
ICICI Pru Retirement Fund-Pure Debt Plan(IDCW), Solution Oriented - Retirement Fund, Open ended, NIFTY Composite Debt Index,12.8,3.12,4.65,7.160055147058823,5000.0,2.16,1000.0
IDBI Healthcare Fund-Reg(IDCW), Equity - Sectoral Fund - Pharma & Health Care, Open ended, S&P BSE Health Care - TRI,16.31,-8.89,12.38,7.160055147058823,5000.0,2.48,1000.0
Invesco India Equity Savings Fund-Reg(IDCW), Hybrid - Equity Savings, Open ended, NIFTY 50 Equity Savings Index,12.48,-0.7,4.72,7.160055147058823,1000.0,2.32,1000.0
HSBC Large & Mid Cap Fund-Reg(G), Equity - Large & Mid Cap Fund, Open ended, NIFTY LargeMidcap 250 - TRI,15.72,-1.14,12.82,7.160055147058823,5000.0,2.11,1000.0
Tata Overnight Fund-Reg(G), Debt - Overnight Fund, Open ended, CRISIL Overnight Index,1168.83,4.94,3.71,7.160055147058823,5000.0,0.2,1000.0
Nippon India Nifty Next 50 Junior BeES FoF-Reg(IDCW), FoFs (Domestic) - Equity Oriented, Open ended, NIFTY NEXT 50,14.23,-6.17,10.41,7.160055147058823,1000.0,0.28,1000.0
Mahindra Manulife Large Cap Pragati Yojana-Reg(IDCW), Equity - Large Cap Fund, Open ended, NIFTY 100 - TRI,14.19,0.84,13.51,7.160055147058823,1000.0,2.67,1000.0
Aditya Birla SL Retirement Fund-30-Reg(IDCW), Solution Oriented - Retirement Fund, Open ended, NIFTY 500 - TRI,13.05,1.51,6.98,7.160055147058823,1000.0,2.48,1000.0
Aditya Birla SL Retirement Fund-40-Reg(G), Solution Oriented - Retirement Fund, Open ended, CRISIL Hybrid 35+65 - Aggressive Index,12.9,0.92,6.54,7.160055147058823,1000.0,2.44,1000.0
Aditya Birla SL Retirement Fund-40-Reg(IDCW), Solution Oriented - Retirement Fund, Open ended, CRISIL Hybrid 35+65 - Aggressive Index,12.9,0.92,6.54,7.160055147058823,1000.0,2.44,1000.0
Aditya Birla SL Retirement Fund-50-Reg(G), Solution Oriented - Retirement Fund, Open ended, CRISIL Short Term Debt Hybrid 75+25 Fund Index,11.68,1.96,2.97,7.160055147058823,1000.0,1.95,1000.0
Aditya Birla SL Retirement Fund-50-Reg(IDCW), Solution Oriented - Retirement Fund, Open ended, CRISIL Short Term Debt Hybrid 75+25 Fund Index,11.68,1.96,2.97,7.160055147058823,1000.0,1.95,1000.0
Aditya Birla SL Retirement Fund-50 Plus-Debt Plan-Reg(G), Solution Oriented - Retirement Fund, Open ended, NIFTY 500 - TRI,11.47,1.08,2.73,7.160055147058823,1000.0,2.09,1000.0
Aditya Birla SL Retirement Fund-50 Plus-Debt Plan-Reg(IDCW), Solution Oriented - Retirement Fund, Open ended, NIFTY 500 - TRI,11.48,1.08,2.73,7.160055147058823,1000.0,2.09,1000.0
Baroda BNP Paribas Equity Savings Fund-Reg(G), Hybrid - Equity Savings, Open ended, NIFTY 50 Equity Savings Index - TRI,12.8,3.77,6.87,7.160055147058823,5000.0,2.52,1000.0
HSBC Overnight Fund-Reg(G), Debt - Overnight Fund, Open ended, Nifty 1D Rate Index,1157.63,4.93,3.72,7.160055147058823,5000.0,0.26,1000.0
Tata Banking & PSU Debt Fund-Reg(G), Debt - Banking and PSU Fund, Open ended, CRISIL Banking and PSU Debt Index,12.04,4.87,3.05,5.07,5000.0,0.72,1000.0
Motilal Oswal Large & Midcap Fund-Reg(G), Equity - Large & Mid Cap Fund, Open ended, NIFTY LargeMidcap 250 - TRI,17.2,4.16,15.39,7.160055147058823,1000.0,2.34,1000.0
ICICI Pru Quant Fund(G), Equity - Thematic Fund - Other, Open ended, S&P BSE 200 - TRI,14.58,3.49,8.868668958742633,7.160055147058823,1000.0,1.23,1000.0
SBI Equity Minimum Variance Fund-Reg(IDCW), Equity - Thematic Fund - Other, Open ended, NIFTY 50 - TRI,16.78,7.97,16.91,7.160055147058823,5000.0,0.73,1000.0
Axis Overnight Fund-Reg(DD-IDCW), Debt - Overnight Fund, Open ended, Nifty 1D Rate Index,1000.5,5.03,3.74,7.160055147058823,5000.0,1.3712016129032258,1030.463038180341
Axis Overnight Fund-Reg(W-IDCW), Debt - Overnight Fund, Open ended, Nifty 1D Rate Index,1001.18,5.03,3.76,7.160055147058823,5000.0,1.3712016129032258,1030.463038180341
Axis Overnight Fund-Reg(M-IDCW), Debt - Overnight Fund, Open ended, Nifty 1D Rate Index,1004.59,5.03,3.72,7.160055147058823,5000.0,1.3712016129032258,1030.463038180341
Mirae Asset Focused Fund-Reg(G), Equity - Focused Fund, Open ended, NIFTY 500 - TRI,18.57,-3.97,16.1,7.160055147058823,5000.0,1.8,1000.0
Edelweiss Overnight Fund-Reg(G), Debt - Overnight Fund, Open ended, Nifty 1D Rate Index,1150.32,4.93,3.79,7.160055147058823,5000.0,0.16,1000.0
HSBC Large & Mid Cap Fund-Reg(IDCW), Equity - Large & Mid Cap Fund, Open ended, NIFTY LargeMidcap 250 - TRI,15.72,-1.14,12.82,7.160055147058823,5000.0,2.11,1000.0
Sundaram Overnight Fund-Reg(DD-IDCW), Debt - Overnight Fund, Open ended, Nifty 1D Rate Index,1000.03,4.87,3.61,7.160055147058823,5000.0,0.18,1000.0
Sundaram Overnight Fund-Reg(W-IDCW), Debt - Overnight Fund, Open ended, Nifty 1D Rate Index,1048.3,4.94,3.66,7.160055147058823,5000.0,0.18,1000.0
Sundaram Overnight Fund-Reg(FN-IDCW), Debt - Overnight Fund, Open ended, Nifty 1D Rate Index,1066.08,4.95,8.868668958742633,7.160055147058823,5000.0,0.18,1000.0
Sundaram Overnight Fund-Reg(M-IDCW), Debt - Overnight Fund, Open ended, Nifty 1D Rate Index,1043.86,4.97,3.64,7.160055147058823,5000.0,0.18,1000.0
Shriram Balanced Advantage Fund-Reg(G), Hybrid - Dynamic Asset Allocation, Open ended, NIFTY 50 Hybrid Composite Debt 50:50 Index,13.42,3.53,8.69,7.160055147058823,5000.0,2.6,1000.0
ICICI Pru Bharat Consumption Fund(IDCW), Equity - Sectoral Fund - Consumption, Open ended, Nifty India Consumption - TRI,13.21,9.65,12.79,7.160055147058823,5000.0,2.19,1000.0
Tata Overnight Fund-Reg(DD-IDCW), Debt - Overnight Fund, Open ended, CRISIL Overnight Index,1000.0,4.93,3.66,7.160055147058823,5000.0,0.2,1000.0
Union Overnight Fund-Reg(G), Debt - Overnight Fund, Open ended, CRISIL Overnight Index,1166.97,4.95,3.7,7.160055147058823,5000.0,0.18,2000.0
Union Overnight Fund-Reg(DD-IDCW), Debt - Overnight Fund, Open ended, CRISIL Overnight Index,1001.02,3.99,3.33,7.160055147058823,5000.0,0.18,1000.0
Union Overnight Fund-Reg(M-IDCW), Debt - Overnight Fund, Open ended, CRISIL Overnight Index,1004.27,4.94,8.868668958742633,7.160055147058823,5000.0,0.18,1000.0
SBI CPO Fund-A-3-Reg(G), Capital Protection, Close ended, CRISIL Hybrid 85+15 - Conservative Index,13.03,3.13,6.44,7.160055147058823,5000.0,1.3712016129032258,1030.463038180341
ICICI Pru Global Advantage Fund(FOF)(G), FoFs (Overseas), Open ended, NIFTY 500 - TRI,13.08,-2.78,4.25,7.160055147058823,1000.0,1.39,1000.0
Mirae Asset Focused Fund-Reg(IDCW), Equity - Focused Fund, Open ended, NIFTY 500 - TRI,18.57,-3.97,16.11,7.160055147058823,5000.0,1.8,1000.0
Mirae Asset Midcap Fund-Reg(G), Equity - Mid Cap Fund, Open ended, Nifty Midcap 150 - TRI,21.05,2.77,21.52,7.160055147058823,5000.0,1.81,1000.0
Canara Rob Overnight Fund-Reg(G), Debt - Overnight Fund, Open ended, CRISIL Overnight Index,1150.68,5.03,3.81,7.160055147058823,5000.0,1.3712016129032258,1030.463038180341
ITI Liquid Fund-Reg(G), Debt - Liquid Fund, Open ended, NIFTY 500 - TRI,1162.68,5.01,3.69,7.160055147058823,5000.0,0.25,1000.0
ITI Liquid Fund-Reg(DD-IDCW), Debt - Liquid Fund, Open ended, NIFTY 500 - TRI,1001.0,5.06,3.67,7.160055147058823,5000.0,0.25,1000.0
ITI Liquid Fund-Reg(W-IDCW), Debt - Liquid Fund, Open ended, NIFTY 500 - TRI,1001.34,5.01,3.61,7.160055147058823,5000.0,0.25,1000.0
ITI Liquid Fund-Reg(FN-IDCW), Debt - Liquid Fund, Open ended, NIFTY 500 - TRI,1001.91,4.72,3.52,7.160055147058823,5000.0,0.25,1000.0
ITI Liquid Fund-Reg(M-IDCW), Debt - Liquid Fund, Open ended, NIFTY 500 - TRI,1004.7,5.05,3.55,7.160055147058823,5000.0,0.25,1000.0
ITI Liquid Fund-Reg(A-IDCW), Debt - Liquid Fund, Open ended, NIFTY 500 - TRI,1165.06,5.02,3.73,7.160055147058823,5000.0,0.25,1000.0
ITI Multi-Cap Fund-Reg(G), Equity - Multi Cap Fund, Open ended, Nifty500 Multicap 50:25:25 - TRI,13.9,4.22,6.83,7.160055147058823,1000.0,2.64,1000.0
ITI Multi-Cap Fund-Reg(IDCW), Equity - Multi Cap Fund, Open ended, Nifty500 Multicap 50:25:25 - TRI,13.28,4.22,6.83,7.160055147058823,1000.0,2.64,1000.0
Franklin India Overnight Fund(G), Debt - Overnight Fund, Open ended, CRISIL Overnight Index,1159.13,4.96,3.69,7.160055147058823,5000.0,0.15,1000.0
Franklin India Overnight Fund(DD-IDCW), Debt - Overnight Fund, Open ended, CRISIL Overnight Index,1000.0,4.93,3.51,7.160055147058823,5000.0,0.15,1000.0
Franklin India Overnight Fund(W-IDCW), Debt - Overnight Fund, Open ended, CRISIL Overnight Index,1000.66,4.96,3.49,7.160055147058823,5000.0,0.15,1000.0
Kotak Floating Rate Fund-Reg(IDCW), Debt - Floater Fund, Open ended, Nifty Short Duration Debt Index,1116.04,5.42,3.56,5.87,5000.0,0.62,1000.0
HSBC Overnight Fund-Reg(DD-IDCW), Debt - Overnight Fund, Open ended, Nifty 1D Rate Index,1000.01,4.93,3.67,7.160055147058823,100000.0,0.26,1000.0
HSBC Overnight Fund-Reg(W-IDCW), Debt - Overnight Fund, Open ended, Nifty 1D Rate Index,1000.37,4.93,3.65,7.160055147058823,100000.0,0.26,1000.0
HSBC Overnight Fund-Reg(M-IDCW), Debt - Overnight Fund, Open ended, Nifty 1D Rate Index,1003.73,4.93,3.65,7.160055147058823,5000.0,0.26,1000.0
LIC MF Overnight Fund-Reg(G), Debt - Overnight Fund, Open ended, Nifty 1D Rate Index,1148.02,4.95,3.7,7.160055147058823,5000.0,0.2,1000.0
Axis Nifty 100 Index Fund-Reg(G), Index Funds - Other, Open ended, NIFTY 100 - TRI,15.07,1.53,13.33,7.160055147058823,1000.0,1.0,1000.0
Aditya Birla SL PSU Equity Fund-Reg(G), Equity - Thematic Fund - Other, Open ended, S&P BSE PSU - TRI,16.58,15.67,19.69,7.160055147058823,1000.0,2.29,1000.0
Motilal Oswal Nifty Bank Index Fund-Reg(G), Index Funds - Other, Open ended, NIFTY BANK - TRI,14.8,9.13,9.77,7.160055147058823,1000.0,1.01,1000.0
WOC Ultra Short Term Fund-Reg(DD-IDCW), Debt - Ultra Short Duration Fund, Open ended, CRISIL Ultra Short Term Debt Index,1001.46,5.38,4.36,3.64,2000.0,0.99,2000.0
WOC Ultra Short Term Fund-Reg(W-IDCW), Debt - Ultra Short Duration Fund, Open ended, CRISIL Ultra Short Term Debt Index,1001.75,5.35,8.868668958742633,2.37,2000.0,0.99,2000.0
WOC Ultra Short Term Fund-Reg(FN-IDCW), Debt - Ultra Short Duration Fund, Open ended, CRISIL Ultra Short Term Debt Index,1001.6,5.48,8.868668958742633,3.21,2000.0,0.99,2000.0
WOC Ultra Short Term Fund-Reg(M-IDCW Payout), Debt - Ultra Short Duration Fund, Open ended, CRISIL Ultra Short Term Debt Index,1001.44,5.26,4.28,3.76,2000.0,0.99,2000.0
Motilal Oswal Nifty 500 Index Fund-Reg(G), Index Funds - Other, Open ended, NIFTY 500 - TRI,16.8,1.65,14.6,7.160055147058823,1000.0,1.05,1000.0
Motilal Oswal Nifty Smallcap 250 Index Fund-Reg(G), Index Funds - Other, Open ended, Nifty Smallcap 250 - TRI,19.99,-3.14,20.08,7.160055147058823,1000.0,1.03,1000.0
ICICI Pru MNC Fund(IDCW), Equity - Thematic Fund - MNC, Open ended, NIFTY MNC - TRI,16.19,1.31,20.99,7.160055147058823,5000.0,2.27,1000.0
Axis All Seasons Debt FOFs-Reg(G), FoFs (Domestic) - Debt Oriented, Open ended, NIFTY Composite Debt Index,11.93,3.78,5.59,7.160055147058823,5000.0,0.57,1000.0
Axis Retirement Savings Fund-Aggressive Plan-Reg(G), Solution Oriented - Retirement Fund, Open ended, NIFTY 50 Hybrid Composite Debt 70:30 Index,12.44,-4.4,5.77,7.160055147058823,5000.0,2.29,1000.0
Axis Retirement Savings Fund-Dynamic Plan-Reg(G), Solution Oriented - Retirement Fund, Open ended, NIFTY 50 Hybrid Composite Debt 65:35 Index,12.83,-3.9,7.46,7.160055147058823,5000.0,2.35,1000.0
Axis Retirement Savings Fund-Conservative Plan-Reg(G), Solution Oriented - Retirement Fund, Open ended, NIFTY 50 Hybrid Short Duration Debt 25:75 Index,12.26,-2.5,5.66,7.160055147058823,5000.0,2.09,1000.0
Mahindra Manulife Ultra Short Term Fund-Reg(G), Debt - Ultra Short Duration Fund, Open ended, CRISIL Ultra Short Term Debt Index,1165.64,5.72,4.72,4.47,1000.0,0.77,1000.0
Union Multicap Fund-Reg(G), Equity - Multi Cap Fund, Open ended, Nifty500 Multicap 50:25:25 - TRI,9.65,4.034813852813854,8.868668958742633,7.160055147058823,1000.0,2.54,1000.0
SBI CPO Fund-A-4-Reg(G), Capital Protection, Close ended, CRISIL Hybrid 85+15 - Conservative Index,12.97,3.01,6.5,7.160055147058823,5000.0,1.3712016129032258,1030.463038180341
Shriram Balanced Advantage Fund-Reg(IDCW), Hybrid - Dynamic Asset Allocation, Open ended, NIFTY 50 Hybrid Composite Debt 50:50 Index,13.43,3.53,8.69,7.160055147058823,5000.0,2.6,1000.0
Quantum India ESG Equity Fund-Reg(G), Equity - Thematic Fund - Other, Open ended, NIFTY100 ESG - TRI,16.74,1.15,15.73,7.160055147058823,1000.0,1.73,1000.0
Baroda BNP Paribas Money Market Fund-Reg(M-IDCW), Debt - Money Market Fund, Open ended, CRISIL Money Market Index,1008.83,5.5,4.49,3.67,5000.0,0.39,1000.0
Aditya Birla SL Pharma & Healthcare Fund-Reg(IDCW), Equity - Sectoral Fund - Pharma & Health Care, Open ended, S&P BSE Health Care - TRI,13.46,-6.43,12.88,7.160055147058823,1000.0,2.55,1000.0
Mahindra Manulife Top 250 Nivesh Yojana-Reg(G), Equity - Large & Mid Cap Fund, Open ended, NIFTY LargeMidcap 250 - TRI,16.93,-0.08,18.27,7.160055147058823,1000.0,2.34,1000.0
Indiabulls Overnight Fund-Reg(DD-IDCW), Debt - Overnight Fund, Open ended, CRISIL Overnight Index,1001.01,4.5,3.48,7.160055147058823,1000.0,0.23,1000.0
Indiabulls Overnight Fund-Reg(W-IDCW), Debt - Overnight Fund, Open ended, CRISIL Overnight Index,1001.39,4.79,3.5,7.160055147058823,1000.0,0.23,1000.0
Indiabulls Overnight Fund-Reg(FN-IDCW), Debt - Overnight Fund, Open ended, CRISIL Overnight Index,1001.87,4.81,3.5,7.160055147058823,1000.0,0.23,1000.0
Indiabulls Overnight Fund-Reg(M-IDCW), Debt - Overnight Fund, Open ended, CRISIL Overnight Index,1003.94,4.8,3.58,7.160055147058823,1000.0,0.23,1000.0
Kotak Pioneer Fund-Reg(G), Equity - Thematic Fund - Other, Open ended, NIFTY 500 - TRI,17.92,0.39,18.94,7.160055147058823,5000.0,2.0,1000.0
Mirae Asset Midcap Fund-Reg(IDCW), Equity - Mid Cap Fund, Open ended, Nifty Midcap 150 - TRI,17.62,2.77,21.51,7.160055147058823,5000.0,1.81,1000.0
Kotak Focused Equity Fund-Reg(G), Equity - Focused Fund, Open ended, NIFTY 500 - TRI,16.63,0.53,13.95,7.160055147058823,5000.0,2.05,1000.0
Kotak Focused Equity Fund-Reg(IDCW), Equity - Focused Fund, Open ended, NIFTY 500 - TRI,16.63,0.53,13.95,7.160055147058823,5000.0,2.05,1000.0
Mahindra Manulife Hybrid Equity Nivesh Yojana-Reg(G), Hybrid - Aggressive Hybrid Fund, Open ended, CRISIL Hybrid 35+65 - Aggressive Index,17.41,3.31,15.3,7.160055147058823,1000.0,2.55,1000.0
Mahindra Manulife Hybrid Equity Nivesh Yojana-Reg(IDCW), Hybrid - Aggressive Hybrid Fund, Open ended, CRISIL Hybrid 35+65 - Aggressive Index,15.16,3.35,15.33,7.160055147058823,1000.0,2.55,1000.0
Union Focused Fund-Reg(IDCW), Equity - Focused Fund, Open ended, S&P BSE 500 - TRI,17.86,0.11,15.49,7.160055147058823,1000.0,2.59,1000.0
Baroda BNP Paribas Equity Savings Fund-Reg(IDCW), Hybrid - Equity Savings, Open ended, NIFTY 50 Equity Savings Index - TRI,12.02,3.77,6.87,7.160055147058823,5000.0,2.52,1000.0
Mirae Asset Overnight Fund-Reg(G), Debt - Overnight Fund, Open ended, Nifty 1D Rate Index,1136.83,4.99,3.8,7.160055147058823,5000.0,0.21,1000.0
ITI Long Term Equity Fund-Reg(G), Equity - ELSS, Open ended, NIFTY 500 - TRI,14.17,3.53,9.88,7.160055147058823,1000.0,2.44,1000.0
ITI Long Term Equity Fund-Reg(IDCW), Equity - ELSS, Open ended, NIFTY 500 - TRI,13.55,3.53,9.88,7.160055147058823,1000.0,2.44,1000.0
LIC MF Overnight Fund-Reg(DD-IDCW), Debt - Overnight Fund, Open ended, Nifty 1D Rate Index,1044.66,4.034813852813854,3.17,7.160055147058823,5000.0,0.2,1000.0
LIC MF Overnight Fund-Reg(W-IDCW), Debt - Overnight Fund, Open ended, Nifty 1D Rate Index,1045.94,4.93,8.868668958742633,7.160055147058823,5000.0,0.2,1000.0
Canara Rob Overnight Fund-Reg(DD-IDCW), Debt - Overnight Fund, Open ended, CRISIL Overnight Index,1001.0,5.03,3.76,7.160055147058823,5000.0,1.3712016129032258,1030.463038180341
Edelweiss Overnight Fund-Reg(DD-IDCW), Debt - Overnight Fund, Open ended, Nifty 1D Rate Index,1008.11,4.93,3.74,7.160055147058823,5000.0,0.16,1000.0
Edelweiss Overnight Fund-Reg(W-IDCW), Debt - Overnight Fund, Open ended, Nifty 1D Rate Index,1016.12,4.96,3.74,7.160055147058823,5000.0,0.16,1000.0
Edelweiss Overnight Fund-Reg(FN-IDCW), Debt - Overnight Fund, Open ended, Nifty 1D Rate Index,1095.38,4.94,8.868668958742633,7.160055147058823,5000.0,0.16,1000.0
Edelweiss Overnight Fund-Reg(M-IDCW), Debt - Overnight Fund, Open ended, Nifty 1D Rate Index,1007.17,4.93,3.71,7.160055147058823,5000.0,0.16,1000.0
Edelweiss Overnight Fund-Reg(A-IDCW), Debt - Overnight Fund, Open ended, Nifty 1D Rate Index,1150.32,4.93,8.868668958742633,7.160055147058823,5000.0,0.16,1000.0
Mahindra Manulife Overnight Fund-Reg(DD-IDCW), Debt - Overnight Fund, Open ended, CRISIL Overnight Index,1074.12,5.46,4.83,7.160055147058823,1000.0,1.3712016129032258,1030.463038180341
LIC MF Ultra Short Term Fund-Reg(G), Debt - Ultra Short Duration Fund, Open ended, CRISIL Ultra Short Term Debt Index,1135.46,5.37,4.52,3.87,5000.0,0.4,1000.0
Nippon India Asset Allocator FoF-Reg(G), FoFs (Domestic) - Debt Oriented, Open ended, CRISIL Hybrid 50+50 - Moderate Index,13.15,7.57,8.868668958742633,7.160055147058823,5000.0,1.43,1000.0
SBI CPO Fund-A-5-Reg(G), Capital Protection, Close ended, CRISIL Hybrid 85+15 - Conservative Index,12.77,3.08,6.59,7.160055147058823,5000.0,1.3712016129032258,1030.463038180341
Axis Money Market Fund-Reg(DD-IDCW), Debt - Money Market Fund, Open ended, Nifty Money Market Index,1005.61,6.05,5.12,4.78,5000.0,0.36,1000.0
Axis Money Market Fund-Reg(M-IDCW), Debt - Money Market Fund, Open ended, Nifty Money Market Index,1009.62,6.05,5.12,4.87,5000.0,0.36,1000.0
Axis Money Market Fund-Reg(Q-IDCW), Debt - Money Market Fund, Open ended, Nifty Money Market Index,1051.39,6.05,5.12,4.83,5000.0,0.36,1000.0
Axis Money Market Fund-Reg(A-IDCW), Debt - Money Market Fund, Open ended, Nifty Money Market Index,1157.71,6.05,5.12,4.92,5000.0,0.36,1000.0
ICICI Pru ESG Fund(G), Equity - Thematic Fund - Other, Open ended, NIFTY100 ESG - TRI,13.58,4.96,8.868668958742633,7.160055147058823,5000.0,2.18,1000.0
PGIM India Overnight Fund-Reg(DD-IDCW), Debt - Overnight Fund, Open ended, Nifty 1D Rate Index,1000.0,5.0,3.84,7.160055147058823,5000.0,0.26,1000.0
PGIM India Overnight Fund-Reg(W-IDCW), Debt - Overnight Fund, Open ended, Nifty 1D Rate Index,1000.99,4.96,3.84,7.160055147058823,5000.0,0.26,1000.0
ITI Arbitrage Fund-Reg(G), Hybrid - Arbitrage Fund, Open ended, Nifty 50 Arbitrage,11.04,2.68,2.58,7.160055147058823,5000.0,0.97,1000.0
ITI Arbitrage Fund-Reg(IDCW), Hybrid - Arbitrage Fund, Open ended, Nifty 50 Arbitrage,11.04,2.68,2.58,7.160055147058823,5000.0,0.97,1000.0
ICICI Pru Business Cycle Fund(G), Equity - Thematic Fund - Other, Open ended, NIFTY 500 - TRI,13.98,6.98,8.868668958742633,7.160055147058823,5000.0,1.91,1000.0
Kotak ESG Opportunities Fund-Reg(G), Equity - Thematic Fund - Other, Open ended, NIFTY100 ESG - TRI,11.87,-1.51,8.868668958742633,7.160055147058823,5000.0,2.14,1000.0
Tata Focused Equity Fund-Reg(G), Equity - Focused Fund, Open ended, NIFTY 500 - TRI,15.39,2.6,14.77,7.160055147058823,5000.0,1.99,1000.0
Baroda BNP Paribas Banking and PSU Bond Fund-Reg(G), Debt - Banking and PSU Fund, Open ended, CRISIL Banking and PSU Debt Index,10.6,4.42,1.89,7.160055147058823,5000.0,0.79,1000.0
JM Overnight Fund-Reg(G), Debt - Overnight Fund, Open ended, CRISIL Overnight Index,1128.09,4.97,3.76,7.160055147058823,5000.0,0.14,1000.0
Union Medium Duration Fund-Reg(G), Debt - Medium Duration Fund, Open ended, CRISIL Medium Term Debt Index,10.81,3.9,1.58,7.160055147058823,1000.0,0.9,1000.0
Tata Banking & PSU Debt Fund-Reg(IDCW), Debt - Banking and PSU Fund, Open ended, CRISIL Banking and PSU Debt Index,12.04,4.87,3.05,5.07,5000.0,0.72,1000.0
SBI CPO Fund-A-7-Reg(G), Capital Protection, Close ended, CRISIL Hybrid 85+15 - Conservative Index,12.13,3.16,6.59,7.160055147058823,5000.0,1.3712016129032258,1030.463038180341
SBI CPO Fund-A-6-Reg(G), Capital Protection, Close ended, CRISIL Hybrid 85+15 - Conservative Index,12.6,3.19,6.51,7.160055147058823,5000.0,1.3712016129032258,1030.463038180341
ICICI Pru Global Advantage Fund(FOF)(IDCW), FoFs (Overseas), Open ended, NIFTY 500 - TRI,13.08,-2.78,4.25,7.160055147058823,1000.0,1.39,1000.0
Axis Nifty 100 Index Fund-Reg(IDCW), Index Funds - Other, Open ended, NIFTY 100 - TRI,15.07,1.53,13.34,7.160055147058823,1000.0,1.0,1000.0
Motilal Oswal Large & Midcap Fund-Reg(IDCW), Equity - Large & Mid Cap Fund, Open ended, NIFTY LargeMidcap 250 - TRI,16.03,4.17,15.39,7.160055147058823,1000.0,2.34,1000.0
ICICI Pru Commodities Fund(IDCW), Equity - Thematic Fund - Other, Open ended, NIFTY COMMODITIES - TRI,24.38,8.6,37.62,7.160055147058823,5000.0,2.67,1000.0
Baroda BNP Paribas Large & Mid Cap Fund-Reg(G), Equity - Large & Mid Cap Fund, Open ended, S&P BSE 250 LargeMidCap Index - TRI,16.68,2.14,8.868668958742633,7.160055147058823,5000.0,2.48,1000.0
Mahindra Manulife Ultra Short Term Fund-Reg(DD-IDCW), Debt - Ultra Short Duration Fund, Open ended, CRISIL Ultra Short Term Debt Index,1037.57,5.81,4.9,4.46,1000.0,0.77,1000.0
Mahindra Manulife Ultra Short Term Fund-Reg(W-IDCW), Debt - Ultra Short Duration Fund, Open ended, CRISIL Ultra Short Term Debt Index,1001.15,5.75,4.76,4.31,1000.0,0.77,1000.0
ITI Overnight Fund-Reg(G), Debt - Overnight Fund, Open ended, CRISIL Overnight Index,1129.9,4.83,3.64,7.160055147058823,5000.0,0.18,1000.0
ITI Overnight Fund-Reg(DD-IDCW), Debt - Overnight Fund, Open ended, CRISIL Overnight Index,1001.0,4.82,5.35,7.160055147058823,5000.0,0.18,1000.0
ITI Overnight Fund-Reg(W-IDCW), Debt - Overnight Fund, Open ended, CRISIL Overnight Index,1001.33,5.72,5.92,7.160055147058823,5000.0,0.18,1000.0
ITI Overnight Fund-Reg(FN-IDCW), Debt - Overnight Fund, Open ended, CRISIL Overnight Index,1001.83,4.034813852813854,3.3,7.160055147058823,5000.0,0.18,1000.0
ITI Overnight Fund-Reg(M-IDCW), Debt - Overnight Fund, Open ended, CRISIL Overnight Index,1004.41,4.84,3.49,7.160055147058823,5000.0,0.18,1000.0
ITI Overnight Fund-Reg(A-IDCW), Debt - Overnight Fund, Open ended, CRISIL Overnight Index,1059.47,4.83,1.43,7.160055147058823,5000.0,0.18,1000.0
Mirae Asset Overnight Fund-Reg(DD-IDCW), Debt - Overnight Fund, Open ended, Nifty 1D Rate Index,1000.0,5.0,3.75,7.160055147058823,5000.0,0.21,1000.0
Mirae Asset Overnight Fund-Reg(W-IDCW), Debt - Overnight Fund, Open ended, Nifty 1D Rate Index,1000.17,5.0,3.57,7.160055147058823,5000.0,0.21,1000.0
Mirae Asset Overnight Fund-Reg(M-IDCW), Debt - Overnight Fund, Open ended, Nifty 1D Rate Index,1003.9,5.0,3.73,7.160055147058823,5000.0,0.21,1000.0
Kotak Pioneer Fund-Reg(IDCW), Equity - Thematic Fund - Other, Open ended, NIFTY 500 - TRI,17.92,0.39,18.94,7.160055147058823,5000.0,2.0,1000.0
DSP Value Fund-Reg(G), Equity - Value Fund, Open ended, NIFTY500 Value 50 - TRI,13.51,4.1,8.868668958742633,7.160055147058823,1000.0,1.69,1000.0
Union Large & Midcap Fund-Reg(G), Equity - Large & Mid Cap Fund, Open ended, S&P BSE 250 LargeMidCap Index - TRI,16.36,0.8,15.62,7.160055147058823,1000.0,2.61,1000.0
Union Large & Midcap Fund-Reg(IDCW), Equity - Large & Mid Cap Fund, Open ended, S&P BSE 250 LargeMidCap Index - TRI,16.36,0.8,15.62,7.160055147058823,1000.0,2.61,1000.0
Union Midcap Fund-Reg(G), Equity - Mid Cap Fund, Open ended, S&P BSE 150 MidCap - TRI,27.15,0.71,8.868668958742633,7.160055147058823,1000.0,2.51,1000.0
Axis Special Situations Fund-Reg(G), Equity - Thematic Fund - Other, Open ended, NIFTY 500 - TRI,11.77,-6.3,8.868668958742633,7.160055147058823,1000.0,2.11,1000.0
Invesco India Overnight Fund-Reg(G), Debt - Overnight Fund, Open ended, Nifty 1D Rate Index,1122.19,4.98,3.73,7.160055147058823,1000.0,1.3712016129032258,1030.463038180341
Tata Focused Equity Fund-Reg(IDCW), Equity - Focused Fund, Open ended, NIFTY 500 - TRI,15.39,2.6,14.77,7.160055147058823,5000.0,1.99,1000.0
HSBC Ultra Short Duration Fund-Reg(G), Debt - Ultra Short Duration Fund, Open ended, NIFTY Ultra Short Duration Debt Index,1144.12,5.9,4.88,4.47,5000.0,0.48,1000.0
Axis Quant Fund-Reg(G), Equity - Thematic Fund - Other, Open ended, S&P BSE 200 - TRI,10.9,0.74,8.868668958742633,7.160055147058823,1000.0,2.14,1000.0
LIC MF Ultra Short Term Fund-Reg(DD-IDCW), Debt - Ultra Short Duration Fund, Open ended, CRISIL Ultra Short Term Debt Index,1065.62,5.36,4.52,4.08,5000.0,0.4,1000.0
LIC MF Ultra Short Term Fund-Reg(W-IDCW), Debt - Ultra Short Duration Fund, Open ended, CRISIL Ultra Short Term Debt Index,1030.48,5.36,4.53,3.88,5000.0,0.4,1000.0
LIC MF Ultra Short Term Fund-Reg(M-IDCW), Debt - Ultra Short Duration Fund, Open ended, CRISIL Ultra Short Term Debt Index,1135.49,5.36,4.52,3.87,5000.0,0.4,1000.0
Axis Retirement Savings Fund-Aggressive Plan-Reg(IDCW), Solution Oriented - Retirement Fund, Open ended, NIFTY 50 Hybrid Composite Debt 70:30 Index,12.44,-4.32,5.8,7.160055147058823,5000.0,2.29,1000.0
Axis Retirement Savings Fund-Dynamic Plan-Reg(IDCW), Solution Oriented - Retirement Fund, Open ended, NIFTY 50 Hybrid Composite Debt 65:35 Index,12.83,-3.9,7.46,7.160055147058823,5000.0,2.35,1000.0
Axis Retirement Savings Fund-Conservative Plan-Reg(IDCW), Solution Oriented - Retirement Fund, Open ended, NIFTY 50 Hybrid Short Duration Debt 25:75 Index,12.26,-2.5,5.66,7.160055147058823,5000.0,2.09,1000.0
Mahindra Manulife Top 250 Nivesh Yojana-Reg(IDCW), Equity - Large & Mid Cap Fund, Open ended, NIFTY LargeMidcap 250 - TRI,15.39,-0.05,18.29,7.160055147058823,1000.0,2.34,1000.0
ITI Balanced Advantage Fund-Reg(G), Hybrid - Balanced Advantage, Open ended, NIFTY 50 Hybrid Composite Debt 50:50 Index,10.68,-2.12,1.66,7.160055147058823,5000.0,2.35,1000.0
ITI Balanced Advantage Fund-Reg(IDCW), Hybrid - Balanced Advantage, Open ended, NIFTY 50 Hybrid Composite Debt 50:50 Index,10.68,-2.12,1.66,7.160055147058823,5000.0,2.35,1000.0
Motilal Oswal Nifty 50 Index Fund-Reg(G), Index Funds - Nifty, Open ended, NIFTY 50 - TRI,14.98,4.51,14.9,7.160055147058823,1000.0,0.5,1000.0
Motilal Oswal Nifty Next 50 Index Fund-Reg(G), Index Funds - Nifty Next 50, Open ended, NIFTY NEXT 50 - TRI,13.39,-6.61,9.84,7.160055147058823,1000.0,0.98,1000.0
Sundaram Large Cap Fund-Reg(G), Equity - Large Cap Fund, Open ended, NIFTY 100 - TRI,15.2,3.53,8.868668958742633,7.160055147058823,1000.0,1.98,1000.0
ITI Banking & PSU Debt Fund-Reg(G), Debt - Banking and PSU Fund, Open ended, CRISIL Banking and PSU Debt Index,11.01,5.15,4.45,7.160055147058823,5000.0,0.7,1000.0
ITI Small Cap Fund-Reg(G), Equity - Small cap Fund, Open ended, Nifty Smallcap 250 - TRI,14.24,0.41,8.868668958742633,7.160055147058823,5000.0,2.36,1000.0
ITI Large Cap Fund-Reg(G), Equity - Large Cap Fund, Open ended, NIFTY 100 - TRI,12.07,-1.09,8.868668958742633,7.160055147058823,5000.0,2.53,1000.0
JM Overnight Fund-Reg(DD-IDCW), Debt - Overnight Fund, Open ended, CRISIL Overnight Index,1000.0,4.99,3.71,7.160055147058823,5000.0,0.14,1000.0
JM Overnight Fund-Reg(W-IDCW), Debt - Overnight Fund, Open ended, CRISIL Overnight Index,1000.34,4.97,3.71,7.160055147058823,5000.0,0.14,1000.0
Aditya Birla SL PSU Equity Fund-Reg(IDCW), Equity - Thematic Fund - Other, Open ended, S&P BSE PSU - TRI,14.67,15.64,19.7,7.160055147058823,1000.0,2.29,1000.0
BHARAT Bond FOF - April 2023 -Reg(G), FoFs (Domestic) - Debt Oriented, Open ended, NIFTY BHARAT Bond Index - April 2023,12.16,4.65,6.05,7.160055147058823,1000.0,0.06,1000.0
BHARAT Bond FOF - April 2023 -Reg(IDCW), FoFs (Domestic) - Debt Oriented, Open ended, NIFTY BHARAT Bond Index - April 2023,12.16,4.65,6.05,7.160055147058823,1000.0,0.06,1000.0
BHARAT Bond FOF - April 2030 -Reg(G), FoFs (Domestic) - Debt Oriented, Open ended, NIFTY BHARAT Bond Index - April 2030,12.36,3.57,6.4,7.160055147058823,1000.0,0.06,1000.0
BHARAT Bond FOF - April 2030 -Reg(IDCW), FoFs (Domestic) - Debt Oriented, Open ended, NIFTY BHARAT Bond Index - April 2030,12.36,3.57,6.4,7.160055147058823,1000.0,0.06,1000.0
Bank of India Overnight Fund-Reg(G), Debt - Overnight Fund, Open ended, CRISIL Overnight Index,1124.63,5.11,3.9,7.160055147058823,5000.0,1.3712016129032258,1030.463038180341
Kotak Nifty Next 50 Index Fund-Reg(G), Index Funds - Nifty Next 50, Open ended, NIFTY NEXT 50 - TRI,11.04,-5.99,8.868668958742633,7.160055147058823,5000.0,0.83,1000.0
Tata Quant Fund-Reg(G), Equity - Thematic Fund - Other, Open ended, S&P BSE 200 - TRI,10.69,5.03,2.12,7.160055147058823,5000.0,2.31,1000.0
Tata Quant Fund-Reg(IDCW), Equity - Thematic Fund - Other, Open ended, S&P BSE 200 - TRI,10.69,5.03,2.12,7.160055147058823,5000.0,2.31,1000.0
Invesco India Overnight Fund-Reg(DD-IDCW), Debt - Overnight Fund, Open ended, Nifty 1D Rate Index,1000.13,5.42,3.89,7.160055147058823,1000.0,1.3712016129032258,1030.463038180341
Invesco India Overnight Fund-Reg(W-IDCW), Debt - Overnight Fund, Open ended, Nifty 1D Rate Index,1000.51,5.02,3.72,7.160055147058823,1000.0,1.3712016129032258,1030.463038180341
Invesco India Overnight Fund-Reg(M-IDCW), Debt - Overnight Fund, Open ended, Nifty 1D Rate Index,1002.86,4.98,3.66,7.160055147058823,1000.0,1.3712016129032258,1030.463038180341
Axis All Seasons Debt FOFs-Reg(IDCW), FoFs (Domestic) - Debt Oriented, Open ended, NIFTY Composite Debt Index,11.93,3.78,5.59,7.160055147058823,5000.0,0.57,1000.0
Axis All Seasons Debt FOFs-Reg(M-IDCW), FoFs (Domestic) - Debt Oriented, Open ended, NIFTY Composite Debt Index,11.93,3.78,5.59,7.160055147058823,5000.0,0.57,1000.0
Axis All Seasons Debt FOFs-Reg(Q-IDCW), FoFs (Domestic) - Debt Oriented, Open ended, NIFTY Composite Debt Index,10.96,3.78,5.59,7.160055147058823,5000.0,0.57,1000.0
Axis All Seasons Debt FOFs-Reg(H-IDCW), FoFs (Domestic) - Debt Oriented, Open ended, NIFTY Composite Debt Index,12.09,3.81,8.25,7.160055147058823,5000.0,0.57,1000.0
Axis All Seasons Debt FOFs-Reg(A-IDCW), FoFs (Domestic) - Debt Oriented, Open ended, NIFTY Composite Debt Index,11.7,3.78,5.68,7.160055147058823,5000.0,0.57,1000.0
HSBC Ultra Short Duration Fund-Reg(DD-IDCW), Debt - Ultra Short Duration Fund, Open ended, NIFTY Ultra Short Duration Debt Index,1031.73,5.86,4.86,4.41,5000.0,0.48,1000.0
HSBC Ultra Short Duration Fund-Reg(W-IDCW), Debt - Ultra Short Duration Fund, Open ended, NIFTY Ultra Short Duration Debt Index,1041.66,5.9,4.88,4.37,5000.0,0.48,1000.0
HSBC Ultra Short Duration Fund-Reg(M-IDCW), Debt - Ultra Short Duration Fund, Open ended, NIFTY Ultra Short Duration Debt Index,1031.0,5.9,4.88,4.44,5000.0,0.48,1000.0
ITI Small Cap Fund-Reg(IDCW), Equity - Small cap Fund, Open ended, Nifty Smallcap 250 - TRI,14.24,0.41,8.868668958742633,7.160055147058823,5000.0,2.36,1000.0
Axis ESG Equity Fund-Reg(G), Equity - Thematic Fund - Other, Open ended, NIFTY100 ESG - TRI,15.04,-3.25,14.16,7.160055147058823,1000.0,2.11,1000.0
Axis ESG Equity Fund-Reg(IDCW), Equity - Thematic Fund - Other, Open ended, NIFTY100 ESG - TRI,13.85,-3.25,14.16,7.160055147058823,1000.0,2.11,1000.0
Nippon India Nifty Smallcap 250 Index Fund-Reg(G), Index Funds - Other, Open ended, Nifty Smallcap 250 - TRI,18.01,-3.24,8.868668958742633,7.160055147058823,1000.0,1.04,1000.0
UTI Small Cap Fund-Reg(G), Equity - Small cap Fund, Open ended, Nifty Smallcap 250 - TRI,15.44,2.38,8.868668958742633,7.160055147058823,5000.0,2.27,1000.0
Union Hybrid Equity Fund-Reg(G), Hybrid - Aggressive Hybrid Fund, Open ended, CRISIL Hybrid 35+65 - Aggressive Index,12.56,1.13,8.868668958742633,7.160055147058823,1000.0,2.53,1000.0
IDFC Emerging Businesses Fund-Reg(IDCW), Equity - Small cap Fund, Open ended, S&P BSE 250 Small Cap - TRI,18.96,-2.36,8.868668958742633,7.160055147058823,1000.0,2.2,1000.0
Union Overnight Fund-Reg(M-IDCW Payout), Debt - Overnight Fund, Open ended, CRISIL Overnight Index,1004.27,4.94,8.868668958742633,7.160055147058823,5000.0,0.18,1000.0
Bank of India Overnight Fund-Reg(M-IDCW), Debt - Overnight Fund, Open ended, CRISIL Overnight Index,1003.53,5.11,8.868668958742633,7.160055147058823,5000.0,1.3712016129032258,1030.463038180341
ICICI Pru India Equity (FOF)(G), FoFs (Domestic) - Equity Oriented, Open ended, S&P BSE 500 - TRI,17.79,4.92,8.868668958742633,7.160055147058823,1000.0,1.61,1000.0
ICICI Pru India Equity (FOF)(IDCW), FoFs (Domestic) - Equity Oriented, Open ended, S&P BSE 500 - TRI,14.82,4.97,8.868668958742633,7.160055147058823,1000.0,1.61,1000.0
Tata Multi Asset Opp Fund-Reg(G), Hybrid - Multi Asset Allocation, Open ended, NIFTY 500 - TRI,16.36,5.97,8.868668958742633,7.160055147058823,5000.0,2.12,1000.0
Tata Multi Asset Opp Fund-Reg(IDCW), Hybrid - Multi Asset Allocation, Open ended, NIFTY 500 - TRI,16.36,5.97,8.868668958742633,7.160055147058823,5000.0,2.12,1000.0
Union Midcap Fund-Reg(IDCW), Equity - Mid Cap Fund, Open ended, S&P BSE 150 MidCap - TRI,27.15,0.71,8.868668958742633,7.160055147058823,1000.0,2.51,1000.0
Aditya Birla SL ESG Fund-Reg(G), Equity - Thematic Fund - Other, Open ended, NIFTY100 ESG - TRI,11.94,-7.77,8.868668958742633,7.160055147058823,1000.0,2.32,1000.0
Aditya Birla SL Nifty Smallcap 50 Index Fund-Reg(G), Index Funds - Nifty, Open ended, Nifty Smallcap 50 - TRI,10.45,-12.3,8.868668958742633,7.160055147058823,1000.0,1.01,1000.0
Aditya Birla SL Nifty Midcap 150 Index Fund-Reg(G), Index Funds - Other, Open ended, Nifty Midcap 150 - TRI,12.9,4.62,8.868668958742633,7.160055147058823,1000.0,1.02,1000.0
HSBC Focused Fund-Reg(G), Equity - Focused Fund, Open ended, NIFTY 500 - TRI,16.03,-0.96,8.868668958742633,7.160055147058823,5000.0,2.18,1000.0
Aditya Birla SL Nifty 50 Equal Weight Index Fund-Reg(G), Index Funds - Other, Open ended, NIFTY50 Equal Weight - TRI,11.44,3.93,8.868668958742633,7.160055147058823,1000.0,1.02,1000.0
PGIM India Money Market Fund-Reg(W-IDCW), Debt - Money Market Fund, Open ended, CRISIL Money Market Index,1000.94,5.68,4.02,7.160055147058823,5000.0,0.51,1000.0
PGIM India Money Market Fund-Reg(M-IDCW), Debt - Money Market Fund, Open ended, CRISIL Money Market Index,1014.41,5.75,4.79,7.160055147058823,5000.0,0.51,1000.0
HSBC Nifty Next 50 Index Fund-Reg(IDCW), Index Funds - Nifty Next 50, Open ended, NIFTY NEXT 50 - TRI,16.65,-6.76,8.868668958742633,7.160055147058823,5000.0,0.8,1000.0
HSBC Nifty 50 Index Fund-Reg(G), Index Funds - Nifty, Open ended, NIFTY 50 - TRI,20.41,4.5,8.868668958742633,7.160055147058823,5000.0,0.45,1000.0
HSBC Nifty 50 Index Fund-Reg(IDCW), Index Funds - Nifty, Open ended, NIFTY 50 - TRI,20.41,4.5,8.868668958742633,7.160055147058823,5000.0,0.45,1000.0
Mirae Asset Arbitrage Fund-Reg(G), Hybrid - Arbitrage Fund, Open ended, Nifty 50 Arbitrage,11.05,4.4,8.868668958742633,7.160055147058823,5000.0,1.09,1000.0
Mirae Asset Arbitrage Fund-Reg(IDCW), Hybrid - Arbitrage Fund, Open ended, Nifty 50 Arbitrage,11.05,4.4,8.868668958742633,7.160055147058823,5000.0,1.09,1000.0
Bank of India Flexi Cap Fund-Reg(G), Equity - Flexi Cap Fund, Open ended, S&P BSE 500 - TRI,19.52,-0.15,8.868668958742633,7.160055147058823,5000.0,2.62,1000.0
Bank of India Flexi Cap Fund-Reg(IDCW), Equity - Flexi Cap Fund, Open ended, S&P BSE 500 - TRI,17.73,-0.23,8.868668958742633,7.160055147058823,5000.0,2.62,1000.0
HSBC Focused Fund-Reg(IDCW), Equity - Focused Fund, Open ended, NIFTY 500 - TRI,14.23,-0.95,8.868668958742633,7.160055147058823,5000.0,2.18,1000.0
Mirae Asset Banking and PSU Debt Fund-Reg(G), Debt - Banking and PSU Fund, Open ended, CRISIL Banking and PSU Debt Index,10.89,4.57,2.95,7.160055147058823,5000.0,0.83,1000.0
Mirae Asset Banking and PSU Debt Fund-Reg(IDCW), Debt - Banking and PSU Fund, Open ended, CRISIL Banking and PSU Debt Index,10.89,4.57,2.95,7.160055147058823,5000.0,0.83,1000.0
BHARAT Bond FOF - April 2025 -Reg(G), FoFs (Domestic) - Debt Oriented, Open ended, NIFTY BHARAT Bond Index - April 2023,11.02,2.28,8.868668958742633,7.160055147058823,1000.0,0.06,1000.0
BHARAT Bond FOF - April 2025 -Reg(IDCW), FoFs (Domestic) - Debt Oriented, Open ended, NIFTY BHARAT Bond Index - April 2023,11.02,2.28,8.868668958742633,7.160055147058823,1000.0,0.06,1000.0
BHARAT Bond FOF - April 2031 -Reg(G), FoFs (Domestic) - Debt Oriented, Open ended, NIFTY BHARAT Bond Index - April 2031,11.04,3.2,8.868668958742633,7.160055147058823,1000.0,0.06,1000.0
BHARAT Bond FOF - April 2031 -Reg(IDCW), FoFs (Domestic) - Debt Oriented, Open ended, NIFTY BHARAT Bond Index - April 2031,11.04,3.2,8.868668958742633,7.160055147058823,1000.0,0.06,1000.0
Motilal Oswal Multi Asset Fund-Reg(G), Hybrid - Multi Asset Allocation, Open ended, NIFTY 500 - TRI,10.89,1.41,8.868668958742633,7.160055147058823,1000.0,2.04,1000.0
Nippon India Multi Asset Fund-Reg(IDCW), Hybrid - Multi Asset Allocation, Open ended, NIFTY 500 - TRI,13.79,5.28,8.868668958742633,7.160055147058823,5000.0,1.84,1000.0
Mahindra Manulife Arbitrage Yojana-Reg(G), Hybrid - Arbitrage Fund, Open ended, Nifty 50 Arbitrage,10.79,3.6,8.868668958742633,7.160055147058823,1000.0,1.16,1000.0
Mahindra Manulife Arbitrage Yojana-Reg(IDCW), Hybrid - Arbitrage Fund, Open ended, Nifty 50 Arbitrage,10.79,3.6,8.868668958742633,7.160055147058823,1000.0,1.16,1000.0
Baroda BNP Paribas Large & Mid Cap Fund-Reg(IDCW), Equity - Large & Mid Cap Fund, Open ended, S&P BSE 250 LargeMidCap Index - TRI,15.68,2.14,8.868668958742633,7.160055147058823,5000.0,2.48,1000.0
Union Medium Duration Fund-Reg(IDCW), Debt - Medium Duration Fund, Open ended, CRISIL Medium Term Debt Index,10.81,3.9,1.58,7.160055147058823,1000.0,0.9,1000.0
Union Medium Duration Fund-Reg(IDCW-Payout), Debt - Medium Duration Fund, Open ended, CRISIL Medium Term Debt Index,10.81,3.9,1.58,7.160055147058823,1000.0,0.9,1000.0
Invesco India Focused 20 Equity Fund-Reg(G), Equity - Focused Fund, Open ended, S&P BSE 500 - TRI,14.49,-6.8,8.868668958742633,7.160055147058823,1000.0,2.1,1000.0
Invesco India Focused 20 Equity Fund-Reg(IDCW), Equity - Focused Fund, Open ended, S&P BSE 500 - TRI,13.03,-6.82,8.868668958742633,7.160055147058823,1000.0,2.1,1000.0
Mirae Asset Equity Allocator FoF-Reg(G), FoFs (Domestic) - Equity Oriented, Open ended, NIFTY 200 - TRI,16.3,3.9,8.868668958742633,7.160055147058823,5000.0,0.17,1000.0
Mirae Asset Equity Allocator FoF-Reg(IDCW), FoFs (Domestic) - Equity Oriented, Open ended, NIFTY 200 - TRI,16.3,3.9,8.868668958742633,7.160055147058823,5000.0,0.17,1000.0
Sundaram Large Cap Fund-Reg(IDCW), Equity - Large Cap Fund, Open ended, NIFTY 100 - TRI,13.67,3.5,8.868668958742633,7.160055147058823,1000.0,1.98,1000.0
ICICI Pru ESG Fund(IDCW), Equity - Thematic Fund - Other, Open ended, NIFTY100 ESG - TRI,12.37,4.93,8.868668958742633,7.160055147058823,5000.0,2.18,1000.0
Nippon India Nifty Smallcap 250 Index Fund-Reg(IDCW), Index Funds - Other, Open ended, Nifty Smallcap 250 - TRI,18.01,-3.24,8.868668958742633,7.160055147058823,1000.0,1.04,1000.0
Aditya Birla SL Special Opp Fund-Reg(G), Equity - Thematic Fund - Other, Open ended, S&P BSE 500 - TRI,15.02,-1.06,8.868668958742633,7.160055147058823,1000.0,2.54,1000.0
Aditya Birla SL Special Opp Fund-Reg(IDCW), Equity - Thematic Fund - Other, Open ended, S&P BSE 500 - TRI,13.36,-1.07,8.868668958742633,7.160055147058823,1000.0,2.54,1000.0
Mirae Asset Ultra Short Duration Fund-Reg(G), Debt - Ultra Short Duration Fund, Open ended, NIFTY Ultra Short Duration Debt Index,1100.96,5.85,5.02,7.160055147058823,5000.0,0.48,1000.0
Mirae Asset Ultra Short Duration Fund-Reg(IDCW), Debt - Ultra Short Duration Fund, Open ended, NIFTY Ultra Short Duration Debt Index,1100.56,5.83,5.01,7.160055147058823,5000.0,0.48,1000.0
ITI Banking & PSU Debt Fund-Reg(IDCW), Debt - Banking and PSU Fund, Open ended, CRISIL Banking and PSU Debt Index,11.01,5.15,4.45,7.160055147058823,5000.0,0.7,1000.0
SBI Floating Rate Debt Fund-Reg(G), Debt - Floater Fund, Open ended, Nifty Short Duration Debt Index,11.05,5.18,4.44,7.160055147058823,5000.0,0.46,1000.0
SBI Floating Rate Debt Fund-Reg(M-IDCW), Debt - Floater Fund, Open ended, Nifty Short Duration Debt Index,11.05,5.18,4.44,7.160055147058823,5000.0,0.46,1000.0
SBI Floating Rate Debt Fund-Reg(Q-IDCW), Debt - Floater Fund, Open ended, Nifty Short Duration Debt Index,11.05,5.18,4.44,7.160055147058823,5000.0,0.46,1000.0
Edelweiss MSCI India Domestic & World Healthcare 45 Index Fund-Reg(G), Index Funds - Other, Open ended, MSCI India Domestic & World Healthcare 45 Index,11.93,-1.79,8.868668958742633,7.160055147058823,1000.0,1.3712016129032258,1030.463038180341
Edelweiss MSCI India Domestic & World Healthcare 45 Index Fund-Reg(IDCW), Index Funds - Other, Open ended, MSCI India Domestic & World Healthcare 45 Index,11.93,-1.79,8.868668958742633,7.160055147058823,1000.0,1.3712016129032258,1030.463038180341
Quant ESG Equity Fund-Reg(G), Equity - Thematic Fund - Other, Open ended, NIFTY100 ESG - TRI,21.32,11.08,8.868668958742633,7.160055147058823,5000.0,2.69,1000.0
Quant ESG Equity Fund-Reg(IDCW), Equity - Thematic Fund - Other, Open ended, NIFTY100 ESG - TRI,21.22,10.65,8.868668958742633,7.160055147058823,5000.0,2.69,1000.0
Mirae Asset Nifty 100 ESG Sector Leaders FoF-Reg(G), FoFs (Domestic) - Equity Oriented, Open ended, Nifty100 ESG Sector Leaders - TRI,12.94,0.18,8.868668958742633,7.160055147058823,5000.0,0.51,1000.0
Mirae Asset Nifty 100 ESG Sector Leaders FoF-Reg(IDCW), FoFs (Domestic) - Equity Oriented, Open ended, Nifty100 ESG Sector Leaders - TRI,12.92,0.18,8.868668958742633,7.160055147058823,5000.0,0.51,1000.0
Mahindra Manulife Focused Equity Yojana-Reg(G), Equity - Focused Fund, Open ended, NIFTY 500 - TRI,16.09,6.25,8.868668958742633,7.160055147058823,1000.0,2.49,1000.0
Mahindra Manulife Focused Equity Yojana-Reg(IDCW), Equity - Focused Fund, Open ended, NIFTY 500 - TRI,14.03,6.31,8.868668958742633,7.160055147058823,1000.0,2.49,1000.0
Mirae Asset Banking and Financial Services Fund-Reg(G), Equity - Sectoral Fund - Banks & Financial Services, Open ended, Nifty Financial Services - TRI,13.27,6.89,8.868668958742633,7.160055147058823,5000.0,2.2,1000.0
Mirae Asset Banking and Financial Services Fund-Reg(IDCW), Equity - Sectoral Fund - Banks & Financial Services, Open ended, Nifty Financial Services - TRI,13.29,6.9,8.868668958742633,7.160055147058823,5000.0,2.2,1000.0
Union Hybrid Equity Fund-Reg(IDCW), Hybrid - Aggressive Hybrid Fund, Open ended, CRISIL Hybrid 35+65 - Aggressive Index,12.56,1.13,8.868668958742633,7.160055147058823,1000.0,2.53,1000.0
Kotak ESG Opportunities Fund-Reg(IDCW), Equity - Thematic Fund - Other, Open ended, NIFTY100 ESG - TRI,11.87,-1.51,8.868668958742633,7.160055147058823,5000.0,2.14,1000.0
DSP Value Fund-Reg(IDCW), Equity - Value Fund, Open ended, NIFTY500 Value 50 - TRI,12.13,4.1,8.868668958742633,7.160055147058823,1000.0,1.69,1000.0
Aditya Birla SL ESG Fund-Reg(IDCW), Equity - Thematic Fund - Other, Open ended, NIFTY100 ESG - TRI,11.94,-7.69,8.868668958742633,7.160055147058823,1000.0,2.32,1000.0
ICICI Pru Quant Fund(IDCW), Equity - Thematic Fund - Other, Open ended, S&P BSE 200 - TRI,12.12,3.43,8.868668958742633,7.160055147058823,1000.0,1.23,1000.0
HDFC Dividend Yield Fund-Reg(G), Equity - Dividend Yield Fund, Open ended, NIFTY 500 - TRI,15.54,9.51,8.868668958742633,7.160055147058823,1000.0,2.13,1000.0
HDFC Dividend Yield Fund-Reg(IDCW), Equity - Dividend Yield Fund, Open ended, NIFTY 500 - TRI,14.42,9.51,8.868668958742633,7.160055147058823,1000.0,2.13,1000.0
Invesco India - Invesco Global Consumer Trends FoF-Reg(G), FoFs (Overseas), Open ended, MSCI World Consumer Discretionary Index - Net Dividend,6.93,-19.28,8.868668958742633,7.160055147058823,1000.0,1.56,1000.0
Invesco India - Invesco Global Consumer Trends FoF-Reg(IDCW), FoFs (Overseas), Open ended, MSCI World Consumer Discretionary Index - Net Dividend,6.93,-19.28,8.868668958742633,7.160055147058823,1000.0,1.56,1000.0
UTI Small Cap Fund-Reg(IDCW), Equity - Small cap Fund, Open ended, Nifty Smallcap 250 - TRI,15.44,2.38,8.868668958742633,7.160055147058823,5000.0,2.27,1000.0
ITI Large Cap Fund-Reg(IDCW), Equity - Large Cap Fund, Open ended, NIFTY 100 - TRI,12.07,-1.09,8.868668958742633,7.160055147058823,5000.0,2.53,1000.0
Baroda BNP Paribas Banking and PSU Bond Fund-Reg(M-IDCW), Debt - Banking and PSU Fund, Open ended, CRISIL Banking and PSU Debt Index,10.09,4.43,1.9,7.160055147058823,5000.0,0.79,1000.0
Baroda BNP Paribas Banking and PSU Bond Fund-Reg(Q-IDCW), Debt - Banking and PSU Fund, Open ended, CRISIL Banking and PSU Debt Index,10.15,4.42,1.89,7.160055147058823,5000.0,0.79,1000.0
Union Hybrid Equity Fund-Reg(IDCW-Payout), Hybrid - Aggressive Hybrid Fund, Open ended, CRISIL Hybrid 35+65 - Aggressive Index,12.56,1.13,8.868668958742633,7.160055147058823,1000.0,2.53,1000.0
Axis Special Situations Fund-Reg(IDCW), Equity - Thematic Fund - Other, Open ended, NIFTY 500 - TRI,11.77,-6.3,8.868668958742633,7.160055147058823,1000.0,2.11,1000.0
ICICI Pru Business Cycle Fund(IDCW), Equity - Thematic Fund - Other, Open ended, NIFTY 500 - TRI,13.98,6.98,8.868668958742633,7.160055147058823,5000.0,1.91,1000.0
TRUSTMF Banking & PSU Debt Fund-Reg(G), Debt - Banking and PSU Fund, Open ended, CRISIL Banking and PSU Debt Index,1068.66,4.47,2.1,7.160055147058823,1000.0,0.71,1000.0
TRUSTMF Banking & PSU Debt Fund-Reg(DD-IDCW), Debt - Banking and PSU Fund, Open ended, CRISIL Banking and PSU Debt Index,1070.65,7.01,4.66,7.160055147058823,1000.0,0.71,1000.0
TRUSTMF Banking & PSU Debt Fund-Reg(W-IDCW), Debt - Banking and PSU Fund, Open ended, CRISIL Banking and PSU Debt Index,1010.82,4.25,2.07,7.160055147058823,1000.0,0.71,1000.0
TRUSTMF Banking & PSU Debt Fund-Reg(M-IDCW), Debt - Banking and PSU Fund, Open ended, CRISIL Banking and PSU Debt Index,1014.55,4.5,2.15,7.160055147058823,1000.0,0.71,1000.0
TRUSTMF Banking & PSU Debt Fund-Reg(Q-IDCW), Debt - Banking and PSU Fund, Open ended, CRISIL Banking and PSU Debt Index,1023.5,4.53,2.17,7.160055147058823,1000.0,0.71,1000.0
TRUSTMF Banking & PSU Debt Fund-Reg(A-IDCW), Debt - Banking and PSU Fund, Open ended, CRISIL Banking and PSU Debt Index,1031.96,4.47,2.1,7.160055147058823,1000.0,0.71,1000.0
PGIM India Balanced Advantage Fund-Reg(G), Hybrid - Dynamic Asset Allocation, Open ended, CRISIL Hybrid 50+50 - Moderate Index,11.59,2.84,8.868668958742633,7.160055147058823,5000.0,2.1,1000.0
PGIM India Balanced Advantage Fund-Reg(IDCW), Hybrid - Dynamic Asset Allocation, Open ended, CRISIL Hybrid 50+50 - Moderate Index,10.94,2.8,8.868668958742633,7.160055147058823,5000.0,2.1,1000.0
Nippon India Asset Allocator FoF-Reg(IDCW), FoFs (Domestic) - Debt Oriented, Open ended, CRISIL Hybrid 50+50 - Moderate Index,13.15,7.57,8.868668958742633,7.160055147058823,5000.0,1.43,1000.0
SBI Retirement Benefit Fund-Aggressive Plan-Reg(IDCW), Solution Oriented - Retirement Fund, Open ended, S&P BSE 500 - TRI,14.0,9.36,8.868668958742633,7.160055147058823,5000.0,2.22,1000.0
SBI Retirement Benefit Fund-Aggressive Hybrid Plan-Reg(IDCW), Solution Oriented - Retirement Fund, Open ended, CRISIL Hybrid 35+65 - Aggressive Index,13.45,8.09,8.868668958742633,7.160055147058823,5000.0,2.34,1000.0
SBI Retirement Benefit Fund-Conservative Hybrid Plan-Reg(IDCW), Solution Oriented - Retirement Fund, Open ended, CRISIL Hybrid 65+35 - Conservative Index,12.0,6.22,8.868668958742633,7.160055147058823,5000.0,1.69,1000.0
SBI Retirement Benefit Fund-Conservative Plan-Reg(IDCW), Solution Oriented - Retirement Fund, Open ended, NIFTY Composite Debt Index,11.42,5.67,8.868668958742633,7.160055147058823,5000.0,1.39,1000.0
IDFC Floating Rate Fund-Reg(DD-IDCW), Debt - Floater Fund, Open ended, NIFTY Low Duration Debt Index,10.03,4.87,3.9,7.160055147058823,1000.0,0.83,1000.0
IDFC Floating Rate Fund-Reg(W-IDCW), Debt - Floater Fund, Open ended, NIFTY Low Duration Debt Index,10.03,4.93,3.93,7.160055147058823,1000.0,0.83,1000.0
IDFC Floating Rate Fund-Reg(M-IDCW), Debt - Floater Fund, Open ended, NIFTY Low Duration Debt Index,10.05,4.93,3.93,7.160055147058823,1000.0,0.83,1000.0
IDFC Floating Rate Fund-Reg(Q-IDCW), Debt - Floater Fund, Open ended, NIFTY Low Duration Debt Index,10.14,4.93,3.93,7.160055147058823,1000.0,0.83,1000.0
IDFC Floating Rate Fund-Reg(A-IDCW), Debt - Floater Fund, Open ended, NIFTY Low Duration Debt Index,10.38,4.93,3.93,7.160055147058823,1000.0,0.83,1000.0
IDFC Floating Rate Fund-Reg(P-IDCW), Debt - Floater Fund, Open ended, NIFTY Low Duration Debt Index,10.77,4.93,3.93,7.160055147058823,1000.0,0.83,1000.0
ITI Mid Cap Fund-Reg(G), Equity - Mid Cap Fund, Open ended, Nifty Midcap 150 - TRI,11.34,4.49,8.868668958742633,7.160055147058823,5000.0,2.54,1000.0
ITI Mid Cap Fund-Reg(IDCW), Equity - Mid Cap Fund, Open ended, Nifty Midcap 150 - TRI,11.34,4.49,8.868668958742633,7.160055147058823,5000.0,2.54,1000.0
Kotak Nifty Next 50 Index Fund-Reg(IDCW), Index Funds - Nifty Next 50, Open ended, NIFTY NEXT 50 - TRI,11.04,-5.99,8.868668958742633,7.160055147058823,5000.0,0.83,1000.0
HSBC Global Equity Climate Change FoF-Reg(G), FoFs (Overseas), Open ended, MSCI AC World Index,9.34,-1.85,8.868668958742633,7.160055147058823,5000.0,2.12,1000.0
Kotak Global Innovation FoF-Reg(G), FoFs (Overseas), Open ended, MSCI AC World Index,7.44,-10.26,8.868668958742633,7.160055147058823,1000.0,1.61,1000.0
Nippon India Flexi Cap Fund-Reg(G), Equity - Flexi Cap Fund, Open ended, NIFTY 500 - TRI,10.63,0.27,8.868668958742633,7.160055147058823,1000.0,2.04,1000.0
Kotak Multicap Fund-Reg(G), Equity - Multi Cap Fund, Open ended, Nifty500 Multicap 50:25:25 - TRI,10.48,9.23,8.868668958742633,7.160055147058823,5000.0,1.9,1000.0
HSBC Global Equity Climate Change FoF-Reg(IDCW), FoFs (Overseas), Open ended, MSCI AC World Index,9.34,-1.85,8.868668958742633,7.160055147058823,5000.0,2.12,1000.0
UTI Nifty200 Momentum 30 Index Fund-Reg(G), Index Funds - Other, Open ended, Nifty200 Momentum 30 - TRI,12.54,-6.25,8.868668958742633,7.160055147058823,5000.0,0.91,1000.0
Motilal Oswal Asset Allocation Passive FoF-Aggressive-Reg(G), FoFs (Domestic) - Equity Oriented, Open ended, NIFTY 500 - TRI,11.73,3.25,8.868668958742633,7.160055147058823,1000.0,0.59,1000.0
Motilal Oswal Asset Allocation Passive FoF-Conservative-Reg(G), FoFs (Domestic) - Debt Oriented, Open ended, NIFTY 500 - TRI,11.33,2.6,8.868668958742633,7.160055147058823,1000.0,0.6,1000.0
Invesco India ESG Equity Fund-Reg(G), Equity - Thematic Fund - Other, Open ended, NIFTY100 ESG - TRI,12.0,-6.2,8.868668958742633,7.160055147058823,1000.0,2.37,1000.0
Invesco India ESG Equity Fund-Reg(IDCW), Equity - Thematic Fund - Other, Open ended, NIFTY100 ESG - TRI,12.0,-6.2,8.868668958742633,7.160055147058823,1000.0,2.37,1000.0
Mirae Asset Corp Bond Fund-Reg(G), Debt - Corporate Bond Fund, Open ended, NIFTY Corporate Bond Index,10.7,4.4,2.93,7.160055147058823,5000.0,0.92,1000.0
Mirae Asset Corp Bond Fund-Reg(IDCW), Debt - Corporate Bond Fund, Open ended, NIFTY Corporate Bond Index,10.7,4.4,2.93,7.160055147058823,5000.0,0.92,1000.0
Axis Multicap Fund-Reg(G), Equity - Multi Cap Fund, Open ended, Nifty500 Multicap 50:25:25 - TRI,9.88,1.55,8.868668958742633,7.160055147058823,1000.0,1.86,1000.0
Tata Business Cycle Fund-Reg(G), Equity - Thematic Fund - Other, Open ended, NIFTY 500 - TRI,11.61,8.61,8.868668958742633,7.160055147058823,5000.0,2.31,1000.0
Tata Dividend Yield Fund-Reg(G), Equity - Dividend Yield Fund, Open ended, Nifty Dividend Opportunities 50 - TRI,11.44,3.19,8.868668958742633,7.160055147058823,5000.0,2.35,1000.0
Tata Floating Rate Fund-Reg(G), Debt - Floater Fund, Open ended, NIFTY 500 - TRI,10.69,5.42,4.69,7.160055147058823,5000.0,0.73,1000.0
SBI Nifty Midcap 150 Index Fund-Reg(G), Index Funds - Other, Open ended, Nifty Midcap 150 - TRI,10.1,4.034813852813854,8.868668958742633,7.160055147058823,5000.0,1.0,1000.0
Mirae Asset Global X Artificial Intelligence & Technology ETF FoF-Reg(G), FoFs (Overseas), Open ended, Indxx Artificial Intelligence & Big Data Index - TRI,11.59,4.034813852813854,8.868668958742633,7.160055147058823,5000.0,0.51,1000.0
ITI Value Fund-Reg(G), Equity - Value Fund, Open ended, NIFTY 500 - TRI,10.34,7.5,8.868668958742633,7.160055147058823,5000.0,2.41,1000.0
Edelweiss Nifty PSU Bond Plus SDL Apr 2027 50:50 Index Fund-Reg(G), Debt - Corporate Bond Fund, Open ended, Nifty PSU Bond Plus SDL Apr 2027 50:50 Index,10.36,4.62,2.12,7.160055147058823,5000.0,0.34,1000.0
ICICI Pru Nifty Alpha Low - Volatility 30 ETF FOF(G), FoFs (Domestic) - Equity Oriented, Open ended, NIFTY Alpha Low-Volatility 30 - TRI,9.47,1.83,8.868668958742633,7.160055147058823,1000.0,0.63,5000.0
DSP Floater Fund-Reg(G), Debt - Floater Fund, Open ended, CRISIL Short Term Gilt Index,10.83,5.94,3.61,7.160055147058823,1000.0,0.5,1000.0
DSP Floater Fund-Reg(IDCW), Debt - Floater Fund, Open ended, CRISIL Short Term Gilt Index,10.83,5.94,3.61,7.160055147058823,1000.0,0.5,1000.0
Aditya Birla SL Nifty Smallcap 50 Index Fund-Reg(IDCW), Index Funds - Nifty, Open ended, Nifty Smallcap 50 - TRI,10.45,-12.3,8.868668958742633,7.160055147058823,1000.0,1.01,1000.0
IDFC CRISIL IBX Gilt April 2028 Index Fund-Reg(G), Debt - Gilt Fund, Open ended, CRISIL Gilt 2028 Index,10.75,4.53,2.25,7.160055147058823,1000.0,0.41,1000.0
IDFC CRISIL IBX Gilt April 2028 Index Fund-Reg(IDCW), Debt - Gilt Fund, Open ended, CRISIL Gilt 2028 Index,10.31,4.53,2.25,7.160055147058823,1000.0,0.41,1000.0
Aditya Birla SL Nifty Midcap 150 Index Fund-Reg(IDCW), Index Funds - Other, Open ended, Nifty Midcap 150 - TRI,12.9,4.62,8.868668958742633,7.160055147058823,1000.0,1.02,1000.0
ICICI Pru Nifty 100 Low Volatility 30 ETF FOF(G), FoFs (Domestic) - Equity Oriented, Open ended, Nifty100 Low Volatility 30 - TRI,11.96,3.37,8.868668958742633,7.160055147058823,1000.0,0.64,1000.0
ICICI Pru Nifty 100 Low Volatility 30 ETF FOF(IDCW), FoFs (Domestic) - Equity Oriented, Open ended, Nifty100 Low Volatility 30 - TRI,11.96,3.37,8.868668958742633,7.160055147058823,1000.0,0.64,1000.0
TRUSTMF Liquid Fund-Reg(G), Debt - Liquid Fund, Open ended, NIFTY 500 - TRI,1079.17,5.14,8.868668958742633,7.160055147058823,1000.0,0.25,1000.0
TRUSTMF Liquid Fund-Reg(DD-IDCW), Debt - Liquid Fund, Open ended, NIFTY 500 - TRI,1049.79,5.62,8.868668958742633,7.160055147058823,1000.0,0.25,1000.0
TRUSTMF Liquid Fund-Reg(W-IDCW), Debt - Liquid Fund, Open ended, NIFTY 500 - TRI,1032.35,5.06,8.868668958742633,7.160055147058823,1000.0,0.25,1000.0
TRUSTMF Liquid Fund-Reg(M-IDCW), Debt - Liquid Fund, Open ended, NIFTY 500 - TRI,1038.21,5.2,8.868668958742633,7.160055147058823,1000.0,0.25,1000.0
Aditya Birla SL Multi-Cap Fund-Reg(G), Equity - Multi Cap Fund, Open ended, Nifty500 Multicap 50:25:25 - TRI,12.24,1.24,8.868668958742633,7.160055147058823,1000.0,2.14,1000.0
Aditya Birla SL Multi-Cap Fund-Reg(IDCW), Equity - Multi Cap Fund, Open ended, Nifty500 Multicap 50:25:25 - TRI,12.24,1.24,8.868668958742633,7.160055147058823,1000.0,2.14,1000.0
Quant Quantamental Fund-Reg(G), Equity - Thematic Fund - Other, Open ended, NIFTY 500 - TRI,13.77,19.95,8.868668958742633,7.160055147058823,5000.0,2.31,1000.0
Quant Quantamental Fund-Reg(IDCW), Equity - Thematic Fund - Other, Open ended, NIFTY 500 - TRI,13.78,19.96,8.868668958742633,7.160055147058823,5000.0,2.31,1000.0
Baroda BNP Paribas Funds Aqua FoF-Reg(G), FoFs (Overseas), Open ended, MSCI World,10.61,7.0,8.868668958742633,7.160055147058823,5000.0,1.62,1030.463038180341
Baroda BNP Paribas Funds Aqua FoF-Reg(IDCW), FoFs (Overseas), Open ended, MSCI World,10.61,7.0,8.868668958742633,7.160055147058823,5000.0,1.62,1030.463038180341
HDFC Asset Allocator FoF-Reg(G), FoFs (Domestic) - Debt Oriented, Open ended, NIFTY 500 - TRI,12.37,8.45,8.868668958742633,7.160055147058823,1000.0,1.25,1000.0
HDFC Asset Allocator FoF-Reg(IDCW), FoFs (Domestic) - Debt Oriented, Open ended, NIFTY 500 - TRI,12.37,8.45,8.868668958742633,7.160055147058823,1000.0,1.25,1000.0
ICICI Pru Flexicap Fund(G), Equity - Flexi Cap Fund, Open ended, S&P BSE 500 - TRI,11.61,8.62,8.868668958742633,7.160055147058823,5000.0,1.78,1000.0
ICICI Pru Flexicap Fund(IDCW), Equity - Flexi Cap Fund, Open ended, S&P BSE 500 - TRI,11.61,8.72,8.868668958742633,7.160055147058823,5000.0,1.78,1000.0
ITI Ultra Short Duration Fund-Reg(G), Debt - Ultra Short Duration Fund, Open ended, CRISIL Ultra Short Term Debt Index,1063.0,5.06,4.1,7.160055147058823,5000.0,0.95,1000.0
ITI Ultra Short Duration Fund-Reg(DD-IDCW), Debt - Ultra Short Duration Fund, Open ended, CRISIL Ultra Short Term Debt Index,1001.0,5.14,4.16,7.160055147058823,5000.0,0.95,1000.0
ITI Ultra Short Duration Fund-Reg(W-IDCW), Debt - Ultra Short Duration Fund, Open ended, CRISIL Ultra Short Term Debt Index,1001.39,5.08,4.11,7.160055147058823,5000.0,0.95,1000.0
ITI Ultra Short Duration Fund-Reg(FN-IDCW), Debt - Ultra Short Duration Fund, Open ended, CRISIL Ultra Short Term Debt Index,1001.42,5.07,4.11,7.160055147058823,5000.0,0.95,1000.0
ITI Ultra Short Duration Fund-Reg(M-IDCW), Debt - Ultra Short Duration Fund, Open ended, CRISIL Ultra Short Term Debt Index,1003.75,5.06,4.1,7.160055147058823,5000.0,0.95,1000.0
ITI Ultra Short Duration Fund-Reg(A-IDCW), Debt - Ultra Short Duration Fund, Open ended, CRISIL Ultra Short Term Debt Index,1063.02,5.06,4.1,7.160055147058823,5000.0,0.95,1000.0
Canara Rob Focused Equity Fund-Reg(G), Equity - Focused Fund, Open ended, S&P BSE 500 - TRI,12.5,2.22,8.868668958742633,7.160055147058823,5000.0,2.08,1000.0
Canara Rob Focused Equity Fund-Reg(IDCW), Equity - Focused Fund, Open ended, S&P BSE 500 - TRI,12.45,2.31,8.868668958742633,7.160055147058823,5000.0,2.08,1000.0
SBI Nifty Next 50 Index Fund-Reg(G), Index Funds - Nifty Next 50, Open ended, NIFTY NEXT 50 - TRI,10.48,-6.52,8.868668958742633,7.160055147058823,5000.0,0.84,1000.0
SBI Nifty Next 50 Index Fund-Reg(IDCW), Index Funds - Nifty Next 50, Open ended, NIFTY NEXT 50 - TRI,10.48,-6.51,8.868668958742633,7.160055147058823,5000.0,0.84,1000.0
Tata Dividend Yield Fund-Reg(IDCW), Equity - Dividend Yield Fund, Open ended, Nifty Dividend Opportunities 50 - TRI,11.44,3.19,8.868668958742633,7.160055147058823,5000.0,2.35,1000.0
Aditya Birla SL Nifty 50 Equal Weight Index Fund-Reg(IDCW), Index Funds - Other, Open ended, NIFTY50 Equal Weight - TRI,11.44,3.93,8.868668958742633,7.160055147058823,1000.0,1.02,1000.0
Kotak Nifty 50 Index Fund-Reg(G), Index Funds - Nifty, Open ended, NIFTY 50 - TRI,11.55,4.49,8.868668958742633,7.160055147058823,1000.0,0.51,1000.0
Kotak Nifty 50 Index Fund-Reg(IDCW), Index Funds - Nifty, Open ended, NIFTY 50 - TRI,11.55,4.49,8.868668958742633,7.160055147058823,1000.0,0.51,1000.0
ITI Value Fund-Reg(IDCW), Equity - Value Fund, Open ended, NIFTY 500 - TRI,10.34,7.5,8.868668958742633,7.160055147058823,5000.0,2.41,1000.0
Axis Quant Fund-Reg(IDCW), Equity - Thematic Fund - Other, Open ended, S&P BSE 200 - TRI,10.9,0.74,8.868668958742633,7.160055147058823,1000.0,2.14,1000.0
HDFC Banking & Financial Services Fund-Reg(IDCW), Equity - Sectoral Fund - Banks & Financial Services, Open ended, Nifty Financial Services - TRI,11.23,8.8,8.868668958742633,7.160055147058823,1000.0,1.92,1000.0
Tata Floating Rate Fund-Reg(M-IDCW), Debt - Floater Fund, Open ended, NIFTY 500 - TRI,10.69,5.42,4.69,7.160055147058823,5000.0,0.73,1000.0
Tata Floating Rate Fund-Reg(Q-IDCW), Debt - Floater Fund, Open ended, NIFTY 500 - TRI,10.69,5.42,4.69,7.160055147058823,5000.0,0.73,1000.0
Tata Floating Rate Fund-Reg(IDCW), Debt - Floater Fund, Open ended, NIFTY 500 - TRI,10.69,5.42,4.69,7.160055147058823,5000.0,0.73,1000.0
ITI Dynamic Bond Fund-Reg(G), Debt - Dynamic Bond, Open ended, CRISIL Dynamic Debt Index,10.62,4.49,4.02,7.160055147058823,5000.0,1.2,1000.0
ITI Dynamic Bond Fund-Reg(M-IDCW), Debt - Dynamic Bond, Open ended, CRISIL Dynamic Debt Index,10.03,4.47,4.13,7.160055147058823,5000.0,1.2,1000.0
ITI Dynamic Bond Fund-Reg(Q-IDCW), Debt - Dynamic Bond, Open ended, CRISIL Dynamic Debt Index,10.62,4.49,4.02,7.160055147058823,5000.0,1.2,1000.0
ITI Dynamic Bond Fund-Reg(H-IDCW), Debt - Dynamic Bond, Open ended, CRISIL Dynamic Debt Index,10.62,4.49,4.02,7.160055147058823,5000.0,1.2,1000.0
ITI Dynamic Bond Fund-Reg(A-IDCW), Debt - Dynamic Bond, Open ended, CRISIL Dynamic Debt Index,10.62,4.49,4.02,7.160055147058823,5000.0,1.2,1000.0
Invesco India Medium Duration Fund-Reg(G), Debt - Medium Duration Fund, Open ended, NIFTY Medium Duration Debt Index,1041.19,3.82,1.95,7.160055147058823,1000.0,1.35,1000.0
Invesco India Medium Duration Fund-Reg(IDCW), Debt - Medium Duration Fund, Open ended, NIFTY Medium Duration Debt Index,1041.19,3.82,1.95,7.160055147058823,1000.0,1.35,1000.0
Invesco India Medium Duration Fund-Reg(Q-IDCW), Debt - Medium Duration Fund, Open ended, NIFTY Medium Duration Debt Index,1022.95,3.82,1.95,7.160055147058823,1000.0,1.35,1000.0
Navi Nifty 50 Index Fund-Reg(G), Index Funds - Nifty, Open ended, NIFTY 50 - TRI,11.45,4.65,8.868668958742633,7.160055147058823,1000.0,0.27,1000.0
PGIM India Small Cap Fund-Reg(G), Equity - Small cap Fund, Open ended, Nifty Smallcap 250 - TRI,10.55,-2.52,8.868668958742633,7.160055147058823,5000.0,2.08,1000.0
PGIM India Small Cap Fund-Reg(IDCW), Equity - Small cap Fund, Open ended, Nifty Smallcap 250 - TRI,10.55,-2.52,8.868668958742633,7.160055147058823,5000.0,2.08,1000.0
Kotak Global Innovation FoF-Reg(IDCW), FoFs (Overseas), Open ended, MSCI AC World Index,7.44,-10.25,8.868668958742633,7.160055147058823,1000.0,1.61,1000.0
Axis Floater Fund-Reg(G), Debt - Floater Fund, Open ended, CRISIL Low Duration Debt Index,1067.15,4.94,4.71,7.160055147058823,5000.0,0.52,1000.0
Axis Floater Fund-Reg(DD-IDCW), Debt - Floater Fund, Open ended, CRISIL Low Duration Debt Index,1001.47,4.95,4.71,7.160055147058823,5000.0,0.52,1000.0
Axis Floater Fund-Reg(M-IDCW), Debt - Floater Fund, Open ended, CRISIL Low Duration Debt Index,1002.25,4.94,4.7,7.160055147058823,5000.0,0.52,1000.0
Axis Floater Fund-Reg(Q-IDCW), Debt - Floater Fund, Open ended, CRISIL Low Duration Debt Index,1044.25,4.94,4.7,7.160055147058823,5000.0,0.52,1000.0
Axis Floater Fund-Reg(A-IDCW), Debt - Floater Fund, Open ended, CRISIL Low Duration Debt Index,1060.89,4.94,4.71,7.160055147058823,5000.0,0.52,1000.0
Tata Business Cycle Fund-Reg(IDCW), Equity - Thematic Fund - Other, Open ended, NIFTY 500 - TRI,11.61,8.61,8.868668958742633,7.160055147058823,5000.0,2.31,1000.0
TRUSTMF Short Term Fund-Reg(G), Debt - Short Duration Fund, Open ended, NIFTY 500 - TRI,1053.22,4.49,3.24,7.160055147058823,1000.0,0.73,1000.0
TRUSTMF Short Term Fund-Reg(W-IDCW), Debt - Short Duration Fund, Open ended, NIFTY 500 - TRI,1011.27,4.28,3.16,7.160055147058823,1000.0,0.73,1000.0
TRUSTMF Short Term Fund-Reg(M-IDCW), Debt - Short Duration Fund, Open ended, NIFTY 500 - TRI,1014.37,4.49,3.26,7.160055147058823,1000.0,0.73,1000.0
TRUSTMF Short Term Fund-Reg(Q-IDCW), Debt - Short Duration Fund, Open ended, NIFTY 500 - TRI,1016.38,4.5,3.25,7.160055147058823,1000.0,0.73,1000.0
Nippon India Flexi Cap Fund-Reg(IDCW), Equity - Flexi Cap Fund, Open ended, NIFTY 500 - TRI,10.63,0.27,8.868668958742633,7.160055147058823,1000.0,2.04,1000.0
Mahindra Manulife Flexi Cap Yojana-Reg(G), Equity - Flexi Cap Fund, Open ended, NIFTY 500 - TRI,10.44,3.53,8.868668958742633,7.160055147058823,1000.0,2.26,1000.0
Mahindra Manulife Flexi Cap Yojana-Reg(IDCW), Equity - Flexi Cap Fund, Open ended, NIFTY 500 - TRI,10.44,3.55,8.868668958742633,7.160055147058823,1000.0,2.26,1000.0
IDFC US Equity FoF-Reg(G), FoFs (Overseas), Open ended, Russell 1000 Index,9.15,-2.02,8.868668958742633,7.160055147058823,1000.0,1.61,1000.0
IDFC US Equity FoF-Reg(IDCW), FoFs (Overseas), Open ended, Russell 1000 Index,9.15,-2.02,8.868668958742633,7.160055147058823,1000.0,1.61,1000.0
ICICI Pru NASDAQ 100 Index Fund(G), Equity - Thematic Fund - Global, Open ended, Nasdaq-100,8.87,-5.52,8.868668958742633,7.160055147058823,1000.0,1.0,1000.0
ICICI Pru Nifty Smallcap 250 Index Fund(G), Index Funds - Other, Open ended, Nifty Smallcap 250 - TRI,9.37,-2.81,8.868668958742633,7.160055147058823,1000.0,1.0,1000.0
UTI Focused Equity Fund-Reg(G), Equity - Focused Fund, Open ended, NIFTY 500 - TRI,10.24,2.85,8.868668958742633,7.160055147058823,5000.0,1.92,1000.0
Nippon India Taiwan Equity Fund-Reg(G), Equity - Thematic Fund - Global, Open ended, Taiwan Capitalization Weighted Stock Index,7.48,-19.65,8.868668958742633,7.160055147058823,1000.0,2.39,1000.0
Axis Nifty 50 Index Fund-Reg(G), Index Funds - Nifty, Open ended, NIFTY 50 - TRI,10.55,4.57,8.868668958742633,7.160055147058823,1000.0,0.42,1000.0
Axis Nifty Next 50 Index Fund-Reg(G), Index Funds - Nifty Next 50, Open ended, NIFTY NEXT 50 - TRI,9.41,-6.33,8.868668958742633,7.160055147058823,1000.0,0.83,1000.0
UTI Focused Equity Fund-Reg(IDCW), Equity - Focused Fund, Open ended, NIFTY 500 - TRI,10.24,2.85,8.868668958742633,7.160055147058823,5000.0,1.92,1000.0
HDFC NIFTY50 Equal Weight Index Fund-Reg(G), Index Funds - Other, Open ended, NIFTY50 Equal Weight - TRI,11.2,4.16,8.868668958742633,7.160055147058823,1000.0,1.18,1000.0
Aditya Birla SL NASDAQ 100 FOF-Reg(G), FoFs (Overseas), Open ended, Nasdaq-100 - TRI,8.56,-3.93,8.868668958742633,7.160055147058823,1000.0,0.65,1000.0
UTI Nifty Midcap 150 Quality 50 Index Fund-Reg(G), Index Funds - Other, Open ended, NIFTY Midcap150 Quality 50 - TRI,9.22,4.034813852813854,8.868668958742633,7.160055147058823,5000.0,0.87,1000.0
TRUSTMF Overnight Fund-Reg(G), Debt - Overnight Fund, Open ended, CRISIL Overnight Index,1053.04,4.99,8.868668958742633,7.160055147058823,1000.0,0.12,1000.0
ITI Banking & Financial Services Fund-Reg(G), Equity - Sectoral Fund - Banks & Financial Services, Open ended, Nifty Financial Services - TRI,10.63,9.21,8.868668958742633,7.160055147058823,5000.0,2.6,1000.0
ITI Pharma & Healthcare Fund-Reg(G), Equity - Sectoral Fund - Pharma & Health Care, Open ended, Nifty Healthcare Index - TRI,9.15,-3.47,8.868668958742633,7.160055147058823,5000.0,2.59,1000.0
ICICI Pru S&P BSE 500 ETF FOF-Reg(G), FoFs (Domestic) - Equity Oriented, Open ended, S&P BSE 500 - TRI,10.26,1.7,8.868668958742633,7.160055147058823,1000.0,0.61,1000.0
DSP Global Innovation FoF-Reg(G), FoFs (Overseas), Open ended, MSCI AC World Index,9.43,-5.68,8.868668958742633,7.160055147058823,1000.0,2.23,1000.0
Aditya Birla SL Nifty SDL Plus PSU Bond Sep 2026 60:40 Index Fund-Reg(G), Debt - Corporate Bond Fund, Open ended, Nifty SDL Plus PSU Bond Sep 2026 60:40 Index,10.36,4.66,2.23,7.160055147058823,1000.0,0.36,1000.0
Aditya Birla SL Business Cycle Fund-Reg(G), Equity - Thematic Fund - Other, Open ended, S&P BSE 500 - TRI,10.37,2.38,8.868668958742633,7.160055147058823,1000.0,2.01,1000.0
Union Retirement Fund-Reg(G), Solution Oriented - Retirement Fund, Open ended, S&P BSE 500 - TRI,9.9,4.034813852813854,8.868668958742633,7.160055147058823,1000.0,2.45,1000.0
Mirae Asset Money Market Fund-Reg(G), Debt - Money Market Fund, Open ended, Nifty Money Market Index,1063.94,5.34,4.68,7.160055147058823,5000.0,0.65,1000.0
Mirae Asset Money Market Fund-Reg(IDCW), Debt - Money Market Fund, Open ended, Nifty Money Market Index,1063.91,5.33,4.68,7.160055147058823,5000.0,0.65,1000.0
SBI Balanced Advantage Fund-Reg(IDCW), Hybrid - Balanced Advantage, Open ended, NIFTY 50 Hybrid Composite Debt 50:50 Index,10.86,6.61,8.868668958742633,7.160055147058823,5000.0,1.64,1000.0
Canara Rob Value Fund-Reg(G), Equity - Value Fund, Open ended, S&P BSE 500 - TRI,11.52,10.69,8.868668958742633,7.160055147058823,5000.0,2.35,1000.0
Canara Rob Value Fund-Reg(IDCW), Equity - Value Fund, Open ended, S&P BSE 500 - TRI,11.51,10.69,8.868668958742633,7.160055147058823,5000.0,2.35,1000.0
ICICI Pru Nifty Alpha Low - Volatility 30 ETF FOF(IDCW), FoFs (Domestic) - Equity Oriented, Open ended, NIFTY Alpha Low-Volatility 30 - TRI,9.47,1.83,8.868668958742633,7.160055147058823,1000.0,0.63,1000.0
Axis Value Fund-Reg(G), Equity - Value Fund, Open ended, NIFTY500 Value 50 - TRI,10.44,3.89,8.868668958742633,7.160055147058823,1000.0,2.66,1000.0
Axis Value Fund-Reg(IDCW), Equity - Value Fund, Open ended, NIFTY500 Value 50 - TRI,10.44,3.89,8.868668958742633,7.160055147058823,1000.0,2.66,1000.0
Axis Nifty Smallcap 50 Index Fund-Reg(G), Index Funds - Other, Open ended, Nifty Smallcap 50 - TRI,9.14,4.034813852813854,8.868668958742633,7.160055147058823,1000.0,1.0,1000.0
Kotak Multicap Fund-Reg(IDCW), Equity - Multi Cap Fund, Open ended, Nifty500 Multicap 50:25:25 - TRI,10.48,9.23,8.868668958742633,7.160055147058823,5000.0,1.9,1000.0
Navi Nifty Next 50 Index Fund-Reg(G), Index Funds - Nifty Next 50, Open ended, NIFTY NEXT 50 - TRI,9.05,-6.1,8.868668958742633,7.160055147058823,1000.0,0.59,1000.0
Navi Nifty Midcap 150 Index Fund-Reg(G), Index Funds - Other, Open ended, Nifty Midcap 150 - TRI,10.93,4.034813852813854,8.868668958742633,7.160055147058823,1000.0,1.01,1000.0
DSP Nifty SDL Plus G-Sec Jun 2028 30:70 Index Fund-Reg(G), Debt - Gilt Fund, Open ended, Nifty SDL Plus G-Sec Jun 2028 70:30 Index,10.29,5.14,8.868668958742633,7.160055147058823,1000.0,0.29,1000.0
Edelweiss NIFTY Large Mid Cap 250 Index Fund-Reg(G), Index Funds - Other, Open ended, NIFTY LargeMidcap 250 - TRI,10.12,3.29,8.868668958742633,7.160055147058823,1000.0,1.03,1000.0
IDFC Multi Cap Fund-Reg(G), Equity - Multi Cap Fund, Open ended, Nifty500 Multicap 50:25:25 - TRI,10.78,6.91,8.868668958742633,7.160055147058823,1000.0,2.22,1000.0
IDFC Midcap Fund-Reg(G), Equity - Mid Cap Fund, Open ended, S&P BSE 150 MidCap - TRI,9.98,4.034813852813854,8.868668958742633,7.160055147058823,1000.0,2.53,1000.0
Navi NASDAQ 100 FoF-Reg(G), FoFs (Overseas), Open ended, Nasdaq-100,9.11,4.034813852813854,8.868668958742633,7.160055147058823,1000.0,0.31,1000.0
Navi US Total Stock Market FoF-Reg(G), FoFs (Overseas), Open ended, CRSP US Total Market Index,10.53,4.034813852813854,8.868668958742633,7.160055147058823,1000.0,0.07,1000.0
Navi Nifty Bank Index Fund-Reg(G), Index Funds - Other, Open ended, NIFTY BANK - TRI,10.68,9.04,8.868668958742633,7.160055147058823,1000.0,0.81,1000.0
Aditya Birla SL Nifty SDL Plus PSU Bond Sep 2026 60:40 Index Fund-Reg(IDCW), Debt - Corporate Bond Fund, Open ended, Nifty SDL Plus PSU Bond Sep 2026 60:40 Index,10.36,4.66,2.23,7.160055147058823,1000.0,0.36,1000.0
ICICI Pru Nifty PSU Bond Plus SDL Sep 2027 40:60 Index Fund-Reg(G), Debt - Corporate Bond Fund, Open ended, Nifty PSU Bond Plus SDL Sep 2027 40:60 Index,10.32,4.5,2.06,7.160055147058823,1000.0,0.4,1000.0
ICICI Pru Nifty PSU Bond Plus SDL Sep 2027 40:60 Index Fund-Reg(A-IDCW), Debt - Corporate Bond Fund, Open ended, Nifty PSU Bond Plus SDL Sep 2027 40:60 Index,10.32,4.5,2.06,7.160055147058823,1000.0,0.4,1000.0
ICICI Pru NASDAQ 100 Index Fund(IDCW), Equity - Thematic Fund - Global, Open ended, Nasdaq-100,8.87,-5.52,8.868668958742633,7.160055147058823,1000.0,1.0,1000.0
Motilal Oswal 5 Year G-Sec FoF-Reg(G), FoFs (Domestic) - Debt Oriented, Open ended, Nifty 5 yr Benchmark G-Sec Index TRI,10.35,1.6,8.868668958742633,7.160055147058823,1000.0,0.1,1000.0
NJ Balanced Advantage Fund-Reg(G), Hybrid - Balanced Advantage, Open ended, NIFTY 50 Hybrid Composite Debt 50:50 Index,9.9,2.18,8.868668958742633,7.160055147058823,1000.0,1.87,1000.0
NJ Balanced Advantage Fund-Reg(IDCW), Hybrid - Balanced Advantage, Open ended, NIFTY 50 Hybrid Composite Debt 50:50 Index,9.9,2.18,8.868668958742633,7.160055147058823,1000.0,1.87,1000.0
Edelweiss Nifty PSU Bond Plus SDL Apr 2027 50:50 Index Fund-Reg(IDCW), Debt - Corporate Bond Fund, Open ended, Nifty PSU Bond Plus SDL Apr 2027 50:50 Index,10.36,4.62,2.12,7.160055147058823,5000.0,0.34,1000.0
LIC MF Balanced Advantage Fund-Reg(G), Hybrid - Balanced Advantage, Open ended, NIFTY 50 Hybrid Composite Debt 50:50 Index,10.52,5.14,8.868668958742633,7.160055147058823,5000.0,2.14,1000.0
Invesco India - Invesco EQQQ NASDAQ-100 ETF FoF-Reg(G), FoFs (Overseas), Open ended, Nasdaq-100 - TRI,9.79,4.034813852813854,8.868668958742633,7.160055147058823,1000.0,0.4,1000.0
Invesco India Flexi Cap Fund-Reg(G), Equity - Flexi Cap Fund, Open ended, S&P BSE 500 - TRI,10.51,4.6,8.868668958742633,7.160055147058823,1000.0,2.26,1000.0
SBI CPSE Bond Plus SDL Sep 2026 50:50 Index Fund-Reg(G), Debt - Corporate Bond Fund, Open ended, Nifty CPSE Bond Plus SDL Sep 2026 50:50 Index,10.28,4.48,1.96,7.160055147058823,5000.0,0.39,1000.0
Navi Nifty India Manufacturing Index Fund-Reg(G), Index Funds - Other, Open ended, Nifty India Manufacturing - TRI,9.97,4.034813852813854,8.868668958742633,7.160055147058823,1000.0,1.0,1000.0
LIC MF Balanced Advantage Fund-Reg(IDCW), Hybrid - Balanced Advantage, Open ended, NIFTY 50 Hybrid Composite Debt 50:50 Index,10.52,5.14,8.868668958742633,7.160055147058823,5000.0,2.14,1000.0
ICICI Pru Nifty Smallcap 250 Index Fund(IDCW), Index Funds - Other, Open ended, Nifty Smallcap 250 - TRI,9.37,-2.81,8.868668958742633,7.160055147058823,1000.0,1.0,1000.0
ITI Pharma & Healthcare Fund-Reg(IDCW), Equity - Sectoral Fund - Pharma & Health Care, Open ended, Nifty Healthcare Index - TRI,9.15,-3.47,8.868668958742633,7.160055147058823,5000.0,2.59,1000.0
Aditya Birla SL NASDAQ 100 FOF-Reg(IDCW), FoFs (Overseas), Open ended, Nasdaq-100 - TRI,8.56,-3.94,8.868668958742633,7.160055147058823,1000.0,0.65,1000.0
HDFC NIFTY Next 50 Index Fund-Reg(G), Index Funds - Nifty Next 50, Open ended, NIFTY NEXT 50 - TRI,9.0,-6.8,8.868668958742633,7.160055147058823,1000.0,0.85,1000.0
HDFC Long Duration Debt Fund-Reg(G), Debt - Long Duration Fund, Open ended, NIFTY Long Duration Debt Index,10.03,4.034813852813854,8.868668958742633,7.160055147058823,1000.0,0.6,1000.0
Axis CRISIL IBX 70:30 CPSE Plus SDL April 2025 Index Fund-Reg(G), Debt - Corporate Bond Fund, Open ended, CRISIL IBX 70:30 CPSE Plus SDL - April 2025,10.25,4.67,2.02,7.160055147058823,5000.0,0.3,1000.0
Mahindra Manulife Balanced Advantage Yojana-Reg(G), Hybrid - Balanced Advantage, Open ended, NIFTY 50 Hybrid Composite Debt 50:50 Index,10.11,1.84,8.868668958742633,7.160055147058823,1000.0,2.35,1000.0
ICICI Pru Nifty Bank Index Fund-Reg(G), Index Funds - Other, Open ended, NIFTY BANK - TRI,11.68,4.034813852813854,8.868668958742633,7.160055147058823,1000.0,1.0,1000.0
ICICI Pru Nifty Auto Index Fund-Reg(G), Index Funds - Other, Open ended, NIFTY AUTO - TRI,10.51,4.034813852813854,8.868668958742633,7.160055147058823,1000.0,0.99,1000.0
HDFC NIFTY 100 Index Fund-Reg(G), Index Funds - Other, Open ended, NIFTY 100 - TRI,10.3,4.034813852813854,8.868668958742633,7.160055147058823,1000.0,0.9,1000.0
HDFC NIFTY 100 Equal Weight Index Fund-Reg(G), Index Funds - Other, Open ended, Nifty100 Equal Weight - TRI,9.94,4.034813852813854,8.868668958742633,7.160055147058823,1000.0,1.2,1000.0
Axis CRISIL IBX SDL May 2027 Index Fund-Reg(G), Debt - Gilt Fund, Open ended, CRISIL IBX SDL Index - May 2027,10.2,5.25,8.868668958742633,7.160055147058823,5000.0,0.31,1000.0
Canara Rob Mid Cap Fund-Reg(G), Equity - Mid Cap Fund, Open ended, S&P BSE 150 MidCap - TRI,9.85,4.034813852813854,8.868668958742633,7.160055147058823,5000.0,2.36,1000.0
Mirae Asset Global Electric & Autonomous Vehicles ETFs FoF-Reg(G), FoFs (Overseas), Open ended, Solactive Autonomous & Electric Vehicles Index - TRI,10.63,4.034813852813854,8.868668958742633,7.160055147058823,5000.0,0.62,1000.0
IDFC Multi Cap Fund-Reg(IDCW), Equity - Multi Cap Fund, Open ended, Nifty500 Multicap 50:25:25 - TRI,10.78,6.92,8.868668958742633,7.160055147058823,1000.0,2.22,1000.0
Aditya Birla SL Business Cycle Fund-Reg(IDCW), Equity - Thematic Fund - Other, Open ended, S&P BSE 500 - TRI,10.36,2.38,8.868668958742633,7.160055147058823,1000.0,2.01,1000.0
IIFL Quant Fund-Reg(G), Equity - Thematic Fund - Other, Open ended, S&P BSE 200 - TRI,10.21,4.03,8.868668958742633,7.160055147058823,1000.0,1.58,1000.0
IIFL Quant Fund-Reg(IDCW), Equity - Thematic Fund - Other, Open ended, S&P BSE 200 - TRI,10.21,4.03,8.868668958742633,7.160055147058823,1000.0,1.58,1000.0
PGIM India Global Select Real Estate Securities FoF-Reg(G), FoFs (Overseas), Open ended, FTSE EPRA/NAREIT Developed Index,9.24,-7.21,8.868668958742633,7.160055147058823,5000.0,2.13,1030.463038180341
ITI Banking & Financial Services Fund-Reg(IDCW), Equity - Sectoral Fund - Banks & Financial Services, Open ended, Nifty Financial Services - TRI,10.63,9.21,8.868668958742633,7.160055147058823,5000.0,2.6,1000.0
Nippon India Taiwan Equity Fund-Reg(IDCW), Equity - Thematic Fund - Global, Open ended, Taiwan Capitalization Weighted Stock Index,7.48,-19.65,8.868668958742633,7.160055147058823,1000.0,2.39,1000.0
ICICI Pru S&P BSE 500 ETF FOF-Reg(IDCW), FoFs (Domestic) - Equity Oriented, Open ended, S&P BSE 500 - TRI,10.26,1.7,8.868668958742633,7.160055147058823,1000.0,0.61,1000.0
Canara Rob Banking and PSU Debt Fund-Reg(G), Debt - Banking and PSU Fund, Open ended, CRISIL Banking and PSU Debt Index,10.2,4.034813852813854,8.868668958742633,7.160055147058823,5000.0,0.71,1000.0
Mirae Asset Nifty India Manufacturing ETF FoF-Reg(G), FoFs (Domestic) - Equity Oriented, Open ended, Nifty India Manufacturing - TRI,10.5,5.01,8.868668958742633,7.160055147058823,5000.0,0.58,1000.0
Edelweiss Focused Equity Fund-Reg(G), Equity - Focused Fund, Open ended, NIFTY 500 - TRI,10.44,4.034813852813854,8.868668958742633,7.160055147058823,5000.0,2.53,1000.0
IIFL Quant Fund-Reg(IDCW Payout), Equity - Thematic Fund - Other, Open ended, S&P BSE 200 - TRI,10.21,4.03,8.868668958742633,7.160055147058823,1000.0,1.58,1000.0
Edelweiss NIFTY Large Mid Cap 250 Index Fund-Reg(IDCW), Index Funds - Other, Open ended, NIFTY LargeMidcap 250 - TRI,10.12,3.28,8.868668958742633,7.160055147058823,1000.0,1.03,1000.0
Quant Value Fund-Reg(G), Equity - Value Fund, Open ended, NIFTY 500 - TRI,11.05,6.5,8.868668958742633,7.160055147058823,5000.0,2.62,1000.0
Quant Value Fund-Reg(IDCW), Equity - Value Fund, Open ended, NIFTY 500 - TRI,11.03,6.35,8.868668958742633,7.160055147058823,5000.0,2.62,1000.0
Axis Nifty 50 Index Fund-Reg(IDCW), Index Funds - Nifty, Open ended, NIFTY 50 - TRI,10.55,4.57,8.868668958742633,7.160055147058823,1000.0,0.42,1000.0
Motilal Oswal MSCI EAFE Top 100 Select Index Fund-Reg(G), Index Funds - Other, Open ended, MSCI EAFE Top 100 Select Index,10.91,7.78,8.868668958742633,7.160055147058823,1000.0,1.06,1000.0
Tata Corp Bond Fund-Reg(G), Debt - Corporate Bond Fund, Open ended, CRISIL Corporate Bond Index,10.33,5.09,2.64,7.160055147058823,5000.0,0.87,1000.0
Tata Corp Bond Fund-Reg(IDCW), Debt - Corporate Bond Fund, Open ended, CRISIL Corporate Bond Index,10.33,5.09,2.64,7.160055147058823,5000.0,0.87,1000.0
Tata Corp Bond Fund-Reg(M-IDCW), Debt - Corporate Bond Fund, Open ended, CRISIL Corporate Bond Index,10.33,5.09,2.64,7.160055147058823,5000.0,0.87,1000.0
Tata Corp Bond Fund-Reg(Q-IDCW), Debt - Corporate Bond Fund, Open ended, CRISIL Corporate Bond Index,10.33,5.09,2.64,7.160055147058823,5000.0,0.87,1000.0
HDFC Multi Cap Fund-Reg(G), Equity - Multi Cap Fund, Open ended, Nifty500 Multicap 50:25:25 - TRI,11.09,10.72,8.868668958742633,7.160055147058823,1000.0,2.09,1000.0
HDFC Multi Cap Fund-Reg(IDCW), Equity - Multi Cap Fund, Open ended, Nifty500 Multicap 50:25:25 - TRI,11.09,10.72,8.868668958742633,7.160055147058823,1000.0,2.09,1000.0
Axis Multicap Fund-Reg(IDCW), Equity - Multi Cap Fund, Open ended, Nifty500 Multicap 50:25:25 - TRI,9.88,1.55,8.868668958742633,7.160055147058823,1000.0,1.86,1000.0
ICICI Pru PSU Equity Fund-Reg(G), Equity - Thematic Fund - Other, Open ended, S&P BSE PSU - TRI,10.36,4.034813852813854,8.868668958742633,7.160055147058823,5000.0,2.32,1000.0
Kotak Manufacture in India Fund-Reg(G), Equity - Thematic Fund - Other, Open ended, Nifty India Manufacturing - TRI,11.16,4.034813852813854,8.868668958742633,7.160055147058823,5000.0,2.27,1000.0
ICICI Pru Nifty Midcap 150 Index Fund-Reg(G), Index Funds - Other, Open ended, Nifty Midcap 150 - TRI,10.3,4.43,8.868668958742633,7.160055147058823,1000.0,1.0,1000.0
ICICI Pru Nifty Midcap 150 Index Fund-Reg(IDCW), Index Funds - Other, Open ended, Nifty Midcap 150 - TRI,10.3,4.43,8.868668958742633,7.160055147058823,1000.0,1.0,1000.0
Aditya Birla SL Nifty SDL Apr 2027 Index Fund-Reg(G), Debt - Gilt Fund, Open ended, Nifty SDL Apr 2027 Index,10.31,4.92,2.2,7.160055147058823,1000.0,0.55,1000.0
Motilal Oswal S&P BSE Financials ex Bank 30 Index Fund-Reg(G), Index Funds - Other, Open ended, S&P BSE Financials ex Bank 30 - TRI,9.72,4.034813852813854,8.868668958742633,7.160055147058823,1000.0,0.98,1000.0
IDFC Nifty 100 Index Fund-Reg(G), Index Funds - Other, Open ended, NIFTY 100 - TRI,10.3,4.034813852813854,8.868668958742633,7.160055147058823,1000.0,0.62,1000.0
BHARAT Bond ETF FOF - April 2032 -Reg(G), FoFs (Domestic) - Debt Oriented, Open ended, NIFTY BHARAT Bond Index - April 2032,10.38,3.33,8.868668958742633,7.160055147058823,1000.0,0.06,1000.0
BHARAT Bond ETF FOF - April 2032 -Reg(IDCW), FoFs (Domestic) - Debt Oriented, Open ended, NIFTY BHARAT Bond Index - April 2032,10.38,3.33,8.868668958742633,7.160055147058823,1000.0,0.06,1000.0
Mirae Asset Nifty SDL Jun 2027 Index Fund-Reg(G), Debt - Gilt Fund, Open ended, Nifty SDL Jun 2027 Index,10.21,5.32,8.868668958742633,7.160055147058823,5000.0,0.3,1000.0
Mahindra Manulife Balanced Advantage Yojana-Reg(IDCW), Hybrid - Balanced Advantage, Open ended, NIFTY 50 Hybrid Composite Debt 50:50 Index,10.11,1.84,8.868668958742633,7.160055147058823,1000.0,2.35,1000.0
ICICI Pru Passive Multi-Asset FoF(G), FoFs (Domestic) - Debt Oriented, Open ended, NIFTY 500 - TRI,10.84,6.74,8.868668958742633,7.160055147058823,1000.0,0.57,1000.0
ICICI Pru Passive Multi-Asset FoF(IDCW), FoFs (Domestic) - Debt Oriented, Open ended, NIFTY 500 - TRI,10.84,6.74,8.868668958742633,7.160055147058823,1000.0,0.57,1000.0
Nippon India Silver ETF FOF-Reg(G), FoFs (Domestic) - Debt Oriented, Open ended, Silver,10.47,1.93,8.868668958742633,7.160055147058823,1000.0,0.59,1000.0
IDFC CRISIL IBX 90:10 SDL Plus Gilt - Sep 2027 Index Fund-Reg(G), Debt - Gilt Fund, Open ended, CRISIL IBX 90:10 SDL Plus Gilt Index - September 2027,10.12,4.034813852813854,8.868668958742633,7.160055147058823,1000.0,0.4,1000.0
IDFC CRISIL IBX 90:10 SDL Plus Gilt - Nov 2026 Index Fund-Reg(G), Debt - Gilt Fund, Open ended, CRISIL IBX 90:10 SDL Plus Gilt Index - November 2026,10.15,4.034813852813854,8.868668958742633,7.160055147058823,1000.0,0.4,1000.0
ICICI Pru Silver ETF FOF(G), FoFs (Domestic) - Debt Oriented, Open ended, Silver,10.46,1.57,8.868668958742633,7.160055147058823,1000.0,0.77,1000.0
Samco Flexi Cap Fund-Reg(G), Equity - Flexi Cap Fund, Open ended, NIFTY 500 - TRI,9.32,-7.04,8.868668958742633,7.160055147058823,5000.0,2.43,1000.0
ITI Conservative Hybrid Fund-Reg(G), Hybrid - Conservative Hybrid Fund, Open ended, NIFTY 50 Hybrid Composite Debt 15:85 Index,10.35,4.034813852813854,8.868668958742633,7.160055147058823,5000.0,1.62,1000.0
Union Gilt Fund-Reg(G), Debt - Gilt Fund, Open ended, CRISIL Dynamic Gilt Index,10.23,4.3,8.868668958742633,7.160055147058823,1000.0,1.17,1000.0
Mirae Asset Balanced Advantage Fund-Reg(G), Hybrid - Dynamic Asset Allocation, Open ended, NIFTY 50 Hybrid Composite Debt 50:50 Index,10.18,4.034813852813854,8.868668958742633,7.160055147058823,5000.0,2.27,1000.0
Aditya Birla SL Silver ETF FOF-Reg(G), FoFs (Domestic) - Debt Oriented, Open ended, Silver,10.66,2.27,8.868668958742633,7.160055147058823,1000.0,0.64,1000.0
Aditya Birla SL CRISIL IBX 60:40 SDL + AAA PSU - Apr 2025 Index Fund-Reg(G), Debt - Corporate Bond Fund, Open ended, CRISIL IBX 60:40 PSU + AAA PSU Index - April 2025,10.2,4.87,8.868668958742633,7.160055147058823,1000.0,0.35,1000.0
Aditya Birla SL CRISIL IBX 60:40 SDL + AAA PSU - Apr 2027 Index Fund-Reg(G), Debt - Corporate Bond Fund, Open ended, CRISIL IBX 60:40 PSU + AAA PSU Index - April 2027,10.19,4.79,8.868668958742633,7.160055147058823,1000.0,0.4,1000.0
SBI CPSE Bond Plus SDL Sep 2026 50:50 Index Fund-Reg(IDCW), Debt - Corporate Bond Fund, Open ended, Nifty CPSE Bond Plus SDL Sep 2026 50:50 Index,10.28,4.48,1.96,7.160055147058823,5000.0,0.39,1000.0
Axis Nifty Next 50 Index Fund-Reg(IDCW), Index Funds - Nifty Next 50, Open ended, NIFTY NEXT 50 - TRI,9.41,-6.33,8.868668958742633,7.160055147058823,1000.0,0.83,1000.0
Mirae Asset Nifty India Manufacturing ETF FoF-Reg(IDCW), FoFs (Domestic) - Equity Oriented, Open ended, Nifty India Manufacturing - TRI,10.54,5.4,8.868668958742633,7.160055147058823,5000.0,0.58,1000.0
Axis CRISIL IBX 70:30 CPSE Plus SDL April 2025 Index Fund-Reg(IDCW), Debt - Corporate Bond Fund, Open ended, CRISIL IBX 70:30 CPSE Plus SDL - April 2025,10.25,4.67,2.02,7.160055147058823,5000.0,0.3,1000.0
Aditya Birla SL Silver ETF FOF-Reg(IDCW), FoFs (Domestic) - Debt Oriented, Open ended, Silver,10.66,2.25,8.868668958742633,7.160055147058823,1000.0,0.64,1000.0
Nippon India Silver ETF FOF-Reg(IDCW), FoFs (Domestic) - Debt Oriented, Open ended, Silver,10.47,1.93,8.868668958742633,7.160055147058823,1000.0,0.59,1000.0
ICICI Pru Silver ETF FOF(IDCW), FoFs (Domestic) - Debt Oriented, Open ended, Silver,10.46,1.57,8.868668958742633,7.160055147058823,1000.0,0.77,1000.0
Aditya Birla SL Nifty SDL Apr 2027 Index Fund-Reg(IDCW), Debt - Gilt Fund, Open ended, Nifty SDL Apr 2027 Index,10.31,4.92,2.2,7.160055147058823,1000.0,0.55,1000.0
Invesco India Flexi Cap Fund-Reg(IDCW), Equity - Flexi Cap Fund, Open ended, S&P BSE 500 - TRI,10.51,4.6,8.868668958742633,7.160055147058823,1000.0,2.26,1000.0
TRUSTMF Overnight Fund-Reg(DD-IDCW), Debt - Overnight Fund, Open ended, CRISIL Overnight Index,1053.21,5.01,8.868668958742633,7.160055147058823,1000.0,0.12,1000.0
UTI S&P BSE Sensex Index Fund-Reg(G), Index Funds - Sensex, Open ended, S&P BSE SENSEX - TRI,10.7,6.61,8.868668958742633,7.160055147058823,5000.0,0.29,1000.0
Motilal Oswal Nifty 200 Momentum 30 Index Fund-Reg(G), Index Funds - Other, Open ended, Nifty200 Momentum 30 - TRI,9.15,-9.14,8.868668958742633,7.160055147058823,1000.0,0.97,1000.0
DSP Global Innovation FoF-Reg(IDCW), FoFs (Overseas), Open ended, MSCI AC World Index,9.43,-5.68,8.868668958742633,7.160055147058823,1000.0,2.23,1000.0
IDFC Nifty 100 Index Fund-Reg(IDCW), Index Funds - Other, Open ended, NIFTY 100 - TRI,10.3,4.034813852813854,8.868668958742633,7.160055147058823,1000.0,0.62,1000.0
Tata Nifty SDL Plus AAA PSU Bond Dec 2027 60:40 Index Fund-Reg(G), Debt - Corporate Bond Fund, Open ended, Nifty SDL Plus AAA PSU Bond Dec 2027 60: 40 Index - TRI,10.31,4.72,8.868668958742633,7.160055147058823,5000.0,0.46,1000.0
Tata Nifty India Digital ETF FoF-Reg(G), FoFs (Domestic) - Equity Oriented, Open ended, Nifty India Digital  - TRI,8.97,4.034813852813854,8.868668958742633,7.160055147058823,5000.0,0.55,1000.0
ICICI Pru Nifty G-Sec Dec 2030 Index Fund-Reg(G), Debt - Gilt Fund, Open ended, Nifty G-Sec Dec 2030 Index,10.31,4.034813852813854,8.868668958742633,7.160055147058823,1000.0,0.4,1000.0
ICICI Pru Nifty SDL Dec 2028 Index Fund-Reg(G), Debt - Gilt Fund, Open ended, Nifty SDL Dec 2028 Index,10.31,4.034813852813854,8.868668958742633,7.160055147058823,1000.0,0.4,1000.0
Aditya Birla SL Nifty Next 50 Index Fund-Reg(G), Index Funds - Nifty Next 50, Open ended, NIFTY NEXT 50 - TRI,9.46,4.034813852813854,8.868668958742633,7.160055147058823,1000.0,1.03,1000.0
Aditya Birla SL Nifty Next 50 Index Fund-Reg(IDCW), Index Funds - Nifty Next 50, Open ended, NIFTY NEXT 50 - TRI,9.47,4.034813852813854,8.868668958742633,7.160055147058823,1000.0,1.03,1000.0
Kotak Manufacture in India Fund-Reg(IDCW), Equity - Thematic Fund - Other, Open ended, Nifty India Manufacturing - TRI,11.16,4.034813852813854,8.868668958742633,7.160055147058823,5000.0,2.27,1000.0
WOC Flexi Cap Fund-Reg(G), Equity - Flexi Cap Fund, Open ended, S&P BSE 500 - TRI,10.27,4.034813852813854,8.868668958742633,7.160055147058823,1000.0,2.23,1000.0
Axis Silver FoF-Reg(G), FoFs (Domestic) - Debt Oriented, Open ended, Silver,11.71,4.034813852813854,8.868668958742633,7.160055147058823,5000.0,0.7,1000.0
Axis Equity ETFs FoF-Reg(G), FoFs (Domestic) - Equity Oriented, Open ended, NIFTY 500 - TRI,10.54,4.034813852813854,8.868668958742633,7.160055147058823,5000.0,0.27,1000.0
Axis Equity ETFs FoF-Reg(IDCW), FoFs (Domestic) - Equity Oriented, Open ended, NIFTY 500 - TRI,10.54,4.034813852813854,8.868668958742633,7.160055147058823,5000.0,0.27,1000.0
Kotak Nifty SDL Apr 2027 Top 12 Equal Weight Index Fund-Reg(G), Debt - Corporate Bond Fund, Open ended, Nifty SDL Apr 2027 Top 12 Equal Weight Index,10.23,5.18,2.18,7.160055147058823,5000.0,0.35,1000.0
Kotak Nifty SDL Apr 2027 Top 12 Equal Weight Index Fund-Reg(IDCW), Debt - Corporate Bond Fund, Open ended, Nifty SDL Apr 2027 Top 12 Equal Weight Index,10.23,5.18,2.18,7.160055147058823,5000.0,0.35,1000.0
Axis CRISIL IBX SDL May 2027 Index Fund-Reg(IDCW), Debt - Gilt Fund, Open ended, CRISIL IBX SDL Index - May 2027,10.2,5.25,8.868668958742633,7.160055147058823,5000.0,0.31,1000.0
Kotak Nifty SDL Apr 2032 Top 12 Equal Weight Index Fund-Reg(G), Debt - Corporate Bond Fund, Open ended, Nifty SDL Apr 2032 Top 12 Equal Weight Index,10.37,6.47,3.37,7.160055147058823,5000.0,0.36,1000.0
Kotak Nifty SDL Apr 2032 Top 12 Equal Weight Index Fund-Reg(IDCW), Debt - Corporate Bond Fund, Open ended, Nifty SDL Apr 2032 Top 12 Equal Weight Index,10.37,6.47,3.4,7.160055147058823,5000.0,0.36,1000.0
ICICI Pru Nifty Bank Index Fund-Reg(IDCW), Index Funds - Other, Open ended, NIFTY BANK - TRI,11.68,4.034813852813854,8.868668958742633,7.160055147058823,1000.0,1.0,1000.0
SBI Multicap Fund-Reg(G), Equity - Multi Cap Fund, Open ended, Nifty500 Multicap 50:25:25 - TRI,10.42,4.034813852813854,8.868668958742633,7.160055147058823,5000.0,1.84,1000.0
SBI Multicap Fund-Reg(IDCW), Equity - Multi Cap Fund, Open ended, Nifty500 Multicap 50:25:25 - TRI,10.42,4.034813852813854,8.868668958742633,7.160055147058823,5000.0,1.84,1000.0
UTI S&P BSE Low Volatility Index Fund-Reg(G), Index Funds - Other, Open ended, S&P BSE Low Volatility Index - TRI,11.08,4.034813852813854,8.868668958742633,7.160055147058823,5000.0,0.9,1000.0
Aditya Birla SL CRISIL IBX AAA - Jun 2023 Index Fund-Reg(G), Debt - Corporate Bond Fund, Open ended, CRISIL IBX AAA Index - June 2023,10.42,5.8,8.868668958742633,7.160055147058823,1000.0,0.3,1000.0
Aditya Birla SL CRISIL IBX AAA - Jun 2023 Index Fund-Reg(IDCW), Debt - Corporate Bond Fund, Open ended, CRISIL IBX AAA Index - June 2023,10.42,5.81,8.868668958742633,7.160055147058823,1000.0,0.3,1000.0
Axis Nifty Smallcap 50 Index Fund-Reg(IDCW), Index Funds - Other, Open ended, Nifty Smallcap 50 - TRI,9.14,4.034813852813854,8.868668958742633,7.160055147058823,1000.0,1.0,1000.0
ITI Conservative Hybrid Fund-Reg(Q-IDCW), Hybrid - Conservative Hybrid Fund, Open ended, NIFTY 50 Hybrid Composite Debt 15:85 Index,10.35,4.034813852813854,8.868668958742633,7.160055147058823,5000.0,1.62,1000.0
ITI Conservative Hybrid Fund-Reg(H-IDCW), Hybrid - Conservative Hybrid Fund, Open ended, NIFTY 50 Hybrid Composite Debt 15:85 Index,10.35,4.034813852813854,8.868668958742633,7.160055147058823,5000.0,1.62,1000.0
ITI Conservative Hybrid Fund-Reg(A-IDCW), Hybrid - Conservative Hybrid Fund, Open ended, NIFTY 50 Hybrid Composite Debt 15:85 Index,10.35,4.034813852813854,8.868668958742633,7.160055147058823,5000.0,1.62,1000.0
Motilal Oswal S&P BSE Low Volatility Index Fund-Reg(G), Index Funds - Other, Open ended, S&P BSE Low Volatility Index - TRI,11.04,4.034813852813854,8.868668958742633,7.160055147058823,1000.0,0.96,1000.0
HDFC Business Cycle Fund-Reg(G), Equity - Thematic Fund - Other, Open ended, NIFTY 500 - TRI,9.78,4.034813852813854,8.868668958742633,7.160055147058823,1000.0,2.2,1000.0
Edelweiss CRISIL PSU Plus SDL 50:50 Oct 2025 Index Fund-Reg(G), Debt - Corporate Bond Fund, Open ended, CRISIL IBX 50:50 PSU + SDL Index - October 2025,10.24,4.76,8.868668958742633,7.160055147058823,5000.0,0.36,1000.0
Edelweiss CRISIL PSU Plus SDL 50:50 Oct 2025 Index Fund-Reg(IDCW), Debt - Corporate Bond Fund, Open ended, CRISIL IBX 50:50 PSU + SDL Index - October 2025,10.24,4.76,8.868668958742633,7.160055147058823,5000.0,0.36,1000.0
Axis Nifty Midcap 50 Index Fund-Reg(G), Index Funds - Other, Open ended, Nifty Midcap 50 - TRI,10.54,4.034813852813854,8.868668958742633,7.160055147058823,1000.0,0.98,1000.0
Axis Nifty Midcap 50 Index Fund-Reg(IDCW), Index Funds - Other, Open ended, Nifty Midcap 50 - TRI,10.54,4.034813852813854,8.868668958742633,7.160055147058823,1000.0,0.98,1000.0
HDFC Silver ETF FoF-Reg(G), FoFs (Domestic) - Equity Oriented, Open ended, Silver,11.32,4.034813852813854,8.868668958742633,7.160055147058823,1000.0,0.67,1000.0
DSP Nifty Midcap 150 Quality 50 Index Fund-Reg(G), Index Funds - Other, Open ended, NIFTY Midcap150 Quality 50 - TRI,9.46,4.034813852813854,8.868668958742633,7.160055147058823,1000.0,1.0,1000.0
Kotak Business Cycle Fund-Reg(G), Equity - Thematic Fund - Other, Open ended, NIFTY 500 - TRI,10.04,4.034813852813854,8.868668958742633,7.160055147058823,5000.0,2.1,1000.0
DSP Nifty SDL Plus G-Sec Jun 2028 30:70 Index Fund-Reg(IDCW), Debt - Gilt Fund, Open ended, Nifty SDL Plus G-Sec Jun 2028 70:30 Index,10.29,5.14,8.868668958742633,7.160055147058823,1000.0,0.29,1000.0
HSBC CRISIL IBX 50:50 Gilt Plus SDL Apr 2028 Index Fund-Reg(G), Debt - Gilt Fund, Open ended, CRISIL IBX 50:50 Gilt Plus SDL Index - April 2028,10.29,4.92,8.868668958742633,7.160055147058823,5000.0,0.29,1000.0
HSBC CRISIL IBX 50:50 Gilt Plus SDL Apr 2028 Index Fund-Reg(IDCW), Debt - Gilt Fund, Open ended, CRISIL IBX 50:50 Gilt Plus SDL Index - April 2028,10.29,4.92,8.868668958742633,7.160055147058823,5000.0,0.29,1000.0
ICICI Pru Nifty SDL Sep 2027 Index Fund-Reg(G), Debt - Gilt Fund, Open ended, Nifty SDL Sep 2027 Index,10.22,5.08,8.868668958742633,7.160055147058823,1000.0,0.35,1000.0
ICICI Pru Nifty SDL Sep 2027 Index Fund-Reg(A-IDCW), Debt - Gilt Fund, Open ended, Nifty SDL Sep 2027 Index,10.22,5.08,8.868668958742633,7.160055147058823,1000.0,0.35,1000.0
ICICI Pru Housing Opp Fund-Reg(G), Equity - Thematic Fund - Other, Open ended, Nifty Housing - TRI,10.78,4.034813852813854,8.868668958742633,7.160055147058823,5000.0,2.1,1000.0
ICICI Pru Housing Opp Fund-Reg(IDCW), Equity - Thematic Fund - Other, Open ended, Nifty Housing - TRI,10.78,4.034813852813854,8.868668958742633,7.160055147058823,5000.0,2.1,1000.0
Tata Nifty SDL Plus AAA PSU Bond Dec 2027 60:40 Index Fund-Reg(IDCW), Debt - Corporate Bond Fund, Open ended, Nifty SDL Plus AAA PSU Bond Dec 2027 60: 40 Index - TRI,10.31,4.72,8.868668958742633,7.160055147058823,5000.0,0.46,1000.0
Tata Nifty India Digital ETF FoF-Reg(IDCW), FoFs (Domestic) - Equity Oriented, Open ended, Nifty India Digital  - TRI,8.97,4.034813852813854,8.868668958742633,7.160055147058823,5000.0,0.55,1000.0
Aditya Birla SL CRISIL IBX 60:40 SDL + AAA PSU - Apr 2025 Index Fund-Reg(IDCW), Debt - Corporate Bond Fund, Open ended, CRISIL IBX 60:40 PSU + AAA PSU Index - April 2025,10.2,4.87,8.868668958742633,7.160055147058823,1000.0,0.35,1000.0
Aditya Birla SL CRISIL IBX 60:40 SDL + AAA PSU - Apr 2027 Index Fund-Reg(IDCW), Debt - Corporate Bond Fund, Open ended, CRISIL IBX 60:40 PSU + AAA PSU Index - April 2027,10.18,4.72,8.868668958742633,7.160055147058823,1000.0,0.4,1000.0
Mirae Asset Nifty SDL Jun 2027 Index Fund-Reg(IDCW), Debt - Gilt Fund, Open ended, Nifty SDL Jun 2027 Index,10.21,5.32,8.868668958742633,7.160055147058823,5000.0,0.3,1000.0
WOC Flexi Cap Fund-Reg(IDCW), Equity - Flexi Cap Fund, Open ended, S&P BSE 500 - TRI,10.27,4.034813852813854,8.868668958742633,7.160055147058823,1000.0,2.23,1000.0
LIC MF Money Market Fund-Reg(G), Debt - Money Market Fund, Open ended, Nifty Money Market Index,1026.71,4.92,8.868668958742633,7.160055147058823,5000.0,0.61,1000.0
Samco ELSS Tax Saver Fund-Reg(G), Equity - ELSS, Open ended, NIFTY 500 - TRI,10.07,4.034813852813854,8.868668958742633,7.160055147058823,1000.0,2.64,1000.0
IDFC Nifty100 Low Volatility 30 Index Fund-Reg(G), Index Funds - Other, Open ended, Nifty100 Low Volatility 30 - TRI,10.32,4.034813852813854,8.868668958742633,7.160055147058823,1000.0,1.0,1000.0
IDFC Nifty200 Momentum 30 Index Fund-Reg(G), Index Funds - Other, Open ended, Nifty200 Momentum 30 - TRI,9.51,4.034813852813854,8.868668958742633,7.160055147058823,1000.0,1.0,1000.0
HDFC Nifty G-Sec Jun 2027 Index Fund-Reg(G), Debt - Gilt Fund, Open ended, Nifty G-Sec Jun 2027 Index,10.09,4.034813852813854,8.868668958742633,7.160055147058823,1000.0,0.37,1000.0
HDFC Nifty G-Sec Jul 2031 Index Fund-Reg(G), Debt - Gilt Fund, Open ended, Nifty G-Sec July 2031 Index,10.19,4.034813852813854,8.868668958742633,7.160055147058823,1000.0,0.35,1000.0
Sundaram Flexi Cap Fund-Reg(G), Equity - Flexi Cap Fund, Open ended, NIFTY 500 - TRI,9.93,4.034813852813854,8.868668958742633,7.160055147058823,1000.0,2.11,1000.0
LIC MF Multi Cap Fund-Reg(G), Equity - Multi Cap Fund, Open ended, Nifty500 Multicap 50:25:25 - TRI,9.86,4.034813852813854,8.868668958742633,7.160055147058823,5000.0,2.69,1000.0
Franklin India Balanced Advantage Fund-Reg(G), Hybrid - Dynamic Asset Allocation, Open ended, NIFTY 50 Hybrid Composite Debt 50:50 Index,10.13,4.034813852813854,8.868668958742633,7.160055147058823,5000.0,2.25,1000.0
Axis Long Duration Fund-Reg(G), Debt - Long Duration Fund, Open ended, NIFTY Long Duration Debt Index,1014.79,4.034813852813854,8.868668958742633,7.160055147058823,5000.0,0.75,1000.0
Edelweiss Focused Equity Fund-Reg(IDCW), Equity - Focused Fund, Open ended, NIFTY 500 - TRI,10.44,4.034813852813854,8.868668958742633,7.160055147058823,5000.0,2.53,1000.0
Quantum Nifty 50 ETF FoF-Reg(G), FoFs (Domestic) - Equity Oriented, Open ended, NIFTY 50 - TRI,10.38,4.034813852813854,8.868668958742633,7.160055147058823,1000.0,0.18,1000.0
Union Gilt Fund-Reg(H-IDCW), Debt - Gilt Fund, Open ended, CRISIL Dynamic Gilt Index,10.23,4.3,8.868668958742633,7.160055147058823,1000.0,1.17,1000.0
UTI Gilt Fund with 10 year Constant Duration-Reg(Q-IDCW), Debt - Gilt Fund with 10 year constant duration, Open ended, NIFTY 500 - TRI,10.35,5.88,8.868668958742633,7.160055147058823,5000.0,0.69,1000.0
UTI Gilt Fund with 10 year Constant Duration-Reg(H-IDCW), Debt - Gilt Fund with 10 year constant duration, Open ended, NIFTY 500 - TRI,10.35,5.88,8.868668958742633,7.160055147058823,5000.0,0.69,1000.0
UTI Gilt Fund with 10 year Constant Duration-Reg(A-IDCW), Debt - Gilt Fund with 10 year constant duration, Open ended, NIFTY 500 - TRI,10.35,5.88,8.868668958742633,7.160055147058823,5000.0,0.69,1000.0
UTI Gilt Fund with 10 year Constant Duration-Reg(F-IDCW), Debt - Gilt Fund with 10 year constant duration, Open ended, NIFTY 500 - TRI,10.35,5.88,8.868668958742633,7.160055147058823,5000.0,0.69,1000.0
DSP Nifty Midcap 150 Quality 50 Index Fund-Reg(IDCW), Index Funds - Other, Open ended, NIFTY Midcap150 Quality 50 - TRI,9.46,4.034813852813854,8.868668958742633,7.160055147058823,1000.0,1.0,1000.0
Quant Large Cap Fund-Reg(G), Equity - Large Cap Fund, Open ended, NIFTY 100 - TRI,9.54,4.034813852813854,8.868668958742633,7.160055147058823,5000.0,2.63,1000.0
Quant Large Cap Fund-Reg(IDCW), Equity - Large Cap Fund, Open ended, NIFTY 100 - TRI,9.54,4.034813852813854,8.868668958742633,7.160055147058823,5000.0,2.63,1000.0
ICICI Pru Nifty 200 Momentum 30 Index Fund-Reg(G), Index Funds - Other, Open ended, Nifty200 Momentum 30 - TRI,10.08,4.034813852813854,8.868668958742633,7.160055147058823,5000.0,0.99,5000.0
ICICI Pru Nifty 200 Momentum 30 Index Fund-Reg(IDCW), Index Funds - Other, Open ended, Nifty200 Momentum 30 - TRI,10.08,4.034813852813854,8.868668958742633,7.160055147058823,5000.0,0.99,5000.0
IDFC Midcap Fund-Reg(IDCW), Equity - Mid Cap Fund, Open ended, S&P BSE 150 MidCap - TRI,9.98,4.034813852813854,8.868668958742633,7.160055147058823,1000.0,2.53,1000.0
Union Gilt Fund-Reg(A-IDCW), Debt - Gilt Fund, Open ended, CRISIL Dynamic Gilt Index,10.23,4.3,8.868668958742633,7.160055147058823,1000.0,1.17,1000.0
Mirae Asset Balanced Advantage Fund-Reg(IDCW), Hybrid - Dynamic Asset Allocation, Open ended, NIFTY 50 Hybrid Composite Debt 50:50 Index,10.18,4.034813852813854,8.868668958742633,7.160055147058823,5000.0,2.27,1000.0
Baroda BNP Paribas Flexi Cap Fund-Reg(G), Equity - Flexi Cap Fund, Open ended, NIFTY 500 - TRI,10.1,4.034813852813854,8.868668958742633,7.160055147058823,5000.0,2.08,1000.0
Baroda BNP Paribas Flexi Cap Fund-Reg(IDCW), Equity - Flexi Cap Fund, Open ended, NIFTY 500 - TRI,10.1,4.034813852813854,8.868668958742633,7.160055147058823,5000.0,2.08,1000.0
ICICI Pru Nifty IT Index Fund-Reg(G), ETFs - Index, Open ended, NIFTY IT - TRI,10.49,4.034813852813854,8.868668958742633,7.160055147058823,1000.0,0.95,1000.0
ICICI Pru Nifty IT Index Fund-Reg(IDCW), ETFs - Index, Open ended, NIFTY IT - TRI,10.49,4.034813852813854,8.868668958742633,7.160055147058823,1000.0,0.95,1000.0
Aditya Birla SL Long Duration Fund-Reg(G), Debt - Long Duration Fund, Open ended, NIFTY Long Duration Debt Index,10.45,7.57,8.868668958742633,7.160055147058823,1000.0,1.06,1000.0
Aditya Birla SL Long Duration Fund-Reg(IDCW), Debt - Long Duration Fund, Open ended, NIFTY Long Duration Debt Index,10.44,7.46,8.868668958742633,7.160055147058823,1000.0,1.06,1000.0
Nippon India Nifty Alpha Low Volatility 30 Index Fund(G), Index Funds - Other, Open ended, NIFTY Alpha Low-Volatility 30 - TRI,10.14,4.034813852813854,8.868668958742633,7.160055147058823,1000.0,1.01,1000.0
Nippon India Nifty Alpha Low Volatility 30 Index Fund(IDCW), Index Funds - Other, Open ended, NIFTY Alpha Low-Volatility 30 - TRI,10.14,4.034813852813854,8.868668958742633,7.160055147058823,1000.0,1.01,1000.0
LIC MF Money Market Fund-Reg(IDCW), Debt - Money Market Fund, Open ended, Nifty Money Market Index,1026.71,4.92,8.868668958742633,7.160055147058823,5000.0,0.61,1000.0
Kotak Nifty SDL Jul 2026 Index Fund-Reg(G), Debt - Gilt Fund, Open ended, Nifty SDL Jul 2026 Index,10.08,4.034813852813854,8.868668958742633,7.160055147058823,5000.0,0.4,1000.0
Kotak Nifty SDL Plus AAA PSU Bond Jul 2028 60:40 Index Fund-Reg(G), Debt - Corporate Bond Fund, Open ended, Nifty SDL Plus AAA PSU Bond Jul 2028 60:40 Index,10.26,4.034813852813854,8.868668958742633,7.160055147058823,5000.0,0.39,1000.0
Canara Rob Banking and PSU Debt Fund-Reg(IDCW), Debt - Banking and PSU Fund, Open ended, CRISIL Banking and PSU Debt Index,10.2,4.034813852813854,8.868668958742633,7.160055147058823,5000.0,0.71,1000.0
TRUSTMF Money Market Fund-Reg(G), Debt - Money Market Fund, Open ended, CRISIL Money Market Index,1030.91,4.034813852813854,8.868668958742633,7.160055147058823,1000.0,0.32,1000.0
TRUSTMF Money Market Fund-Reg(M-IDCW), Debt - Money Market Fund, Open ended, CRISIL Money Market Index,1024.9,4.034813852813854,8.868668958742633,7.160055147058823,1000.0,0.32,1000.0
Motilal Oswal S&P BSE Enhanced Value Index Fund-Reg(G), Index Funds - Other, Open ended, S&P BSE Enhanced Value Index - TRI,11.96,4.034813852813854,8.868668958742633,7.160055147058823,1000.0,0.95,1000.0
Motilal Oswal S&P BSE Quality Index Fund-Reg(G), ETFs - Index, Open ended, S&P BSE Quality Index - TRI,10.57,4.034813852813854,8.868668958742633,7.160055147058823,1000.0,0.98,1000.0
JM Short Duration Fund-Reg(G), Debt - Short Duration Fund, Open ended, NIFTY 500 - TRI,10.21,4.034813852813854,8.868668958742633,7.160055147058823,5000.0,1.19,1000.0
JM Short Duration Fund-Reg(IDCW), Debt - Short Duration Fund, Open ended, NIFTY 500 - TRI,10.21,4.034813852813854,8.868668958742633,7.160055147058823,5000.0,1.19,1000.0
Franklin India Balanced Advantage Fund-Reg(IDCW), Hybrid - Dynamic Asset Allocation, Open ended, NIFTY 50 Hybrid Composite Debt 50:50 Index,10.13,4.034813852813854,8.868668958742633,7.160055147058823,5000.0,2.25,1000.0
Tata Housing Opportunities Fund-Reg(G), Equity - Thematic Fund - Other, Open ended, Nifty Housing - TRI,10.11,4.034813852813854,8.868668958742633,7.160055147058823,5000.0,2.49,1000.0
Tata Housing Opportunities Fund-Reg(IDCW), Equity - Thematic Fund - Other, Open ended, Nifty Housing - TRI,10.11,4.034813852813854,8.868668958742633,7.160055147058823,5000.0,2.49,1000.0
WOC Mid Cap Fund-Reg(G), Equity - Mid Cap Fund, Open ended, S&P BSE 150 MidCap - TRI,9.9,4.034813852813854,8.868668958742633,7.160055147058823,1000.0,2.45,1000.0
WOC Mid Cap Fund-Reg(IDCW), Equity - Mid Cap Fund, Open ended, S&P BSE 150 MidCap - TRI,9.9,4.034813852813854,8.868668958742633,7.160055147058823,1000.0,2.45,1000.0
WOC Tax Saver Fund-Reg(G), Equity - ELSS, Open ended, S&P BSE 500 - TRI,9.99,4.034813852813854,8.868668958742633,7.160055147058823,1000.0,2.54,1000.0
WOC Tax Saver Fund-Reg(IDCW), Equity - ELSS, Open ended, S&P BSE 500 - TRI,9.99,4.034813852813854,8.868668958742633,7.160055147058823,1000.0,2.54,1000.0
Shriram Overnight Fund-Reg(G), Debt - Overnight Fund, Open ended, CRISIL Overnight Index,10.29,4.034813852813854,8.868668958742633,7.160055147058823,5000.0,0.15,1000.0
Shriram Overnight Fund-Reg(DD-IDCW), Debt - Overnight Fund, Open ended, CRISIL Overnight Index,10.0,4.034813852813854,8.868668958742633,7.160055147058823,5000.0,0.15,1000.0
Shriram Overnight Fund-Reg(W-IDCW), Debt - Overnight Fund, Open ended, CRISIL Overnight Index,10.01,4.034813852813854,8.868668958742633,7.160055147058823,5000.0,0.15,1000.0
Shriram Overnight Fund-Reg(M-IDCW), Debt - Overnight Fund, Open ended, CRISIL Overnight Index,10.0,4.034813852813854,8.868668958742633,7.160055147058823,5000.0,0.15,1000.0
ICICI Pru PSU Equity Fund-Reg(IDCW), Equity - Thematic Fund - Other, Open ended, S&P BSE PSU - TRI,10.36,4.034813852813854,8.868668958742633,7.160055147058823,5000.0,2.32,1000.0
IDFC Nifty200 Momentum 30 Index Fund-Reg(IDCW), Index Funds - Other, Open ended, Nifty200 Momentum 30 - TRI,9.51,4.034813852813854,8.868668958742633,7.160055147058823,1000.0,1.0,1000.0
Sundaram Flexi Cap Fund-Reg(IDCW), Equity - Flexi Cap Fund, Open ended, NIFTY 500 - TRI,9.93,4.034813852813854,8.868668958742633,7.160055147058823,1000.0,2.11,1000.0
Edelweiss Gold and Silver ETF FoF-Reg(G), FoFs (Domestic / Overseas ) - Gold, Open ended, NIFTY 500 - TRI,11.34,4.034813852813854,8.868668958742633,7.160055147058823,5000.0,0.63,1000.0
Edelweiss Gold and Silver ETF FoF-Reg(IDCW), FoFs (Domestic / Overseas ) - Gold, Open ended, NIFTY 500 - TRI,11.34,4.034813852813854,8.868668958742633,7.160055147058823,5000.0,0.63,1000.0
IDFC CRISIL IBX 90:10 SDL Plus Gilt - April 2032 Index Fund-Reg(G), Debt - Gilt Fund, Open ended, CRISIL IBX 90:10 SDL Plus Gilt Index - April 2032,10.13,4.034813852813854,8.868668958742633,7.160055147058823,1000.0,0.3,1000.0
IDFC CRISIL IBX Gilt April 2026 Index Fund-Reg(G), Debt - Gilt Fund, Open ended, CRISIL IBX Gilt Index - April 2026,10.26,4.034813852813854,8.868668958742633,7.160055147058823,1000.0,0.4,1000.0
Nippon India Nifty SDL Plus G-Sec-Jun 2028 Maturity 70:30 Index Fund-Reg(G), Debt - Gilt Fund, Open ended, Nifty SDL Plus G-Sec Jun 2028 70:30 Index,10.14,4.034813852813854,8.868668958742633,7.160055147058823,1000.0,0.38,1000.0
Baroda BNP Paribas Multi Asset Fund-Reg(G), Hybrid - Multi Asset Allocation, Open ended, NIFTY 500 - TRI,10.02,4.034813852813854,8.868668958742633,7.160055147058823,5000.0,2.37,1000.0
Union Retirement Fund-Reg(IDCW), Solution Oriented - Retirement Fund, Open ended, S&P BSE 500 - TRI,9.9,4.034813852813854,8.868668958742633,7.160055147058823,1000.0,2.45,1000.0
Edelweiss CRISIL IBX 50:50 Gilt Plus SDL April 2037 Index Fund-Reg(G), Debt - Gilt Fund with 10 year constant duration, Open ended, CRISIL IBX 50:50 Gilt Plus SDL Index - April 2037,10.38,4.034813852813854,8.868668958742633,7.160055147058823,5000.0,0.4,1000.0
SBI Long Duration Fund-Reg(G), Debt - Long Duration Fund, Open ended, Crisil Long Term Debt Index,10.13,4.034813852813854,8.868668958742633,7.160055147058823,5000.0,1.3712016129032258,1000.0
HDFC Nifty G-Sec Dec 2026 Index Fund-Reg(G), Debt - Gilt Fund, Open ended, Nifty G-sec Dec 2026 Index,10.18,4.034813852813854,8.868668958742633,7.160055147058823,1000.0,0.35,1000.0
HDFC Nifty G-Sec Sep 2032 Index Fund-Reg(G), Debt - Gilt Fund, Open ended, Nifty G-Sec Sep 2032 Index,10.1,4.034813852813854,8.868668958742633,7.160055147058823,1000.0,0.37,1000.0
Axis Silver FoF-Reg(IDCW), FoFs (Domestic) - Debt Oriented, Open ended, Silver,11.71,4.034813852813854,8.868668958742633,7.160055147058823,5000.0,0.7,1000.0
Aditya Birla SL CRISIL IBX Gilt - April 2026 Index Fund-Reg(G), Debt - Gilt Fund, Open ended, CRISIL IBX Gilt Index - April 2026,10.28,4.034813852813854,8.868668958742633,7.160055147058823,1000.0,0.35,1000.0
Aditya Birla SL Nifty SDL Sep 2025 Index Fund-Reg(G), Debt - Gilt Fund, Open ended, Nifty SDL Sep 2025 Index,10.28,4.034813852813854,8.868668958742633,7.160055147058823,1000.0,0.35,1000.0
Kotak Business Cycle Fund-Reg(IDCW), Equity - Thematic Fund - Other, Open ended, NIFTY 500 - TRI,10.04,4.034813852813854,8.868668958742633,7.160055147058823,5000.0,2.1,1000.0
Aditya Birla SL CRISIL IBX 50:50 Gilt Plus SDL Apr 2028 Index Fund-Reg(G), Debt - Gilt Fund, Open ended, CRISIL IBX 50:50 Gilt Plus SDL Index - April 2028,10.29,4.034813852813854,8.868668958742633,7.160055147058823,1000.0,0.33,1000.0
ICICI Pru Nifty50 Equal Weight Index Fund-Reg(G), Index Funds - Other, Open ended, NIFTY50 Equal Weight - TRI,10.4,4.034813852813854,8.868668958742633,7.160055147058823,5000.0,1.0,5000.0
ICICI Pru Nifty50 Equal Weight Index Fund-Reg(IDCW), Index Funds - Other, Open ended, NIFTY50 Equal Weight - TRI,10.4,4.034813852813854,8.868668958742633,7.160055147058823,5000.0,1.0,5000.0
IDFC Nifty100 Low Volatility 30 Index Fund-Reg(IDCW), Index Funds - Other, Open ended, Nifty100 Low Volatility 30 - TRI,10.32,4.034813852813854,8.868668958742633,7.160055147058823,1000.0,1.0,1000.0
Aditya Birla SL Nifty SDL Sep 2025 Index Fund-Reg(IDCW), Debt - Gilt Fund, Open ended, Nifty SDL Sep 2025 Index,10.28,4.034813852813854,8.868668958742633,7.160055147058823,1000.0,0.35,1000.0
ICICI Pru Nifty Auto Index Fund-Reg(IDCW), Index Funds - Other, Open ended, NIFTY AUTO - TRI,10.51,4.034813852813854,8.868668958742633,7.160055147058823,1000.0,0.99,1000.0
Edelweiss CRISIL IBX 50:50 Gilt Plus SDL April 2037 Index Fund-Reg(IDCW), Debt - Gilt Fund with 10 year constant duration, Open ended, CRISIL IBX 50:50 Gilt Plus SDL Index - April 2037,10.38,4.034813852813854,8.868668958742633,7.160055147058823,5000.0,0.4,1000.0
SBI Nifty Midcap 150 Index Fund-Reg(IDCW), Index Funds - Other, Open ended, Nifty Midcap 150 - TRI,10.1,4.034813852813854,8.868668958742633,7.160055147058823,5000.0,1.0,1000.0
SBI Nifty Smallcap 250 Index Fund-Reg(G), Index Funds - Other, Open ended, Nifty Smallcap 250 - TRI,10.0,4.034813852813854,8.868668958742633,7.160055147058823,5000.0,1.0,1000.0
SBI Nifty Smallcap 250 Index Fund-Reg(IDCW), Index Funds - Other, Open ended, Nifty Smallcap 250 - TRI,10.0,4.034813852813854,8.868668958742633,7.160055147058823,5000.0,1.0,1000.0
SBI CRISIL IBX Gilt Index - June 2036 Fund-Reg(G), Debt - Gilt Fund, Open ended, CRISIL IBX Gilt Index - June 2036,10.34,4.034813852813854,8.868668958742633,7.160055147058823,5000.0,0.54,1000.0
SBI CRISIL IBX Gilt Index - June 2036 Fund-Reg(IDCW), Debt - Gilt Fund, Open ended, CRISIL IBX Gilt Index - June 2036,10.34,4.034813852813854,8.868668958742633,7.160055147058823,5000.0,0.54,1000.0
Aditya Birla SL CRISIL IBX Gilt Apr 2029 Index Fund-Reg(G), Debt - Gilt Fund, Open ended, CRISIL IBX Gilt Index - April 2029,10.3,4.034813852813854,8.868668958742633,7.160055147058823,1000.0,0.35,1000.0
Tata CRISIL IBX Gilt Index - April 2026 Index Fund-Reg(G), Debt - Gilt Fund, Open ended, CRISIL IBX Gilt Index - April 2026,10.26,4.034813852813854,8.868668958742633,7.160055147058823,5000.0,0.36,1000.0
Tata CRISIL IBX Gilt Index - April 2026 Index Fund-Reg(IDCW), Debt - Gilt Fund, Open ended, CRISIL IBX Gilt Index - April 2026,10.26,4.034813852813854,8.868668958742633,7.160055147058823,5000.0,0.36,1000.0
Aditya Birla SL Multi-Index FoF-Reg(G), FoFs (Domestic) - Equity Oriented, Open ended, NIFTY 500 - TRI,10.09,4.034813852813854,8.868668958742633,7.160055147058823,1000.0,0.64,1000.0
Aditya Birla SL Multi-Index FoF-Reg(IDCW), FoFs (Domestic) - Equity Oriented, Open ended, NIFTY 500 - TRI,10.09,4.034813852813854,8.868668958742633,7.160055147058823,1000.0,0.64,1000.0
Aditya Birla SL CRISIL IBX 50:50 Gilt Plus SDL Apr 2028 Index Fund-Reg(IDCW), Debt - Gilt Fund, Open ended, CRISIL IBX 50:50 Gilt Plus SDL Index - April 2028,10.29,4.034813852813854,8.868668958742633,7.160055147058823,1000.0,0.33,1000.0
Aditya Birla SL CRISIL IBX Gilt - April 2026 Index Fund-Reg(IDCW), Debt - Gilt Fund, Open ended, CRISIL IBX Gilt Index - April 2026,10.28,4.034813852813854,8.868668958742633,7.160055147058823,1000.0,0.35,1000.0
Kotak Nifty SDL Plus AAA PSU Bond Jul 2028 60:40 Index Fund-Reg(IDCW), Debt - Corporate Bond Fund, Open ended, Nifty SDL Plus AAA PSU Bond Jul 2028 60:40 Index,10.25,4.034813852813854,8.868668958742633,7.160055147058823,5000.0,0.39,1000.0
SBI CRISIL IBX Gilt Index - Apr 2029 Fund-Reg(G), Debt - Gilt Fund, Open ended, CRISIL IBX Gilt Index - April 2029,10.28,4.034813852813854,8.868668958742633,7.160055147058823,5000.0,0.44,1000.0
SBI CRISIL IBX Gilt Index - Apr 2029 Fund-Reg(IDCW), Debt - Gilt Fund, Open ended, CRISIL IBX Gilt Index - April 2029,10.28,4.034813852813854,8.868668958742633,7.160055147058823,5000.0,0.44,1000.0
SBI CRISIL IBX SDL Index - Sep 2027 Fund-Reg(G), Debt - Gilt Fund, Open ended, CRISIL IBX SDL Index - September 2027,10.24,4.034813852813854,8.868668958742633,7.160055147058823,5000.0,0.43,1000.0
SBI CRISIL IBX SDL Index - Sep 2027 Fund-Reg(IDCW), Debt - Gilt Fund, Open ended, CRISIL IBX SDL Index - September 2027,10.24,4.034813852813854,8.868668958742633,7.160055147058823,5000.0,0.43,1000.0
ICICI Pru Transportation and Logistics Fund-Reg(G), Equity - Thematic Fund - Other, Open ended, Nifty Transportation & Logistics - TRI,10.02,4.034813852813854,8.868668958742633,7.160055147058823,5000.0,2.05,1000.0
ICICI Pru Transportation and Logistics Fund-Reg(IDCW), Equity - Thematic Fund - Other, Open ended, Nifty Transportation & Logistics - TRI,10.02,4.034813852813854,8.868668958742633,7.160055147058823,5000.0,2.05,1000.0
LIC MF Multi Cap Fund-Reg(IDCW), Equity - Multi Cap Fund, Open ended, Nifty500 Multicap 50:25:25 - TRI,9.86,4.034813852813854,8.868668958742633,7.160055147058823,5000.0,2.69,1000.0
IDFC Transportation and Logistics Fund-Reg(G), Equity - Thematic Fund - Other, Open ended, Nifty Transportation & Logistics - TRI,10.1,4.034813852813854,8.868668958742633,7.160055147058823,1000.0,2.47,1000.0
IDFC Transportation and Logistics Fund-Reg(IDCW), Equity - Thematic Fund - Other, Open ended, Nifty Transportation & Logistics - TRI,10.1,4.034813852813854,8.868668958742633,7.160055147058823,1000.0,2.47,1000.0
WOC Balanced Advantage Fund-Reg(G), Hybrid - Balanced Advantage, Open ended, CRISIL Hybrid 50+50 - Moderate Index,10.0,4.034813852813854,8.868668958742633,7.160055147058823,1000.0,1.3712016129032258,1000.0
ICICI Pru Nifty SDL Dec 2028 Index Fund-Reg(A-IDCW), Debt - Gilt Fund, Open ended, Nifty SDL Dec 2028 Index,10.31,4.034813852813854,8.868668958742633,7.160055147058823,1000.0,0.4,1000.0
ICICI Pru Nifty G-Sec Dec 2030 Index Fund-Reg(A-IDCW), Debt - Gilt Fund, Open ended, Nifty G-Sec Dec 2030 Index,10.31,4.034813852813854,8.868668958742633,7.160055147058823,1000.0,0.4,1000.0
Edelweiss CRISIL IBX 50:50 Gilt Plus SDL June 2027 Index Fund-Reg(G), Debt - Gilt Fund, Open ended, CRISIL IBX 50:50 Gilt Plus SDL Index - June 2027,10.25,4.034813852813854,8.868668958742633,7.160055147058823,5000.0,0.4,1000.0
Edelweiss CRISIL IBX 50:50 Gilt Plus SDL June 2027 Index Fund-Reg(IDCW), Debt - Gilt Fund, Open ended, CRISIL IBX 50:50 Gilt Plus SDL Index - June 2027,10.25,4.034813852813854,8.868668958742633,7.160055147058823,5000.0,0.4,1000.0
UTI Gold ETF FoF-Reg(G), FoFs (Domestic / Overseas ) - Gold, Open ended, Gold-India,11.06,4.034813852813854,8.868668958742633,7.160055147058823,5000.0,1.3712016129032258,1000.0
Tata Nifty Midcap 150 Momentum 50 Index Fund-Reg(G), Index Funds - Other, Open ended, Nifty Midcap150 Momentum 50 - TRI,9.52,4.034813852813854,8.868668958742633,7.160055147058823,5000.0,1.01,1000.0
Tata Nifty Midcap 150 Momentum 50 Index Fund-Reg(IDCW), Index Funds - Other, Open ended, Nifty Midcap150 Momentum 50 - TRI,9.52,4.034813852813854,8.868668958742633,7.160055147058823,5000.0,1.01,1000.0
IDFC CRISIL IBX Gilt April 2026 Index Fund-Reg(IDCW), Debt - Gilt Fund, Open ended, CRISIL IBX Gilt Index - April 2026,10.26,4.034813852813854,8.868668958742633,7.160055147058823,1000.0,0.4,1000.0
Axis NASDAQ 100 FoF-Reg(G), FoFs (Overseas), Open ended, Nasdaq-100 - TRI,11.24,4.034813852813854,8.868668958742633,7.160055147058823,1000.0,0.64,1000.0
Axis NASDAQ 100 FoF-Reg(IDCW), FoFs (Overseas), Open ended, Nasdaq-100 - TRI,11.24,4.034813852813854,8.868668958742633,7.160055147058823,1000.0,0.64,1000.0
Nippon India Nifty AAA PSU Bond Plus SDL - Sep 2026 Maturity 50:50 Index Fund-Reg(G), Debt - Corporate Bond Fund, Open ended, Nifty AAA PSU Bond Plus SDL Sep 2026 50:50 Index,10.22,4.034813852813854,8.868668958742633,7.160055147058823,1000.0,0.39,1000.0
Nippon India Nifty AAA PSU Bond Plus SDL - Sep 2026 Maturity 50:50 Index Fund-Reg(IDCW), Debt - Corporate Bond Fund, Open ended, Nifty AAA PSU Bond Plus SDL Sep 2026 50:50 Index,10.22,4.034813852813854,8.868668958742633,7.160055147058823,1000.0,0.39,1000.0
Mirae Asset Nifty AAA PSU Bond Plus SDL Apr 2026 50:50 Index Fund-Reg(G), Debt - Corporate Bond Fund, Open ended, Nifty AAA Bond Plus SDL Apr 2026 50:50 Index,10.21,4.034813852813854,8.868668958742633,7.160055147058823,5000.0,0.38,1000.0
Mirae Asset Nifty AAA PSU Bond Plus SDL Apr 2026 50:50 Index Fund-Reg(IDCW), Debt - Corporate Bond Fund, Open ended, Nifty AAA Bond Plus SDL Apr 2026 50:50 Index,10.21,4.034813852813854,8.868668958742633,7.160055147058823,5000.0,0.38,1000.0
Mirae Asset CRISIL IBX Gilt Index - April 2033 Index Fund-Reg(G), Debt - Gilt Fund, Open ended, CRISIL IBX Gilt Index - April 2033,10.32,4.034813852813854,8.868668958742633,7.160055147058823,5000.0,0.45,1000.0
Mirae Asset CRISIL IBX Gilt Index - April 2033 Index Fund-Reg(IDCW), Debt - Gilt Fund, Open ended, CRISIL IBX Gilt Index - April 2033,10.32,4.034813852813854,8.868668958742633,7.160055147058823,5000.0,0.45,1000.0
Aditya Birla SL CRISIL IBX Gilt Apr 2029 Index Fund-Reg(IDCW), Debt - Gilt Fund, Open ended, CRISIL IBX Gilt Index - April 2029,10.3,4.034813852813854,8.868668958742633,7.160055147058823,1000.0,0.35,1000.0
Edelweiss CRISIL IBX 50:50 Gilt Plus SDL Sep 2028 Index Fund-Reg(G), Debt - Gilt Fund, Open ended, CRISIL IBX 50:50 Gilt Plus SDL Index - Sep 2028,10.22,4.034813852813854,8.868668958742633,7.160055147058823,5000.0,0.41,1000.0
Edelweiss CRISIL IBX 50:50 Gilt Plus SDL Sep 2028 Index Fund-Reg(IDCW), Debt - Gilt Fund, Open ended, CRISIL IBX 50:50 Gilt Plus SDL Index - Sep 2028,10.22,4.034813852813854,8.868668958742633,7.160055147058823,5000.0,0.41,1000.0
WOC Large Cap Fund-Reg(G), Equity - Large Cap Fund, Open ended, S&P BSE 100 - TRI,9.4,4.034813852813854,8.868668958742633,7.160055147058823,1000.0,2.39,1000.0
WOC Large Cap Fund-Reg(IDCW), Equity - Large Cap Fund, Open ended, S&P BSE 100 - TRI,9.4,4.034813852813854,8.868668958742633,7.160055147058823,1000.0,2.39,1000.0
Canara Rob Mid Cap Fund-Reg(IDCW), Equity - Mid Cap Fund, Open ended, S&P BSE 150 MidCap - TRI,9.84,4.034813852813854,8.868668958742633,7.160055147058823,5000.0,2.36,1000.0
HDFC Business Cycle Fund-Reg(IDCW), Equity - Thematic Fund - Other, Open ended, NIFTY 500 - TRI,9.78,4.034813852813854,8.868668958742633,7.160055147058823,1000.0,2.2,1000.0
JM Midcap Fund-Reg(G), Equity - Mid Cap Fund, Open ended, Nifty Midcap 150 - TRI,9.97,4.034813852813854,8.868668958742633,7.160055147058823,5000.0,2.38,1000.0
JM Midcap Fund-Reg(IDCW), Equity - Mid Cap Fund, Open ended, Nifty Midcap 150 - TRI,9.97,4.034813852813854,8.868668958742633,7.160055147058823,5000.0,2.38,1000.0
Kotak All Weather Debt FoF Fund-Reg(G), FoFs (Domestic) - Debt Oriented, Open ended, NIFTY Composite Debt Index,10.14,4.034813852813854,8.868668958742633,7.160055147058823,5000.0,0.15,1000.0
Kotak All Weather Debt FoF Fund-Reg(IDCW), FoFs (Domestic) - Debt Oriented, Open ended, NIFTY Composite Debt Index,10.14,4.034813852813854,8.868668958742633,7.160055147058823,5000.0,0.15,1000.0
Nippon India Nifty SDL Plus G-Sec-Jun 2028 Maturity 70:30 Index Fund-Reg(IDCW), Debt - Gilt Fund, Open ended, Nifty SDL Plus G-Sec Jun 2028 70:30 Index,10.14,4.034813852813854,8.868668958742633,7.160055147058823,1000.0,0.38,1000.0
Axis Nifty SDL Sep 2026 Debt Index Fund-Reg(G), Debt - Gilt Fund, Open ended, Nifty SDL Sep 2026 Index,10.15,4.034813852813854,8.868668958742633,7.160055147058823,5000.0,0.3,1000.0
Axis Nifty SDL Sep 2026 Debt Index Fund-Reg(IDCW), Debt - Gilt Fund, Open ended, Nifty SDL Sep 2026 Index,10.15,4.034813852813854,8.868668958742633,7.160055147058823,5000.0,0.3,1000.0
IDFC CRISIL IBX 90:10 SDL Plus Gilt - Nov 2026 Index Fund-Reg(IDCW), Debt - Gilt Fund, Open ended, CRISIL IBX 90:10 SDL Plus Gilt Index - November 2026,10.15,4.034813852813854,8.868668958742633,7.160055147058823,1000.0,0.4,1000.0
IDFC CRISIL IBX 90:10 SDL Plus Gilt - April 2032 Index Fund-Reg(IDCW), Debt - Gilt Fund, Open ended, CRISIL IBX 90:10 SDL Plus Gilt Index - April 2032,10.13,4.034813852813854,8.868668958742633,7.160055147058823,1000.0,0.3,1000.0
Edelweiss Nifty Smallcap 250 Index Fund-Reg(G), Index Funds - Other, Open ended, Nifty Smallcap 250 - TRI,9.5,4.034813852813854,8.868668958742633,7.160055147058823,1000.0,1.04,1000.0
Edelweiss Nifty Smallcap 250 Index Fund-Reg(IDCW), Index Funds - Other, Open ended, Nifty Smallcap 250 - TRI,9.5,4.034813852813854,8.868668958742633,7.160055147058823,1000.0,1.04,1000.0
Edelweiss Nifty Next 50 Index Fund-Reg(G), Index Funds - Nifty Next 50, Open ended, NIFTY NEXT 50 - TRI,8.88,4.034813852813854,8.868668958742633,7.160055147058823,1000.0,1.02,1000.0
Edelweiss Nifty Next 50 Index Fund-Reg(IDCW), Index Funds - Nifty Next 50, Open ended, NIFTY NEXT 50 - TRI,8.88,4.034813852813854,8.868668958742633,7.160055147058823,1000.0,1.02,1000.0
Edelweiss Nifty Midcap150 Momentum 50 Index Fund-Reg(G), Index Funds - Other, Open ended, Nifty Midcap150 Momentum 50 - TRI,9.45,4.034813852813854,8.868668958742633,7.160055147058823,1000.0,1.02,1000.0
Edelweiss Nifty Midcap150 Momentum 50 Index Fund-Reg(IDCW), Index Funds - Other, Open ended, Nifty Midcap150 Momentum 50 - TRI,9.45,4.034813852813854,8.868668958742633,7.160055147058823,1000.0,1.02,1000.0
Mahindra Manulife Small Cap Fund-Reg(IDCW), Equity - Small cap Fund, Open ended, S&P BSE 250 Small Cap - TRI,9.93,4.034813852813854,8.868668958742633,7.160055147058823,1000.0,2.37,1000.0
Baroda BNP Paribas Multi Asset Fund-Reg(IDCW), Hybrid - Multi Asset Allocation, Open ended, NIFTY 500 - TRI,10.02,4.034813852813854,8.868668958742633,7.160055147058823,5000.0,2.37,1000.0
Nippon India Nifty G-Sec Sep 2027 Maturity Index Fund-Reg(G), Debt - Gilt Fund, Open ended, Nifty G-Sec Sep 2027 Index,10.06,4.034813852813854,8.868668958742633,7.160055147058823,1000.0,0.39,1000.0
Nippon India Nifty G-Sec Sep 2027 Maturity Index Fund-Reg(IDCW), Debt - Gilt Fund, Open ended, Nifty G-Sec Sep 2027 Index,10.06,4.034813852813854,8.868668958742633,7.160055147058823,1000.0,0.39,1000.0
Nippon India Nifty G-Sec Jun 2036 Maturity Index Fund-Reg(G), Debt - Gilt Fund, Open ended, Nifty G-Sec Jun 2036 Index,10.1,4.034813852813854,8.868668958742633,7.160055147058823,1000.0,0.39,1000.0
Nippon India Nifty G-Sec Jun 2036 Maturity Index Fund-Reg(IDCW), Debt - Gilt Fund, Open ended, Nifty G-Sec Jun 2036 Index,10.1,4.034813852813854,8.868668958742633,7.160055147058823,1000.0,0.39,1000.0
IDFC CRISIL IBX 90:10 SDL Plus Gilt - Sep 2027 Index Fund-Reg(IDCW), Debt - Gilt Fund, Open ended, CRISIL IBX 90:10 SDL Plus Gilt Index - September 2027,10.12,4.034813852813854,8.868668958742633,7.160055147058823,1000.0,0.4,1000.0
Union Multicap Fund-Reg(IDCW), Equity - Multi Cap Fund, Open ended, Nifty500 Multicap 50:25:25 - TRI,9.65,4.034813852813854,8.868668958742633,7.160055147058823,1000.0,2.54,1000.0
Aditya Birla SL CRISIL IBX 60:40 SDL + AAA PSU Apr 2026 Index Fund-Reg(G), Debt - Corporate Bond Fund, Open ended, CRISIL IBX 60:40 SDL + AAA PSU Index - April 2026,10.1,4.034813852813854,8.868668958742633,7.160055147058823,1000.0,1.3712016129032258,1000.0
Aditya Birla SL CRISIL IBX 60:40 SDL + AAA PSU Apr 2026 Index Fund-Reg(IDCW), Debt - Corporate Bond Fund, Open ended, CRISIL IBX 60:40 SDL + AAA PSU Index - April 2026,10.1,4.034813852813854,8.868668958742633,7.160055147058823,1000.0,1.3712016129032258,1000.0
ICICI Pru Nifty Pharma Index Fund-Reg(G), Equity - Sectoral Fund - Pharma & Health Care, Open ended, NIFTY PHARMA - TRI,9.55,4.034813852813854,8.868668958742633,7.160055147058823,1000.0,1.02,1000.0
ICICI Pru Nifty Pharma Index Fund-Reg(IDCW), Equity - Sectoral Fund - Pharma & Health Care, Open ended, NIFTY PHARMA - TRI,9.55,4.034813852813854,8.868668958742633,7.160055147058823,1000.0,1.02,1000.0
HSBC Multi Cap Fund-Reg(G), Equity - Multi Cap Fund, Open ended, Nifty500 Multicap 50:25:25 - TRI,10.08,4.034813852813854,8.868668958742633,7.160055147058823,5000.0,1.3712016129032258,1000.0
BHARAT Bond ETF FOF - April 2033 -Reg(G), FoFs (Domestic) - Debt Oriented, Open ended, NIFTY BHARAT Bond Index - April 2033,10.07,4.034813852813854,8.868668958742633,7.160055147058823,1000.0,0.06,1000.0
BHARAT Bond ETF FOF - April 2033 -Reg(IDCW), FoFs (Domestic) - Debt Oriented, Open ended, NIFTY BHARAT Bond Index - April 2033,10.07,4.034813852813854,8.868668958742633,7.160055147058823,1000.0,0.06,1000.0
IIFL ELSS Nifty 50 Tax Saver Index Fund-Reg(G), Equity - ELSS, Open ended, NIFTY 50 - TRI,9.95,4.034813852813854,8.868668958742633,7.160055147058823,1000.0,0.52,1000.0
IIFL ELSS Nifty 50 Tax Saver Index Fund-Reg(IDCW), Equity - ELSS, Open ended, NIFTY 50 - TRI,9.95,4.034813852813854,8.868668958742633,7.160055147058823,1000.0,0.52,1000.0
Axis Long Duration Fund-Reg(DD-IDCW), Debt - Long Duration Fund, Open ended, NIFTY Long Duration Debt Index,1014.78,4.034813852813854,8.868668958742633,7.160055147058823,5000.0,0.75,1000.0
Axis Long Duration Fund-Reg(M-IDCW), Debt - Long Duration Fund, Open ended, NIFTY Long Duration Debt Index,1014.78,4.034813852813854,8.868668958742633,7.160055147058823,5000.0,0.75,1000.0
Axis Long Duration Fund-Reg(Q-IDCW), Debt - Long Duration Fund, Open ended, NIFTY Long Duration Debt Index,1014.78,4.034813852813854,8.868668958742633,7.160055147058823,5000.0,0.75,1000.0
Axis Long Duration Fund-Reg(A-IDCW), Debt - Long Duration Fund, Open ended, NIFTY Long Duration Debt Index,1014.78,4.034813852813854,8.868668958742633,7.160055147058823,5000.0,0.75,1000.0
Quant Overnight Fund-Reg(G), Debt - Overnight Fund, Open ended, CRISIL Overnight Index,10.12,4.034813852813854,8.868668958742633,7.160055147058823,5000.0,0.23,1000.0
Quant Overnight Fund-Reg(IDCW), Debt - Overnight Fund, Open ended, CRISIL Overnight Index,10.11,4.034813852813854,8.868668958742633,7.160055147058823,5000.0,0.23,1000.0
ICICI Pru Nifty SDL Sep 2026 Index Fund-Reg(G), Debt - Gilt Fund, Open ended, Nifty SDL Sep 2026 Index,10.08,4.034813852813854,8.868668958742633,7.160055147058823,1000.0,0.39,1000.0
ICICI Pru Nifty SDL Sep 2026 Index Fund-Reg(IDCW), Debt - Gilt Fund, Open ended, Nifty SDL Sep 2026 Index,10.08,4.034813852813854,8.868668958742633,7.160055147058823,1000.0,0.39,1000.0
UTI CRISIL SDL Maturity April 2033 Index Fund-Reg(G), Debt - Gilt Fund, Open ended, CRISIL IBX SDL Index - April 2033,10.07,4.034813852813854,8.868668958742633,7.160055147058823,5000.0,1.3712016129032258,1000.0
SBI Long Duration Fund-Reg(IDCW), Debt - Long Duration Fund, Open ended, Crisil Long Term Debt Index,10.13,4.034813852813854,8.868668958742633,7.160055147058823,5000.0,1.3712016129032258,1000.0
Kotak Nifty SDL Jul 2026 Index Fund-Reg(IDCW), Debt - Gilt Fund, Open ended, Nifty SDL Jul 2026 Index,10.08,4.034813852813854,8.868668958742633,7.160055147058823,5000.0,0.4,1000.0
Quant Gilt Fund-Reg(G), Debt - Gilt Fund, Open ended, CRISIL Dynamic Gilt Index,10.07,4.034813852813854,8.868668958742633,7.160055147058823,5000.0,1.71,1000.0
Quant Gilt Fund-Reg(IDCW), Debt - Gilt Fund, Open ended, CRISIL Dynamic Gilt Index,10.07,4.034813852813854,8.868668958742633,7.160055147058823,5000.0,1.71,1000.0
Baroda BNP Paribas NIFTY SDL December 2026 Index Fund-Reg(G), Debt - Gilt Fund, Open ended, NIFTY SDL December 2026 Index,10.02,4.034813852813854,8.868668958742633,7.160055147058823,5000.0,0.45,1000.0
Tata Nifty G-Sec Dec 2029 Index Fund-Reg(G), Debt - Gilt Fund, Open ended, Nifty G-Sec Dec 2029 Index,10.03,4.034813852813854,8.868668958742633,7.160055147058823,5000.0,0.42,1000.0
Tata Nifty G-Sec Dec 2029 Index Fund-Reg(IDCW), Debt - Gilt Fund, Open ended, Nifty G-Sec Dec 2029 Index,10.03,4.034813852813854,8.868668958742633,7.160055147058823,5000.0,0.42,1000.0
Axis CRISIL IBX 50:50 Gilt Plus SDL June 2028 Index Fund-Reg(G), Debt - Gilt Fund, Open ended, CRISIL IBX 50:50 Gilt Plus SDL Index - June 2028,10.0,4.034813852813854,8.868668958742633,7.160055147058823,5000.0,1.3712016129032258,1000.0
Axis CRISIL IBX 50:50 Gilt Plus SDL June 2028 Index Fund-Reg(IDCW), Debt - Gilt Fund, Open ended, CRISIL IBX 50:50 Gilt Plus SDL Index - June 2028,10.0,4.034813852813854,8.868668958742633,7.160055147058823,5000.0,1.3712016129032258,1000.0
HSBC Multi Cap Fund-Reg(IDCW), Equity - Multi Cap Fund, Open ended, Nifty500 Multicap 50:25:25 - TRI,10.08,4.034813852813854,8.868668958742633,7.160055147058823,5000.0,1.3712016129032258,1000.0
Aditya Birla SL Multi Asset Allocation Fund-Reg(G), Hybrid - Multi Asset Allocation, Open ended, NIFTY 500 - TRI,10.07,4.034813852813854,8.868668958742633,7.160055147058823,1000.0,1.3712016129032258,1000.0
Aditya Birla SL Multi Asset Allocation Fund-Reg(IDCW), Hybrid - Multi Asset Allocation, Open ended, NIFTY 500 - TRI,10.07,4.034813852813854,8.868668958742633,7.160055147058823,1000.0,1.3712016129032258,1000.0
Baroda BNP Paribas NIFTY SDL December 2026 Index Fund-Reg(IDCW), Debt - Gilt Fund, Open ended, NIFTY SDL December 2026 Index,10.02,4.034813852813854,8.868668958742633,7.160055147058823,5000.0,0.45,1000.0
HDFC Long Duration Debt Fund-Reg(IDCW), Debt - Long Duration Fund, Open ended, NIFTY Long Duration Debt Index,10.03,4.034813852813854,8.868668958742633,7.160055147058823,1000.0,0.6,1000.0
Tata Nifty G-Sec Dec 2026 Index Fund-Reg(G), Debt - Gilt Fund, Open ended, Nifty G-sec Dec 2026 Index,10.01,4.034813852813854,8.868668958742633,7.160055147058823,5000.0,0.45,1000.0
Tata Nifty G-Sec Dec 2026 Index Fund-Reg(IDCW), Debt - Gilt Fund, Open ended, Nifty G-sec Dec 2026 Index,10.01,4.034813852813854,8.868668958742633,7.160055147058823,5000.0,0.45,1000.0
TRUSTMF Corporate Bond Fund-Reg(G), Debt - Corporate Bond Fund, Open ended, CRISIL Corporate Bond Index,1002.67,4.034813852813854,8.868668958742633,7.160055147058823,1000.0,0.65,1000.0
TRUSTMF Corporate Bond Fund-Reg(M-IDCW), Debt - Corporate Bond Fund, Open ended, CRISIL Corporate Bond Index,1002.64,4.034813852813854,8.868668958742633,7.160055147058823,1000.0,0.65,1000.0
DSP CRISIL SDL Plus G-Sec Apr 2033 50:50 Index Fund-Reg(G), Debt - Gilt Fund, Open ended, CRISIL SDL Plus G-Sec Apr 2033 50:50 Index,10.06,4.034813852813854,8.868668958742633,7.160055147058823,1000.0,0.35,1000.0
DSP CRISIL SDL Plus G-Sec Apr 2033 50:50 Index Fund-Reg(IDCW), Debt - Gilt Fund, Open ended, CRISIL SDL Plus G-Sec Apr 2033 50:50 Index,10.06,4.034813852813854,8.868668958742633,7.160055147058823,1000.0,0.35,1000.0
Tata Multicap Fund-Reg(G), Equity - Multi Cap Fund, Open ended, Nifty500 Multicap 50:25:25 - TRI,10.05,4.034813852813854,8.868668958742633,7.160055147058823,5000.0,1.3712016129032258,1000.0
Tata Multicap Fund-Reg(IDCW), Equity - Multi Cap Fund, Open ended, Nifty500 Multicap 50:25:25 - TRI,10.05,4.034813852813854,8.868668958742633,7.160055147058823,5000.0,1.3712016129032258,1000.0
DSP Nifty SDL Plus G-Sec Sep 2027 50:50 Index Fund-Reg(G), Debt - Gilt Fund, Open ended, Nifty SDL Plus G-Sec Sep 2027 50:50 Index,10.02,4.034813852813854,8.868668958742633,7.160055147058823,1000.0,1.3712016129032258,1000.0
DSP Nifty SDL Plus G-Sec Sep 2027 50:50 Index Fund-Reg(IDCW), Debt - Gilt Fund, Open ended, Nifty SDL Plus G-Sec Sep 2027 50:50 Index,10.02,4.034813852813854,8.868668958742633,7.160055147058823,1000.0,1.3712016129032258,1000.0
Aditya Birla SL CRISIL IBX AAA Mar 2024 Index Fund-Reg(G), Debt - Gilt Fund, Open ended, CRISIL IBX AAA Index - March 2024,10.02,4.034813852813854,8.868668958742633,7.160055147058823,1000.0,1.3712016129032258,1000.0
Aditya Birla SL CRISIL IBX AAA Mar 2024 Index Fund-Reg(IDCW), Debt - Gilt Fund, Open ended, CRISIL IBX AAA Index - March 2024,10.02,4.034813852813854,8.868668958742633,7.160055147058823,1000.0,1.3712016129032258,1000.0
UTI Nifty SDL Plus AAA PSU Bond Apr 2026 75:25 Index Fund-Reg(G), Debt - Gilt Fund, Open ended, Nifty SDL Plus AAA PSU Bond Apr 2026 75:25 Index,10.01,4.034813852813854,8.868668958742633,7.160055147058823,5000.0,1.3712016129032258,1000.0
